Date,Donchian+Aroon,SMA+Momentum,Seykota,EMA9/RSI14 MeanRev,HMM Regime,Buy & hold SOXL,Buy & hold SMH,Buy & hold SPY
2012-01-03,1.0,1.0,1.0,1.0,1.0,1.036593979405928,1.0138022033568521,1.015936231287561
2012-01-04,1.0,1.0,1.0,1.0,1.0,1.0358243869886425,1.0144594370760718,1.0175300578602315
2012-01-05,1.0,1.0,1.0,1.0,1.0,1.080507602478531,1.0269472468077956,1.0202390700735176
2012-01-06,1.0,1.0,1.0,1.0,1.0,1.0901387484218508,1.025632631742735,1.0176095574821
2012-01-09,1.0,1.0,1.0,1.0,1.0,1.1506146936818555,1.0423922392094533,1.0200796795914844
2012-01-10,1.0,1.0,1.0,1.0,1.0,1.186055684821816,1.0499507222337203,1.0289245602579353
2012-01-11,1.0,1.0,1.0,1.0,1.0,1.2006925499109102,1.0486361809819706,1.0294821530782432
2012-01-12,0.9995,1.0,1.0,1.0,1.0,1.241139411586911,1.0578376006776649,1.0319521969399685
2012-01-13,0.9343554827523222,1.0,1.0,1.0,1.0,1.1602455368446434,1.0381202938478373,1.0266135938876058
2012-01-17,0.9464537415329014,1.0,1.0,1.0,1.0,1.175268674197474,1.039434761286276,1.0305976517094961
2012-01-18,1.0857380934592664,1.0,1.0,1.0,1.0,1.3482264516793678,1.080841297543522,1.0419923106025186
2012-01-19,1.1524343556924002,1.0,1.0,1.0,1.0,1.4310472217274697,1.0985871246556236,1.0474900693939364
2012-01-20,1.169185959733615,1.0,1.0,1.0,1.0,1.4518486984486805,1.1064739292862573,1.0513946275939585
2012-01-23,1.1601885697330936,1.0,1.0,1.0,1.0,1.4406760968167995,1.1064739292862573,1.048685693628332
2012-01-24,1.1682553760225856,1.0,1.0,1.0,1.0,1.450693136548191,1.1107459484611841,1.0474900693939364
2012-01-25,1.1834543816673688,1.0,1.0,1.0,1.0,1.4695666582317053,1.1140324861238353,1.0562551374478821
2012-01-26,1.1468507315103693,1.0,1.0,1.0,1.0,1.424113698934265,1.1084457042572264,1.0508366435353544
2012-01-27,1.1626715080088472,1.0,1.0,1.0,1.0,1.4437593109744542,1.1094313333961232,1.050358628584574
2012-01-30,1.1220326869272237,1.0,1.0,1.0,1.0,1.3932956366524611,1.1018732194384102,1.046772929596277
2012-01-31,1.126685727398225,1.0,0.9999493418543401,1.0,1.0,1.3990735975451762,1.101544676392111,1.0463746490103432
2012-02-01,1.2008275127305708,1.0,1.0066164811807996,1.0,1.0,1.491139922529059,1.1196187512972684,1.0555379976502226
2012-02-02,1.2240932027489921,1.0,1.0087086293019127,1.0,1.0,1.5200303325536983,1.119947441970189,1.0572110891017834
2012-02-03,1.2758981749519946,1.0,1.0133671490007916,1.0,1.0,1.5843596899497072,1.1376931952689795,1.072031821758092
2012-02-06,1.2352603291972004,1.0,1.0097128240022784,1.0,1.0,1.5338972267498423,1.1258627668830967,1.071314760208092
2012-02-07,1.236500091513126,1.0,1.0098243086132157,1.0,1.0,1.5354367143649452,1.1291487878525723,1.0740236941737182
2012-02-08,1.283343210387792,1.0,1.0140366377151298,1.0,1.0,1.5936046393244239,1.1393362057537175,1.0772112690713997
2012-02-09,1.2945107025835612,1.0,1.0150408653050453,1.0,1.0,1.6074719876913657,1.143279755695656,1.0785657360542131
2012-02-10,1.2144761144642884,1.0,1.0078438205139726,1.0,1.0,1.508088214199665,1.1229049198933658,1.0705976986580918
2012-02-13,1.2271942544028303,1.0,1.0089874888322303,1.0,1.0,1.523881095360047,1.1268484698353043,1.0785657360542134
2012-02-14,1.2448764421550746,1.0,1.010577545084752,1.0,1.0,1.5458381339817477,1.1304635505442544,1.0772112690714
2012-02-15,1.2616278023645822,1.0,1.0120838974328088,1.0,1.0,1.5666393079224268,1.1334208808408097,1.0721913687354434
2012-02-16,1.3550015697809694,1.0,1.0204804569978492,1.0,1.0,1.6825871445895881,1.1564244300800457,1.0840641208269057
2012-02-17,1.3233602606157209,1.0,1.0176351381842994,1.0,1.0,1.6432962232897421,1.1544527289223872,1.086932367026906
2012-02-21,1.270314063106549,1.0,1.012865002316284,1.0,1.0,1.5774255615954382,1.1409792900517661,1.0874106949683235
2012-02-22,1.251081593359093,1.0,1.0111355382249698,1.0,1.0,1.5535434443510954,1.134406731419639,1.083904026115939
2012-02-23,1.2585269945424513,1.0,1.011805059828858,1.0,1.0,1.5627888478966099,1.1317777227294503,1.0886852710909718
2012-02-24,1.2492205478528875,1.0,1.010968185231956,1.0,1.0,1.5512324719403816,1.1304635505442546,1.091076050073807
2012-02-27,1.2504601882529593,1.0,1.01107965887971,1.0,1.0,1.5527718081652186,1.135063891325548,1.0929084537597413
2012-02-28,1.3137431723310173,1.0,1.0167703293963595,1.0,1.0,1.6313541049357085,1.1514953248125213,1.0960957939144447
2012-02-29,1.252942882697006,1.0,1.0113029131443503,1.0,1.0,1.5558547195423411,1.1337496453270415,1.0917929551284886
2012-03-01,1.2541824011812241,1.0,1.011414375828921,1.0,1.0,1.557393904376912,1.1337496453270415,1.0974502608972583
2012-03-02,1.2157175836021656,1.0,1.007955458609476,1.0,1.0,1.5096298212784922,1.1248767686776462,1.0941043127371148
2012-03-05,1.1248243161444589,1.0,0.9997313815190579,1.0,1.0,1.3967621709636648,1.1008872212329597,1.089641379240192
2012-03-06,1.090702141272969,1.0,0.9996663846054982,1.0,1.0,1.3543906091406868,1.096943745104332,1.0737050697049713
2012-03-07,1.1431282747503975,1.0,1.005914720859667,1.0,1.0,1.41949129994204,1.1120604158996232,1.0811953268932903
2012-03-08,1.1918297569824883,1.0,1.0117191397034397,1.0,1.0,1.4799668667263797,1.1222477599874578,1.0919521108675436
2012-03-09,1.2302970128786201,0.9995,1.0163038064272916,1.0,1.0,1.5277339776301198,1.1311204151969207,1.096175763022269
2012-03-12,1.1967941705437515,0.9722821082525828,1.0123108164718375,1.0,1.0,1.486131478358496,1.1209332925490187,1.0962551843964776
2012-03-13,1.2743475272092217,1.0352868779754407,1.0215539060903762,1.0,1.0,1.5824341571562663,1.1468946149646744,1.1160156135379404
2012-03-14,1.2628690276707515,1.0259616823774629,1.0201858569886708,1.0,1.0,1.5681806122207211,1.140650673192157,1.114820458789501
2012-03-15,1.3342169893004965,1.0839251553457303,1.0286893651770843,1.0,1.0,1.656777677868612,1.159710893929387,1.1212748734637539
2012-03-16,1.3370089842652924,1.0861933872751763,1.0290221252378182,1.0,1.0,1.6602446663506134,1.1593822032564662,1.1228276200152818
2012-03-19,1.369272186200089,1.112404188403904,1.0328673703656426,1.0,1.0,1.7003078293973999,1.17121270545566,1.1272294420902769
2012-03-20,1.3425927303631768,1.0907296530438604,1.0296876162985409,1.0,1.0,1.6671783405340843,1.1639827654776917,1.1239480482490716
2012-03-21,1.355621389981005,1.1013142071407205,1.0312404190866455,1.0,1.0,1.6833568127020055,1.1695694735309896,1.122107428558909
2012-03-22,1.3323554561308761,1.0824128356509255,1.0284675009193076,1.0,1.0,1.654466099896834,1.1629967672722408,1.1140242106082698
2012-03-23,1.3425927303631768,1.0907296530438602,1.0296876162985409,1.0,1.0,1.6671783405340839,1.1643116037772336,1.1176254808807713
2012-03-26,1.399361628464028,1.1368490153261765,1.0364535389517053,1.0,1.0,1.737671704001145,1.1823859001223234,1.1333120238874457
2012-03-27,1.395949447551635,1.1340769409520732,1.0360468628860393,1.0,1.0,1.7334345932359267,1.1817283711498607,1.1297904879797904
2012-03-28,1.3456953669231126,1.0932502518986036,1.0300573997484173,1.0,1.0,1.6710310714138903,1.167597772373331,1.1241884250585
2012-03-29,1.3500378877148278,1.0967781394622447,1.0305749570866678,1.0,1.0,1.6764234412990662,1.1698981642039104,1.122267288526898
2012-03-30,1.3655492417767023,1.1093796480593994,1.0324236563804616,1.0,1.0,1.6956848248441099,1.176470796649348,1.1269090179253654
2012-04-02,1.3643081383863864,1.1083713688994603,1.0322757371883622,1.0,1.0,1.6941436719360807,1.1800855821050553,1.135152252339312
2012-04-03,1.3013360397351759,1.0572124926744275,1.0247704946517777,1.0,1.0,1.6159474203439284,1.1636542962447036,1.1305106011885042
2012-04-04,1.2126148251263753,0.9851348942788888,1.0141241174097586,1.0,0.9995,1.505776939008418,1.1429510650227361,1.1193062406029457
2012-04-05,1.2240932027489917,0.9939674233846231,1.0140370646885766,1.0,1.0089610738678785,1.520030332553697,1.148537773076034,1.1187459091145617
2012-04-09,1.1732177170143359,0.9939674233846231,1.0068009335431518,1.0,0.967026861174669,1.456855174545784,1.1314491796831518,1.1061812912194002
2012-04-10,1.1117956565266298,0.9939674233846231,0.998064740099627,1.0,0.9163996148427068,1.380583698795742,1.1133752524046163,1.0876142953778722
2012-04-11,1.163601847888169,0.9939674233846231,1.0054332475334873,1.0,0.9591009633607425,1.4449145700944108,1.1304635505442548,1.0964174700419058
2012-04-12,1.22750489599797,0.9934704396729308,1.0145223172502194,1.0,1.0117731683035525,1.524266837757851,1.1508381649066124,1.1107433645006803
2012-04-13,1.1617411681295244,0.9402451369853367,1.0051685989987604,1.0,0.9575672946472898,1.4426040518544951,1.135063891325548,1.0975376635327176
2012-04-16,1.1636018478881687,0.9417510620076627,1.0054332475334873,1.0,0.9591009633607424,1.4449145700944106,1.1393362057537177,1.096817785066982
2012-04-17,1.217578994855931,0.985436997685138,1.0131105347116718,1.0,1.003591726030295,1.5119412478600023,1.1531384829238807,1.1130635640948094
2012-04-18,1.187177204174901,0.9608315721155952,1.008786421806469,1.0,0.9785329941427618,1.4741895113947274,1.1455801475262353,1.1093025121019784
2012-04-19,1.148401257337288,0.9294485959017379,1.0032712344317793,1.0,0.9465718486403925,1.4260390803374383,1.1383504289881994,1.1021797059218217
2012-04-20,1.0686775546448626,0.8644601843872035,0.9919319585555737,1.0,0.8808594400585704,1.3270413520240751,1.1186329007184395,1.1040205603549624
2012-04-23,1.0295910881279633,0.8644601843872035,0.9863726052905715,1.0,0.8486423481394035,1.2785053299592468,1.1028591438305504,1.0947367103197312
2012-04-24,1.0042583089586805,0.8644601843872035,0.9827712338911813,1.0,0.8281860794880442,1.2476873433725757,1.0900426434259058,1.0988990163095504
2012-04-25,1.0042583089586805,0.8644601843872035,0.9827171093277955,1.0,0.8834154875880804,1.3308921148304238,1.1130462664784524,1.1139441632527862
2012-04-26,1.0042583089586805,0.8644601843872035,0.9900174048627315,1.0,0.9429928193586257,1.4206471646230607,1.1383504289881996,1.1217071135338321
2012-04-27,1.0042583089586805,0.8644601843872035,0.9901113564322634,1.0,0.9437595532259853,1.4218022723527524,1.144265532461175,1.1235482027099508
2012-04-30,1.0042583089586805,0.8644601843872035,0.9882315000409478,1.0,0.9284181430912279,1.398689974611094,1.1367071232502186,1.119386209710769
2012-05-01,1.0042583089586805,0.8644601843872035,0.9895786276374755,1.0,0.9394119812682592,1.4152525238838944,1.141636597584297,1.1263491559229366
2012-05-02,1.0042583089586805,0.8644601843872035,0.991176518499209,1.0,0.9524522853966377,1.4348981359240833,1.1478806131701251,1.122987949469226
2012-05-03,1.0042583089586805,0.8644601843872035,0.9828110732107705,1.0,0.8841823219448064,1.3320473739503813,1.121918995501226,1.114424290890368
2012-05-04,1.0042583089586805,0.8644601843872035,0.9758243764402961,1.0,0.827164253363503,1.2461479314526054,1.0962868066383555,1.0964174700419054
2012-05-07,1.0042583089586805,0.8644601843872035,0.97519762835204,1.0,0.8220493948469009,1.2384422426075927,1.0943147364141432,1.0972177088537618
2012-05-08,1.0042583089586805,0.8644601843872035,0.9734431351231629,1.0,0.8077310669537673,1.2168712491642295,1.0824843080282602,1.0928162780170634
2012-05-09,1.0042583089586805,0.8644601843872035,0.9725972139075303,1.0,0.8008275479558983,1.2064708892792892,1.078212436479955,1.0863337724331148
2012-05-10,1.0042583089586805,0.8644601843872035,0.9712954398581518,1.0,0.7905991372844604,1.1910614796627221,1.080183916197681,1.088574707148354
2012-05-11,1.0042583089586805,0.8644601843872035,0.9712341307777961,1.0,0.8074747688241867,1.2164851282907592,1.0860992411105888,1.0852934698024677
2012-05-14,1.0042583089586805,0.8644601843872035,0.9676231749748737,1.0,0.7836956182865912,1.1806611197777817,1.0706540272689984,1.0732887139097342
2012-05-15,1.0042583089586805,0.8644601843872035,0.9638570280408743,1.0,0.7588944908904048,1.1432974722594351,1.061781150619603,1.0671262412524007
2012-05-16,1.0042583089586805,0.8644601843872035,0.9585374514561297,1.0,0.7238635962163312,1.0905223713559304,1.0522510402509884,1.0630447650946582
2012-05-17,1.0042583089586805,0.8644601843872035,0.9505269355836276,0.9995,0.6714478401371518,1.0115564516513595,1.0325338072344714,1.0472790354567532
2012-05-18,1.0042583089586805,0.8644601843872035,0.9504524568976618,0.944309687987333,0.6343718863628638,0.955700407444191,1.0144594370760711,1.0383158443294118
2012-05-21,1.0042583089586805,0.8644601843872035,0.961739739741784,1.0158649954054162,0.6824415778248166,1.0281188495338942,1.035819828203947,1.0561623357239296
2012-05-22,1.0042583089586805,0.8644601843872035,0.9586179314264613,0.9960744083537623,0.6691465833967233,1.008089538864491,1.0302333415905816,1.058003111909411
2012-05-23,1.0042583089586805,0.8644601843872035,0.9604788998753786,1.007871948230861,0.6770719787638166,1.0200293863645344,1.025961396228966,1.0585633651501358
2012-05-24,1.0042583089586805,0.8644601843872035,0.9542349293049006,0.9682885303392214,0.6504804825671306,0.9799684941717383,1.019388763783528,1.0606438921637709
2012-05-25,1.0042583089586805,0.8644601843872035,0.9597584435477071,1.0033046422884324,0.6740037369326118,1.0154069873723093,1.026289791648643,1.057202403611599
2012-05-29,1.0042583089586805,0.8644601843872035,0.9690647487436019,1.0617999636778863,0.7136369441088093,1.0751156110690188,1.0446927048533423,1.070007711306826
2012-05-30,1.0042583089586805,0.8644601843872035,0.9599987097042103,1.0617999636778863,0.6750269699082855,1.0169485187560035,1.0292475648250627,1.054481810744734
2012-05-31,1.0042583089586805,0.8644601843872035,0.9547151076780741,1.0617999636778863,0.6525254411779785,0.9830492860851364,1.0210317742682655,1.052160750426352
2012-06-01,1.0042583089586805,0.8644601843872035,0.9367635035200389,1.0612690636960473,0.5760740856975729,0.8678730099087186,0.9829115542337387,1.0256706313451516
2012-06-04,1.0042583089586805,0.8644601843872035,0.9348354775832063,1.0466657742522778,0.5681471829899802,0.8559308915546853,0.98225439432783,1.0251902689645918
2012-06-05,1.0042583089586805,0.8644601843872035,0.9348354775832063,1.1173226988159837,0.6065009093056066,0.9137119386893631,1.001314541251749,1.0329532974932971
2012-06-06,1.0042583089586805,0.8644601843872035,0.9348354775832063,1.2298152648692569,0.6678669518021023,1.0061617352170609,1.0315478828423312,1.0561623357239296
2012-06-07,1.0042583089586805,0.8644601843872035,0.9348354775832063,1.2298152648692569,0.6407647183995374,0.9653314019972451,1.0230036230525457,1.056802245081841
2012-06-08,1.0042583089586805,0.8644601843872035,0.9348354775832063,1.2298152648692569,0.668890184777776,1.007703266600755,1.0338481270462887,1.0652057307020733
2012-06-11,1.0042583089586805,0.8644601843872035,0.9348354775832063,1.2298152648692569,0.630792706347047,0.9503082646444145,1.0167597550933392,1.0516807010364295
2012-06-12,1.0042583089586805,0.8644601843872035,0.9348354775832063,1.2298152648692569,0.673748996388214,1.0150232130479624,1.0400918473788738,1.0637652695416684
2012-06-13,1.0042583089586805,0.8644601843872035,0.9348354775832063,1.2298152648692569,0.6507368811860781,0.9803547664354749,1.032205116561551,1.0569624962881266
2012-06-14,1.0042583089586805,0.8644601843872035,0.9348354775832063,1.2298152648692569,0.6486902142559976,0.9772714008875546,1.028918726525521,1.0681666221307073
2012-06-15,1.0042583089586805,0.8644601843872035,0.9348354775832063,1.2298152648692569,0.6778390140992765,1.0211849482650248,1.0453500123858728,1.0790914038295187
2012-06-18,1.0042583089586805,0.8644601843872035,0.9348354775832063,1.2298152648692569,0.709545268323198,1.068951377912568,1.0555372826603961,1.0811828855154586
2012-06-19,1.0042583089586805,0.86402795429501,0.9348354775832063,1.2298152648692569,0.7312796109839954,1.1016948215975462,1.0660532436078403,1.091640998174091
2012-06-20,1.0042583089586805,0.8928991877303024,0.9348354775832063,1.2298152648692569,0.7560807383801817,1.1390584691158925,1.0739402696784064,1.0898707231296563
2012-06-21,1.0042583089586805,0.8928991877303024,0.9348354775832063,1.2298152648692569,0.6614757778399784,0.9965332386033966,1.0377916031749164,1.0654154344290487
2012-06-22,1.0042583089586805,0.8928991877303024,0.9348354775832063,1.2298152648692569,0.688834309372124,1.0377496926966827,1.0486361809819702,1.0736207187282256
2012-06-25,1.0042583089586805,0.8928991877303024,0.9348354775832063,1.2298152648692569,0.6223547147207923,0.9375961753974305,1.0128162789647115,1.0564058424397313
2012-06-26,1.0042583089586805,0.8928991877303024,0.9348354775832063,1.2298152648692569,0.6279790040815071,0.9460693371960045,1.0128162789647115,1.0617150243721902
2012-06-27,1.0042583089586805,0.8928991877303024,0.9348354775832063,1.2298152648692569,0.653804972283233,0.9849769383423013,1.025961396228966,1.071288156003924
2012-06-28,1.0042583089586805,0.8928991877303024,0.9348354775832063,1.2298152648692569,0.6407647183995376,0.9653314019972453,1.0190600731106074,1.0682310982019867
2012-06-29,1.0042583089586805,0.8928991877303024,0.9348354775832063,1.2298152648692569,0.7210514012912909,1.0862857147615113,1.0591520681161035,1.0948584636776326
2012-07-02,1.0042583089586805,0.8928991877303024,0.9348354775832063,1.2298152648692569,0.7182395078343501,1.0820495123378893,1.0578376006776646,1.0981568372609098
2012-07-03,1.0042583089586805,0.8928991877303024,0.9348354775832063,1.2298152648692569,0.7509673369593959,1.1313549754297372,1.0696679552502368,1.1053968584347265
2012-07-05,1.0042583089586805,0.8928991877303024,0.9348354775832063,1.2298152648692569,0.7305125254038527,1.1005391840019234,1.0591520681161035,1.1004089613914316
2012-07-06,1.0042583089586805,0.8928991877303024,0.9348354775832063,1.2298152648692569,0.6770719787638169,1.0200293863645349,1.0345053607655086,1.0899516312093924
2012-07-09,1.0042583089586805,0.8928991877303024,0.9348354775832063,1.2298152648692569,0.6535488751323855,0.9845911202493628,1.0233322399121558,1.0885839403721542
2012-07-10,1.0042583089586805,0.8928991877303024,0.9348354775832063,1.2298152648692569,0.6077805409002279,0.9156397423367941,1.0095301103686143,1.0790914038295192
2012-07-11,1.0042583089586805,0.8928991877303024,0.9348354775832063,1.2298152648692569,0.5888581921857378,0.8871326524657037,1.0023003180172676,1.0792524375123977
2012-07-12,1.0042583089586805,0.8928991877303024,0.9348354775832063,1.2298152648692569,0.562266746233735,0.8470718359680404,0.9875121164549646,1.0740233029354223
2012-07-13,1.0042583089586805,0.8928991877303024,0.9348354775832063,1.2298152648692569,0.5765850238821851,0.8686427537162704,0.9996713831403897,1.0920430346476726
2012-07-16,1.0042583089586805,0.8928991877303024,0.9348354775832063,1.2298152648692569,0.5574078843786138,0.8397518138257,0.9894841128658662,1.089468921399053
2012-07-17,1.0042583089586805,0.8928991877303024,0.9348354775832063,1.2298152648692569,0.5497373802899683,0.8281959677354027,0.9878408071278852,1.0969497888682536
2012-07-18,1.0042583089586805,0.8928991877303024,0.9348354775832063,1.2298152648692569,0.6054790831810659,0.9121725267693934,1.0226750061929364,1.1050749475642876
2012-07-19,1.0042583089586805,0.8928991877303024,0.9348354775832063,1.2298152648692569,0.6440877007751403,0.9703375753138175,1.0312190445427898,1.1079710499310051
2012-07-20,1.0042583089586805,0.8928991877303024,0.9348354775832063,1.2298152648692569,0.6118704078772402,0.9218012504684572,1.0141307464031508,1.0978349263904708
2012-07-23,1.0042583089586805,0.8928991877303024,0.9348354775832063,1.2298152648692569,0.5937168530621256,0.8944523718275119,1.0036147854557067,1.086733461476917
2012-07-24,1.0042583089586805,0.8928991877303024,0.9348354775832063,1.2298152648692569,0.588091156850278,0.8859770905652137,0.9963852145442925,1.0774017238741826
2012-07-25,1.0042583089586805,0.8928991877303024,0.9348354775832063,1.2298152648692569,0.6192865231342708,0.9329738521003382,1.0174170626258696,1.0776435091414787
2012-07-26,1.0042583089586805,0.8928991877303024,0.9348354775832063,1.2298152648692569,0.6627538016047333,0.9984586200065709,1.0381202938478373,1.0954219250723893
2012-07-27,1.0042583089586805,0.8928991877303024,0.9348354775832063,1.2298152648692569,0.7087782832324218,1.0677958917072112,1.063095691871353,1.1156135770643594
2012-07-30,1.0042583089586805,0.8928991877303024,0.9348354775832063,1.2298152648692569,0.6901122828921955,1.039674998404724,1.0552087396140974,1.1156135770643594
2012-07-31,1.0042583089586805,0.8928991877303024,0.9348354775832063,1.2298152648692569,0.7064769762473099,1.0643289032252097,1.059480758789024,1.107810329238764
2012-08-01,1.0042583089586805,0.8928991877303024,0.9348354775832063,1.2298152648692569,0.7051990529719214,1.0624036732123012,1.059480758789024,1.1068449096180852
2012-08-02,1.0042583089586805,0.8928991877303024,0.9348354775832063,1.2298152648692569,0.6985501237844003,1.052386860566309,1.0515938803450795,1.0992023824847312
2012-08-03,1.0037561798042012,0.8924527381364373,0.9348354775832063,1.2298152648692569,0.741506212846834,1.117101506189325,1.0791980656188516,1.1210032758382575
2012-08-06,1.0214088821404368,0.9081479864970045,0.9348354775832063,1.2298152648692569,0.7545468184433125,1.136747572400312,1.0788698178257958,1.123175196117977
2012-08-07,1.0830190183343542,0.9629263638056712,0.9348354775832063,1.2298152648692569,0.8000601609076556,1.2053147975128689,1.0933288858353136,1.1288065236638525
2012-08-08,1.097556437883578,0.975851773524866,0.9348354775832063,1.2298152648692569,0.8107994092743389,1.2214937995467214,1.0979296694964715,1.130173510272157
2012-08-09,1.1176322361866735,0.9937014281784168,0.9348354775832063,1.2298152648692569,0.825630031958534,1.2438365805662275,1.1061451648000258,1.1311391646358138
2012-08-10,1.1321693156617987,1.0066265355332857,0.9348354775832063,1.2298152648692569,0.8363690291018007,1.2600152041244148,1.114032486123835,1.1329895652833915
2012-08-13,1.110363560419471,0.9872387535552517,0.9348354775832063,1.2298152648692569,0.8202604328975339,1.2357471173968675,1.1054879310808063,1.1324267298699093
2012-08-14,1.0799040076066209,0.9601567670557591,0.9348354775832063,1.2298152648692569,0.7977590046565934,1.2018480361162662,1.098915520075301,1.1325868245808763
2012-08-15,1.0982477405110735,0.9764664197260078,0.9348354775832063,1.2298152648692569,0.8113100962355342,1.2222631648786075,1.1008872212329595,1.1338739985766753
2012-08-16,1.1553583563073149,1.0272442146422553,0.9348354775832063,1.2298152648692569,0.8534995016752916,1.2858227784670648,1.1140324861238353,1.1422410207876648
2012-08-17,1.1321693156617987,1.006626535533286,0.9348354775832063,1.2298152648692569,0.8363690291018006,1.2600152041244144,1.1048306973615871,1.1437689628311882
2012-08-20,1.1024015415801822,0.9801596185449915,0.9348354775832063,1.2298152648692569,0.8143786395348389,1.2268860180416308,1.1022019839246415,1.1438490884343309
2012-08-21,1.1048251816655998,0.9823145086208962,0.9348354775832063,1.2298152648692569,0.8161690585800221,1.2295833384112138,1.104173242202435,1.140390385397109
2012-08-22,1.0816340325606728,0.9616949548531079,0.9348354775832063,1.2298152648692569,0.7990370284213484,1.2037734175194403,1.0946435747136851,1.140873016959789
2012-08-23,1.0598284133479845,0.9423072938208039,0.9348354775832063,1.2298152648692569,0.7829285327064481,1.179505482182159,1.0831416893741008,1.1315415141000327
2012-08-24,1.0771358044445707,0.9576955214451256,0.9348354775832063,1.2298152648692569,0.7957140460457454,1.1987672442028676,1.08642800559682,1.1383793423049493
2012-08-27,1.0674434885919513,0.9490779567460562,0.9347353689840133,1.2298152648692569,0.7885540279395623,1.187980460663925,1.0811697667765103,1.13862057983863
2012-08-28,1.0646754894743604,0.9466168925540179,0.9342161836272416,1.2298152648692569,0.7865092200627644,1.184899895835926,1.0795267562917723,1.1374944395257098
2012-08-29,1.0667521859644555,0.9484633105449142,0.934605703407528,1.2298152648692569,0.7880433409783668,1.1872110953320387,1.0814986050760524,1.138379342304949
2012-08-30,1.0137951671928636,0.9009043013737822,0.9246727129994865,1.2298152648692569,0.7489223281038642,1.1282741078212057,1.0660532436078407,1.1301735102721573
2012-08-31,1.0535983238776987,0.9004538492230953,0.9321384726425186,1.2298152648692569,0.7783261699596408,1.172571883693821,1.083470306233711,1.1355639132749895
2012-09-04,1.0293708329649056,0.8792976882104808,0.9275941942743264,1.2298152648692569,0.7604285615613238,1.1456085960604152,1.0667104773270604,1.1345177420698933
2012-09-05,1.006526627455301,0.8792976882104808,0.9233093746324784,1.2298152648692569,0.7435528295322309,1.1201847960421123,1.059152068116104,1.1335523224492143
2012-09-06,1.1138236783423943,0.8788580393663756,0.9434347631455561,1.2298152648692569,0.822816530671727,1.239597955898349,1.0930001213490825,1.1565597947094408
2012-09-07,1.0930559652784257,0.8624713599121504,0.9395394250119824,1.2298152648692569,0.8074747688241865,1.2164851282907596,1.0824843080282602,1.1610654514283523
2012-09-10,1.0359458255859224,0.8169776009854367,0.9288274460727175,1.2298152648692569,0.7652857150972123,1.1529260445682334,1.0650673192157007,1.1544683130235012
2012-09-11,1.053598323877699,0.8169776009854367,0.9321384726425185,1.2298152648692569,0.7783261699596409,1.1725718836938213,1.070325336596078,1.1576862480129984
2012-09-12,1.0601752889284872,0.8169776009854367,0.9333720944036917,1.2298152648692569,0.7831847805913456,1.1798915273604966,1.070325336596078,1.1615476917527356
2012-09-13,1.0895962554444207,0.816569112184944,0.9388904975347012,1.2298152648692569,0.8049189725180931,1.2126347439600758,1.0785409795262537,1.1792456690898658
2012-09-14,1.1314760406045312,0.8479548101586757,0.9467457642006821,1.2298152648692569,0.8358568850447887,1.2592436436336705,1.0949719701333622,1.1844740211902482
2012-09-17,1.1003247090604473,0.8246092681606848,0.9409028016510022,1.2298152648692569,0.8128444181298696,1.224574667155252,1.0841273923263084,1.1804520915012475
2012-09-18,1.0850961909281867,0.8131966577841189,0.9380464338258259,1.2298152648692569,0.8015946335360407,1.207626526874912,1.0831416893741006,1.1794868283758873
2012-09-19,1.064328477864218,0.7972262458554457,0.9341510956922522,1.2298152648692569,0.7862528716885001,1.1845136992673224,1.0722969639404254,1.1801304153737868
2012-09-20,1.0366393727024679,0.7972262458554457,0.9289575326413341,1.2298152648692569,0.7657980601329568,1.1536979078395087,1.0601379186949327,1.1802110104628853
2012-09-21,1.0376778909845648,0.7972262458554457,0.9291523244248207,1.2298152648692569,0.7665652462024664,1.1548536968253975,1.0611241383403158,1.17971750247556
2012-09-24,0.9909510977128981,0.7972262458554457,0.9203879188723127,1.2298152648692569,0.7320466965641378,1.1028504591931687,1.0463357891513914,1.1779383071979628
2012-09-25,0.9151502135058004,0.7972262458554457,0.9060843466081044,1.2298152648692569,0.6760502028839589,1.0184900501396978,1.0289187265255213,1.1654024061937713
2012-09-26,0.8992278081828953,0.7972262458554457,0.9060843466081044,1.2298152648692569,0.6642878220309686,1.0007696681124172,1.0256326317427347,1.1588519816415337
2012-09-27,0.9594532986772301,0.7972262458554457,0.9060843466081044,1.2298152648692569,0.7087782832324213,1.0677958917072108,1.0479787996361294,1.1697695645556878
2012-09-28,0.9331471388445701,0.7972262458554457,0.9060843466081044,1.2298152648692569,0.6893450968226857,1.038519209418835,1.0397633043325751,1.1643511488908194
2012-10-01,0.9251870924350525,0.7972262458554457,0.9060843466081044,1.2298152648692569,0.6834647605558068,1.0296603052224556,1.0394347612862762,1.167424795196532
2012-10-02,0.9418010044299124,0.7972262458554457,0.9060843466081044,1.2298152648692569,0.6957379791040426,1.0481502796670217,1.044364161807044,1.1686382598972522
2012-10-03,0.9262256107171494,0.7972262458554457,0.9060843466081044,1.2298152648692569,0.6838840776357643,1.0308160942083446,1.040749376351337,1.173409176181255
2012-10-04,0.9476844903789743,0.7972262458554457,0.9060843466081044,1.2298152648692569,0.6838840776357643,1.0546981357575544,1.0463357891513916,1.1818200170814632
2012-10-05,0.9438777689348274,0.7972262458554457,0.9060843466081044,1.2298152648692569,0.6838840776357643,1.0504615548582676,1.05027933909333,1.1819010816565176
2012-10-08,0.912379969899159,0.7972262458554457,0.9060843466081044,1.2298152648692569,0.6838840776357643,1.0154069873723095,1.0364772833630993,1.1778574773658854
2012-10-09,0.8694620065310502,0.7972262458554457,0.9060843466081044,1.2298152648692569,0.6838840776357643,0.9676426771884908,1.0200459975027476,1.1662116434864487
2012-10-10,0.8334638029050496,0.7972262458554457,0.9060843466081044,1.2298152648692569,0.6838840776357643,0.9275795141417043,1.0055866342399864,1.1587711518094566
2012-10-11,0.8386556461525171,0.7972262458554457,0.9060843466081044,1.2298152648692569,0.6838840776357643,0.9333576264246853,1.0055866342399864,1.1594178687137286
2012-10-12,0.8244652382134351,0.7972262458554457,0.9060843466081044,1.2298152648692569,0.6838840776357643,0.9175648209594361,1.0023003180172676,1.155616910414645
2012-10-15,0.8604614013948445,0.7972262458554457,0.9060843466081044,1.2298152648692569,0.6838840776357643,0.9576257131522325,1.013473586497242,1.1652415290062108
2012-10-16,0.9158418562073946,0.7972262458554457,0.9060843466081044,1.2298152648692569,0.6838840776357643,1.0192597939472494,1.0351627421113496,1.177048631311504
2012-10-17,0.9096114946778303,0.7972262458554457,0.9060843466081044,1.2298152648692569,0.6838840776357643,1.0123258926783796,1.0282615666196129,1.182386451887274
2012-10-18,0.8867672891682257,0.7972262458554457,0.9060843466081044,1.2298152648692569,0.6838840776357643,0.9869020926600766,1.025632631742735,1.1793127273339017
2012-10-19,0.8106195293806252,0.7972262458554457,0.9060843466081044,1.2298152648692569,0.6838840776357643,0.9021556384282683,1.0019717749709691,1.159660671200596
2012-10-22,0.8092366520663549,0.7972262458554457,0.9060843466081044,1.2298152648692569,0.6838840776357643,0.9006166049839635,1.006901101678426,1.159822330864749
2012-10-23,0.8168497548805501,0.7972262458554457,0.9060843466081044,1.2298152648692569,0.6838840776357643,0.9090893883068722,1.0131448958243219,1.143728195800682
2012-10-24,0.7791238388043678,0.7972262458554457,0.9060843466081044,1.2298152648692569,0.6838840776357643,0.8671034174914335,1.0032863162227188,1.1404933593167719
2012-10-25,0.8106195293806252,0.7972262458554457,0.9060843466081044,1.2298152648692569,0.6838840776357643,0.9021556384282683,1.0134735864972424,1.1438091038804181
2012-10-26,0.8220415981280177,0.7972262458554457,0.9060843466081044,1.2298152648692569,0.6838840776357643,0.9148675005898532,1.0256326317427351,1.1431619957378494
2012-10-31,0.8210032838903798,0.7972262458554457,0.9060843466081044,1.2298152648692569,0.6838840776357643,0.9137119386893632,1.0216891556141077,1.1431619957378494
2012-11-01,0.9047665270108654,0.7972262458554457,0.9060843466081044,1.2298152648692569,0.6838840776357643,1.0069338255737357,1.0525795094839772,1.1551318531745265
2012-11-02,0.8542311078800998,0.7972262458554457,0.9060843466081044,1.2298152648692569,0.6838840776357643,0.9506918875784954,1.03121904454279,1.1448604394310296
2012-11-05,0.8968042361122975,0.7972262458554457,0.9060843466081044,1.2298152648692569,0.6838840776357643,0.9980724234379672,1.049293562327812,1.1472059130191188
2012-11-06,0.9324557001874351,0.7972262458554457,0.9060843466081044,1.2298152648692569,0.6838840776357643,1.0377496926966825,1.0621098412925245,1.1561827974868413
2012-11-07,0.8621934667934876,0.7972262458554457,0.9060843466081044,1.2298152648692569,0.6838840776357643,0.9595533654093971,1.0351627421113503,1.1299797690676825
2012-11-08,0.8306956677578193,0.7972262458554457,0.9060843466081044,1.2298152648692569,0.6838840776357643,0.9244987979234391,1.0272757160407842,1.1163923760175614
2012-11-09,0.8365788816476022,0.7972262458554457,0.9060843466081044,1.2298152648692569,0.6838840776357643,0.9310463512334396,1.0299045771043511,1.1173631164790738
2012-11-12,0.8372725647937875,0.7972262458554457,0.9060843466081044,1.2298152648692569,0.6838840776357643,0.9318183658949812,1.0315478828423323,1.1182530271085094
2012-11-13,0.8192733269511479,0.7972262458554457,0.9060843466081044,1.2298152648692569,0.6838840776357643,0.911786632981322,1.0213603911278766,1.114370456500756
2012-11-14,0.7791238388043678,0.7972262458554457,0.9060843466081044,1.2298152648692569,0.6838840776357643,0.8671034174914334,1.0072295709114147,1.0993283612162337
2012-11-15,0.746889330209516,0.7972262458554457,0.9060843466081044,1.2298152648692569,0.6838840776357643,0.8316625020466062,1.0013145412517501,1.0974681796112413
2012-11-16,0.746889330209516,0.7972262458554457,0.9060843466081044,1.2298152648692569,0.6838840776357643,0.8328184424227609,1.0026290825034998,1.1028864387807908
2012-11-19,0.746889330209516,0.7972262458554457,0.9060843466081044,1.2298152648692569,0.6838840776357643,0.8801990539773656,1.0200459975027483,1.1252080703070857
2012-11-20,0.746889330209516,0.7972262458554457,0.9060843466081044,1.2298152648692569,0.6838840776357643,0.8744210173895174,1.0105159609474443,1.1256931275472049
2012-11-21,0.746889330209516,0.7972262458554457,0.9060843466081044,1.2298152648692569,0.6838840776357643,0.8786594906671296,1.012159045245493,1.1277958768960867
2012-11-23,0.746889330209516,0.7972262458554457,0.9060843466081044,1.2298152648692569,0.6838840776357643,0.9237290541158876,1.033190967140381,1.1431619957378492
2012-11-26,0.746889330209516,0.7972262458554457,0.9060843466081044,1.2298152648692569,0.6838840776357643,0.9391357387076665,1.0351627421113503,1.1407358488130017
2012-11-27,0.746889330209516,0.7972262458554457,0.9060843466081044,1.2298152648692569,0.6838840776357643,0.9279654079297757,1.038120293847838,1.1349130492447723
2012-11-28,0.746889330209516,0.7972262458554457,0.9060843466081044,1.2298152648692569,0.6838840776357643,0.9603227307412835,1.0522510402509893,1.1440520628626036
2012-11-29,0.746889330209516,0.7972262458554457,0.9060843466081044,1.2298152648692569,0.6838840776357643,0.9684123453009092,1.0506078821396299,1.149389726943055
2012-11-30,0.746889330209516,0.7972262458554457,0.9060843466081044,1.2298152648692569,0.6838840776357643,0.9645591602503043,1.0529083477835193,1.1496323729346034
2012-12-03,0.746889330209516,0.7972262458554457,0.9060843466081044,1.2298152648692569,0.6838840776357643,0.9518472980887193,1.0479787996361298,1.1439706852969123
2012-12-04,0.746889330209516,0.7972262458554457,0.9060843466081044,1.2298152648692569,0.6838840776357643,0.968026148732306,1.051922423391379,1.1423536974170834
2012-12-05,0.746889330209516,0.7972262458554457,0.9060843466081044,1.2298152648692569,0.6838840776357643,0.9618645649055098,1.0502793390933305,1.144375303943251
2012-12-06,0.746889330209516,0.7972262458554457,0.9060843466081044,1.2298152648692569,0.6838840776357643,0.9961471934250589,1.0621098412925243,1.1482570920744113
2012-12-07,0.7465158855444113,0.7972262458554457,0.9060843466081044,1.2298152648692569,0.6838840776357643,1.0026950495155915,1.0653959360753107,1.1517352005311443
2012-12-10,0.7602817888918227,0.7972262458554457,0.9060843466081044,1.2298152648692569,0.6838840776357643,1.0211849482650246,1.0673675634196584,1.152219944780626
2012-12-11,0.8061688847930307,0.796827632732518,0.9060843466081044,1.2298152648692569,0.6838840776357643,1.0828189533649082,1.0870851655027292,1.16006474211332
2012-12-12,0.7967047276191443,0.7874731387810273,0.9060843466081044,1.2298152648692569,0.6838840776357643,1.0701070155081902,1.0847847736721503,1.1606310204238122
2012-12-13,0.7743351628574697,0.7653627749719873,0.9060843466081044,1.2298152648692569,0.6838840776357643,1.040060967887928,1.0736115051921757,1.1535141610657638
2012-12-14,0.7582754119166376,0.7494891118154857,0.9060843466081044,1.2298152648692569,0.6838840776357643,1.0184900501396978,1.0693393383906278,1.1492279890312425
2012-12-17,0.7671647405655285,0.7582754379035928,0.9060843466081044,1.2298152648692569,0.6838840776357643,1.0304298976397412,1.0739402696784073,1.162733848020353
2012-12-18,0.8027274653119156,0.7934260897182642,0.9060843466081044,1.2298152648692569,0.6838840776357643,1.078196554372683,1.088399706754479,1.1756738199372683
2012-12-19,0.8090373918442338,0.7996629017762663,0.9060843466081044,1.2298152648692569,0.6838840776357643,1.0866718356349814,1.0946435747136858,1.1669393467181164
2012-12-20,0.8076021239153529,0.7982442646052216,0.9060843466081044,1.2298152648692569,0.6838840776357643,1.0847440319875508,1.0939861933678448,1.1736517439251446
2012-12-21,0.782078497579323,0.7730163860108878,0.9060843466081044,1.2298152648692569,0.6838840776357643,1.0504615548582674,1.0828129248878704,1.1629982468611924
2012-12-24,0.7751954895498794,0.7662131328741849,0.9060843466081044,1.2298152648692569,0.6838840776357643,1.0412165297884177,1.0791197496961107,1.1594152082933122
2012-12-26,0.7577005833916419,0.7489209439521021,0.9060843466081044,1.2298152648692569,0.6838840776357643,1.017717959783023,1.0737476169372615,1.1545276247492644
2012-12-27,0.7456555024962636,0.7370154319967502,0.9060843466081044,1.2298152648692569,0.6838840776357643,1.0015394119199685,1.0724045837475493,1.1529801990385702
2012-12-28,0.7327498694855242,0.7238908316122756,0.9060843466081044,1.2298152648692569,0.6838840776357643,0.9842049993758922,1.0650178642974761,1.1405186333107322
2012-12-31,0.771180988571639,0.7235288861964695,0.9060843466081044,1.2298152648692569,0.6838840776357643,1.035824386988641,1.0854991388939166,1.1599037084304413
2013-01-02,0.8692635289457162,0.8155508009529743,0.9060318783646044,1.2298152648692569,0.6838840776357643,1.1675655589869824,1.1284756104582243,1.189631950397243
2013-01-03,0.8537766340790585,0.8010208579699805,0.9041623183431261,1.2298152648692569,0.6838840776357643,1.1467640822657716,1.1227679223885516,1.1869441432996326
2013-01-04,0.8509081833835932,0.7983296519268395,0.903816042295539,1.2298152648692569,0.6838840776357643,1.1429112756908317,1.11605275643999,1.1921566111251731
2013-01-07,0.8423044092578544,0.7902575142541879,0.9027774046423616,1.2298152648692569,0.6835421355969464,1.1313549754297365,1.1130309133098095,1.1888988480770826
2013-01-08,0.8144851883005337,0.7641572728680713,0.8994191004904781,1.2298152648692569,0.6609664379099727,1.0939891327525328,1.1019511662945984,1.1854784081452674
2013-01-09,0.8385757445814547,0.7867592477768043,0.9023272845587349,1.2298152648692569,0.6805162706153338,1.1263467583445728,1.0888566111482312,1.188492116743942
2013-01-10,0.8724176468758089,0.8185100225451961,0.9064126398300822,1.2298152648692569,0.7079794607787663,1.1718020641911362,1.1325050052806045,1.1979395826348092
2013-01-11,0.887617071124231,0.8327702580285127,0.9082474967312884,1.2298152648692569,0.7203140120365051,1.1922174200388764,1.1378769904128323,1.197858831050392
2013-01-14,0.8801610943091378,0.825774994036693,0.9073474198408216,1.2298152648692569,0.7142633796770703,1.1822028025517415,1.1328407820313604,1.1970436469356056
2013-01-15,0.8669681033916384,0.8133972122116788,0.9057547772487816,1.2298152648692569,0.7035570779083259,1.1644824205244608,1.1210892600747056,1.197858831050392
2013-01-16,0.895074513188506,0.8397668967301918,0.9091477505049402,1.2298152648692569,0.7263658334667127,1.2022340055994698,1.133512040279629,1.1976955281853932
2013-01-17,0.9518592308088735,0.8930428255999411,0.9160027358850332,1.2298152648692569,0.7724474480526969,1.278505329959246,1.1610442575753865,1.205432656738864
2013-01-18,0.9366581722440565,0.8787810567863967,0.9141676816910438,1.2298152648692569,0.7601115705237116,1.2580877789526481,1.147278001300886,1.2081206203317931
2013-01-22,0.928341925092291,0.8709786794868785,0.9131637539613382,1.2298152648692569,0.7533628164203366,1.2469176752601563,1.144927785485528,1.2146366159139301
2013-01-23,0.9587425206170055,0.8995007895306516,0.9168336786629324,1.2298152648692569,0.7780333366740433,1.2877507335047604,1.1492927356187315,1.2165916336820175
2013-01-24,0.9332164146285148,0.8755519690741291,0.9137521966956954,1.2298152648692569,0.7573185347460558,1.2534649257896249,1.140563056792257,1.216917378687763
2013-01-25,0.9679188126824922,0.9081100686440441,0.9179414300190791,1.2298152648692569,0.7854800295873935,1.3000760206220772,1.1502999920576882,1.2237588845326675
2013-01-28,0.9745148009396021,0.914298483695446,0.9187376900863042,1.2298152648692569,0.7908327688703444,1.3089355303795203,1.1526504293129787,1.2222925233970279
2013-01-29,0.9564469259957147,0.8973470421689883,0.9165565571375112,1.2298152648692569,0.7761704286414419,1.2846673679568401,1.1546646469376485,1.2270984946324062
2013-01-30,0.9613230498483333,0.9019218650864667,0.9171451971646518,1.2298152648692569,0.7801274732384076,1.2912168136451658,1.1566793074421833,1.222292523397028
2013-01-31,0.9527195575012832,0.8938499917810958,0.9161065935274716,1.2298152648692569,0.7731456155301284,1.2796608918597356,1.1516430252474006,1.219279362531969
2013-02-01,1.0034815374288795,0.9414753343951137,0.9222345209849013,1.2298152648692569,0.8143396919061626,1.347842677355019,1.1744744418458883,1.2318221493301802
2013-02-04,0.9598881200538789,0.9005756011466948,0.9169719741008655,1.2298152648692569,0.7789630070841853,1.2892894641685333,1.160037074949741,1.2179762260136688
2013-02-05,1.0052024162366504,0.9430898782512475,0.9224422634825755,1.2298152648692569,0.8157362097949906,1.3501541039365308,1.1778318402868921,1.2302744888765083
2013-02-06,1.0106502126929506,0.9482010495076247,0.9230999151646939,1.2298152648692569,0.8201571749272021,1.3574714010540827,1.175145921534089,1.2311699550897557
2013-02-07,0.9974589124475837,0.9358248538862943,0.9215074766686369,1.2298152648692569,0.8094522451631951,1.3397532898807922,1.1687666799629046,1.2295413083086884
2013-02-08,1.0361757551240638,0.9721493412295859,0.9261813290999366,1.2298152648692569,0.8408715195202768,1.391756451817888,1.18421145092463,1.2363828924012523
2013-02-11,1.0407631121764789,0.9764532405578964,0.9267351095332181,1.2298152648692569,0.8445942257080745,1.3979180356446843,1.1862259638025432,1.2361389161994953
2013-02-12,1.0473606783942457,0.9826431360660698,0.9275315600900272,1.2298152648692569,0.8499482455287806,1.406779664865852,1.1909263954332592,1.238175389780934
2013-02-13,1.0556766437673226,0.9904452489983077,0.9285354538037359,1.2298152648692569,0.8566967709646994,1.417949390082679,1.1909263954332592,1.2392336893732245
2013-02-14,1.0857899940967528,1.0186978630362284,0.9321707025978553,1.2298152648692569,0.8811341876135019,1.4583966302343447,1.2013345889469589,1.240374305503119
2013-02-15,1.0648533866787115,0.9990549510993492,0.929643259585478,1.2298152648692569,0.8641438297459797,1.4302752827610596,1.191262172184015,1.238908179110457
2013-02-19,1.1032848438992526,1.0351116872608401,0.9342826606148844,1.2298152648692569,0.8953315097033684,1.4818951245446064,1.207714273398008,1.2481929681176
2013-02-20,1.0292925780274076,0.9656914830457878,0.9253503999284366,1.2298152648692569,0.8352857223659131,1.3825111996626398,1.1821967904200956,1.2326368639590108
2013-02-21,0.9730809982599032,0.9129532772247968,0.9185646030865067,1.2298152648692569,0.7896692173859474,1.3070096948055483,1.160037074949741,1.2251433203690005
2013-02-22,1.0338799350798225,0.9699953823740983,0.9259041803617178,1.2298152648692569,0.8390084285537107,1.3886727834894361,1.1785035414150256,1.2371166207026878
2013-02-25,0.974801877067674,0.9145678210809306,0.9187723455841807,1.2298152648692569,0.7910657352747752,1.30932112138706,1.1543290916268256,1.2135777685880251
2013-02-26,0.999179565832404,0.9374391862486039,0.9217151919535134,1.2298152648692569,0.8108485801180582,1.342064413681772,1.1623872907650994,1.2218857138162287
2013-02-27,1.0439193716246065,0.9794144713414515,0.9271161295202741,1.2298152648692569,0.847155575619055,1.4021574172638929,1.1805178328530066,1.2372791410910935
2013-02-28,1.0705906262040685,1.004437680426368,0.9303358524998485,1.2298152648692569,0.8687996820892543,1.4379813500817373,1.1791749472899156,1.2348356231858775
2013-03-01,1.0327338847970473,0.9689201477704066,0.9257658304981893,1.2298152648692569,0.838078392275639,1.3871334472645993,1.1791749472899156,1.2389081791104575
2013-03-04,1.0284323640464732,0.9648844226115456,0.9252465558923968,1.2298152648692569,0.8345876463554643,1.3813557891524162,1.1774962849760688,1.245505474010627
2013-03-05,1.0869377350516607,1.0197746838436041,0.9323092565573663,1.2298152648692569,0.8820655958963115,1.459938237313172,1.1962984543787982,1.256664294458462
2013-03-06,1.091812393655098,1.0243481320512233,0.9328977197013216,1.2298152648692569,0.8860214514225047,1.4664857149280397,1.1966343787561757,1.2583741623099023
2013-03-07,1.1058659366879582,1.0375332915512163,0.9345942471485975,1.2298152648692569,0.8974261036026454,1.485361961636342,1.1962984543787984,1.2606550815790534
2013-03-08,1.1084470294766633,1.0399548958415925,0.9349058336823112,1.2298152648692569,0.8995206975019222,1.4888287987280775,1.1919337994988382,1.2660306957742742
2013-03-11,1.1136092150540737,1.0447981044223449,0.9355290067497384,1.2298152648692569,0.9037098853004757,1.4957624729115484,1.1956268270639763,1.2708358062853995
2013-03-12,1.1302417093576047,1.0604028590213816,0.9375368622091497,1.2298152648692569,0.9172073935072257,1.518102680296532,1.1962984543787984,1.2679853223040647
2013-03-13,1.140280582345011,1.0698214192541735,0.9387487433357117,1.2298152648692569,0.9253540832376573,1.5315865571196587,1.199655926633113,1.269776489473538
2013-03-14,1.1560532008020343,1.0846194306597046,0.9406527955782802,1.2298152648692569,0.938153789834906,1.5527718081652169,1.2090571589610992,1.2765368524957288
2013-03-15,1.0998430862837114,1.0318825995485728,0.9338671756195354,1.2298152648692569,0.8925384739257128,1.4772722713815833,1.1882401076139029,1.2748516326569737
2013-03-18,1.0553894549277765,0.9901758058659115,0.9285007846994602,1.2298152648692569,0.8564637130932866,1.4175636476848739,1.1738028145310662,1.2678160726169576
2013-03-19,1.0430585940862949,0.978606882172648,0.9270122174522402,1.2298152648692569,0.8464570422736937,1.4010012498023392,1.171452377275776,1.2648709872155062
2013-03-20,1.0840692280004578,1.017083424927007,0.9319629737065797,1.2298152648692569,0.8797377611916567,1.4560853550430992,1.1791749472899156,1.2737064781628387
2013-03-21,1.0327338847970475,0.9684116060579432,0.9257658304981892,1.2298152648692569,0.838078392275639,1.3871334472645993,1.1627230675158549,1.2628259846392018
2013-03-22,1.065141139075636,0.9679274002549143,0.9296779967217471,1.2298152648692569,0.8643773449523052,1.4306617821101952,1.1717884492797748,1.2729704024316242
2013-03-25,1.059691313812777,0.9629749718818064,0.9290201001244492,1.2298152648692569,0.8599547334144088,1.423341759967855,1.1701093440860633,1.2676525350089807
2013-03-26,1.0889438866038952,0.9895577088485212,0.9325514368505353,1.2298152648692569,0.8836936167178497,1.462632832657967,1.1835396759831864,1.2777973440396997
2013-03-27,1.0935334978858198,0.9937284336035046,0.9331054894117937,1.2298152648692569,0.8874181522452973,1.4687974442900833,1.1858901132384772,1.2777973440396997
2013-03-28,1.1133219135030517,1.0117107919791968,0.9354943240390645,1.2298152648692569,0.9034767359620802,1.4953765791234772,1.1929409083111728,1.2817238115843312
2013-04-01,1.0505143454784374,0.9541297154654153,0.9279122671299095,1.2298152648692569,0.8525074916991635,1.4110155645089422,1.1741386650951326,1.276651954802587
2013-04-02,1.0204017841293358,0.9541297154654153,0.924277113580582,1.2298152648692569,0.8280707153192386,1.3705693840891386,1.1647374327671465,1.2829512826160694
2013-04-03,0.9590280187844209,0.9541297154654153,0.9168102572950715,1.2298152648692569,0.7782650225407192,1.288134205048576,1.1429133464209258,1.2699433134832059
2013-04-04,0.9957381463512894,0.9541297154654153,0.916748206396211,1.2298152648692569,0.8080558187413501,1.3374420146895472,1.1502999920576882,1.2750974868025537
2013-04-05,0.9813974144788825,0.9541297154654153,0.914960878460126,1.2298152648692569,0.7964181086897963,1.3181800255834393,1.1492927356187317,1.2693704623693307
2013-04-08,1.0175329389437064,0.9541297154654153,0.9194645560224501,1.2298152648692569,0.8257426062136364,1.3667160476482678,1.1556718295632944,1.277960881647676
2013-04-09,1.0453527234584044,0.9536526506076826,0.9229318182571383,1.2298152648692569,0.8483187612355225,1.4040826472768013,1.166752093271681,1.2823785097498537
2013-04-10,1.1124614740991663,1.0148745104559094,0.9312957808389077,1.2298152648692569,0.9027784770176664,1.4942208658327212,1.1919337994988377,1.2980864143675217
2013-04-11,1.101563626957056,1.0049326405207473,0.9299375498355266,1.2298152648692569,0.8939347174135933,1.4795832437922969,1.1912621721840153,1.3023401136234254
2013-04-12,1.0852170816668412,0.9900200412664802,0.9279002314255858,1.2298152648692569,0.8806692609414487,1.4576271135121923,1.1868972220508118,1.299149800057668
2013-04-15,1.0077837344483074,0.9193792755581599,0.9182494837580588,1.2298152648692569,0.8178309866282327,1.3536212438087987,1.1610442575753868,1.2690428394197617
2013-04-16,1.0682951442942537,0.9745825242766205,0.9257912001942786,1.2298152648692569,0.8669368655236357,1.4348981359240833,1.1808538310436942,1.2877777547381886
2013-04-17,0.9630438159446296,0.8785640168310881,0.91267341505311,1.2298152648692569,0.7815238996602535,1.2935280888364122,1.1560078277539825,1.268961774844707
2013-04-18,0.9369454737950796,0.8547550644948436,0.9094207012847737,1.2298152648692569,0.7603447198621076,1.2584736727407202,1.1586938941334073,1.2610257407412475
2013-04-19,0.9593150949124922,0.8751623853856654,0.9122086934945519,1.2298152648692569,0.7784979889451499,1.2885197960561157,1.1721240784039089,1.2719883943071695
2013-04-22,0.9885677804150859,0.9018489768498826,0.9158545424281685,1.2298152648692569,0.8022369637155734,1.3278110201364934,1.1815250892919626,1.2776332586981076
2013-04-23,1.0522353369976838,0.959931509884126,0.9237896187907151,1.2298152648692569,0.8539041010549742,1.4133271424807201,1.2070427937098072,1.2908042177053325
2013-04-24,1.0900917402702783,0.9944670867408498,0.9285077745815641,1.2298152648692569,0.884625116467642,1.46417459112706,1.2194655001014196,1.291623157707766
2013-04-25,1.1219255185615773,1.0235083532579714,0.9324753127628373,1.2298152648692569,0.9104586851373423,1.5069326522991733,1.2292026568067833,1.2968586303451464
2013-04-26,1.091239481225186,0.9955141459576062,0.9286508209400308,1.2298152648692569,0.8855565247504513,1.465716198205887,1.2177867639742626,1.2945683213568768
2013-04-29,1.1285215068186871,1.0295257304968803,0.9332973903376023,1.2298152648692569,0.9158114244202932,1.5157921620566166,1.2318886493728973,1.3032397269626175
2013-04-30,1.1620759384948058,1.0601367118331126,0.9374793786522697,1.2298152648692569,0.9430413280448563,1.5608613470297095,1.2439757266403757,1.3063491324486391
2013-05-01,1.129381608088146,1.0303103822579593,0.9334045873091686,1.2298152648692569,0.9165094089637595,1.5169474211765743,1.2389395920722146,1.2948955530681492
2013-05-02,1.176129030681764,1.0729570434901528,0.9392308572014544,1.2298152648692569,0.9544456143570671,1.5797369881769479,1.254719696904831,1.306921670571877
2013-05-03,1.210256600210746,1.1040908860772158,0.94348427738618,1.2298152648692569,0.9821406275876488,1.6255759926527253,1.2644571488634377,1.3201754156026613
2013-05-06,1.234634288975476,1.1263301235943495,0.9465225410211221,1.2298152648692569,1.0019234724309318,1.6583192849474377,1.270500392243934,1.3235289537857586
2013-05-07,1.2329135228791805,1.1247603059510005,0.9463080768401626,1.2298152648692569,1.0005270460090865,1.656008009756192,1.273186310996737,1.3302374386098208
2013-05-08,1.2813820497035202,1.1689770932992571,0.952348853056104,1.2298152648692569,1.0398599522251868,1.7211093061186091,1.288631598651638,1.3362917730019752
2013-05-09,1.3017436031736151,1.1875524975637668,0.9548865738407185,1.2298152648692569,1.056383645547988,1.7484582604546874,1.2926607720340855,1.3325285300746834
2013-05-10,1.3373062152085269,1.2199954983505492,0.9593188476281153,1.2298152648692569,1.0852432163997745,1.7962247657973633,1.301389786540763,1.3368647023635096
2013-05-13,1.2971541046031658,1.183365597411836,0.954314571025202,1.2298152648692569,1.052659201487523,1.7422938002128368,1.285609534081525,1.3379282445489746
2013-05-14,1.316942632931873,1.2014182432497533,0.9567808739873236,1.2298152648692569,1.0687178766712881,1.7688730864364965,1.2876241945860598,1.3517536669787444
2013-05-15,1.3519323325368726,1.2333385884341816,0.9611417439997928,1.2298152648692569,1.0971125208510213,1.8158700750570202,1.2987044582944465,1.3590352376596597
2013-05-16,1.3261209538039187,1.209791426608186,0.9579247953329645,1.2298152648692569,1.0761662159903236,1.7812010985786018,1.2872883440219933,1.3526544540328258
2013-05-17,1.3760224943276296,1.2553155213198761,0.9641441722953997,1.2298152648692569,1.116662033421944,1.8482271707831293,1.3017257847314514,1.3657438789790404
2013-05-20,1.3682793286729893,1.2482515989854013,0.9631791185999952,1.2298152648692569,1.110378343191096,1.8378268108981888,1.2976969066022468,1.3656617189367555
2013-05-21,1.3654108216217864,1.245634722125296,0.9628216080605689,1.2298152648692569,1.1080505084864414,1.833973928628116,1.294675284911999,1.3676251092043898
2013-05-22,1.3028905551481944,1.1885988370108567,0.9550295218662276,1.2298152648692569,1.0573144135619201,1.7499988078016524,1.2762085231934714,1.3574806131643082
2013-05-23,1.3014559634881664,1.1872900901080896,0.9548507244538182,1.2298152648692569,1.0561502218086452,1.748071912495818,1.2735227520672898,1.3535530501524464
2013-05-24,1.3011704653207519,1.1870296363129365,0.9548151419706604,1.2298152648692569,1.0559185359419696,1.7476884409520028,1.273186310996737,1.352408443391927
2013-05-28,1.3358709472796457,1.2186861345023536,0.9591399659303135,1.2298152648692569,1.0840784758446047,1.7942969621499325,1.2846021300159471,1.3605075456174078
2013-05-29,1.352217605281336,1.2335988365808588,0.9611772983878197,1.2298152648692569,1.0973440237837317,1.816253243820303,1.2893030045265281,1.3516721329177346
2013-05-30,1.4144521481645627,1.2903740622516686,0.9689337740038725,1.2298152648692569,1.1478482499076126,1.8998445903224193,1.3017257847314516,1.3566630816197427
2013-05-31,1.3731542126993774,1.252698850108247,0.9637866898511043,1.2298152648692569,1.114334381651254,1.8443745912935878,1.2856095340815255,1.337191308093508
2013-06-03,1.3765960830263946,1.2558387938676592,0.9642156603557196,1.2298152648692569,1.1171275088958923,1.8489975958468772,1.2956820984710908,1.3445547258260708
2013-06-04,1.394950695963927,1.2725833097482382,0.9665032501908243,1.2298152648692569,1.1320225411282778,1.873650895106299,1.3017257847314516,1.3380916256616333
2013-06-05,1.3301357365608482,1.2134540259699527,0.9584251696125073,1.2298152648692569,1.0794242699070153,1.786593619854043,1.2778871855073182,1.319357101581503
2013-06-06,1.3198114781175028,1.2040354285825734,0.957138426669446,1.2298152648692569,1.0710459857768908,1.7727264228773674,1.2741937150623155,1.331300198318693
2013-06-07,1.3829058968472374,1.2615951003659862,0.9650020711619344,1.2298152648692569,1.122248013510273,1.8574727257189096,1.2862812352096586,1.348236121701715
2013-06-10,1.4047006894396545,1.2814780176424057,0.9677184207881734,1.2298152648692569,1.1399348009825592,1.8867467586776303,1.2933317350291111,1.348236121701715
2013-06-11,1.3149365940911146,1.1995881774597277,0.956530855418337,1.2298152648692569,1.0670899473167326,1.7661786424819679,1.2694935786848422,1.3343283827343413
2013-06-12,1.266755594240748,1.1556336947429102,0.9505259145417306,1.2298152648692569,1.0279903733729925,1.701463542688154,1.2543842892206294,1.3232835691261342
2013-06-13,1.343328389343921,1.2254893973931988,0.9600694090474295,1.2298152648692569,1.0901302972748121,1.8043135477105259,1.276544078504295,1.3434094930842764
2013-06-14,1.3287021593040995,1.2121462044853282,0.9582464986281867,1.2298152648692569,1.078260901356583,1.7846680870606029,1.271843942126822,1.33498237667093
2013-06-17,1.385772713226308,1.2642104348625196,0.9653593709878796,1.2298152648692569,1.1245744762101901,1.8613233371349922,1.282588060017899,1.3452904103189884
2013-06-18,1.4531688781295677,1.3256944965179476,0.9737591548614187,1.2298152648692569,1.179267432797712,1.9518476008692496,1.3010546741098046,1.3559263016595937
2013-06-19,1.40584797954866,1.2825246655622093,0.9678614109563785,1.2298152648692569,1.1408658433974384,1.8882877601953933,1.2829234677021006,1.3371913080935076
2013-06-20,1.2747847089087045,1.1629584821694905,0.9515266069105546,1.2298152648692569,1.0345061153384458,1.7122479796779735,1.243640318956174,1.304058353974414
2013-06-21,1.2845359422106624,1.1718543211302774,0.952741932031123,1.2298152648692569,1.0424193813295346,1.725345508542231,1.2422970643265294,1.3082440560143698
2013-06-24,1.2048089164659213,1.0991210821762538,0.942805316407709,1.2298152648692569,0.9777197539224198,1.618258846925439,1.2194655001014199,1.2917131425159833
2013-06-25,1.2939998739615979,1.1804880611081012,0.9539214499074873,1.2298152648692569,1.0500994979822278,1.738057143618417,1.244983130705954,1.3041319850218331
2013-06-26,1.3106346224946388,1.1956635819392363,0.9559946879421557,1.2298152648692569,1.0635988355286279,1.760400378808721,1.2523697763427164,1.3170445702579865
2013-06-27,1.3278417199002142,1.2113612442515347,0.9581392595139245,1.2298152648692569,1.077562642412169,1.7835123737698473,1.2590847208513456,1.3247754389987116
2013-06-28,1.3456224060045547,1.2275821791116162,0.9603553191460131,1.2298152648692569,1.0919919247696583,1.8073947937947221,1.2654642576757729,1.319347398871747
2013-07-01,1.3355853364007562,1.2184255778829618,0.9591043693995907,1.2298152648692569,1.0838466985109467,1.7939133392158515,1.2621067854214583,1.3270781111171535
2013-07-02,1.3390267558818714,1.2215651103454215,0.9595332837139445,1.2298152648692569,1.086639459887655,1.7985357382080769,1.2617710824840134,1.325844771510966
2013-07-03,1.3602488614673272,1.2409255776679629,0.9621782576603869,1.2298152648692569,1.1038615036218526,1.827040557225177,1.2698292816222871,1.326420517788236
2013-07-05,1.4133045199211307,1.2893271058591496,0.9687907416929717,1.2298152648692569,1.1469169330917857,1.8983031346338586,1.2869526410845482,1.3407304497245096
2013-07-08,1.3292752971569626,1.2126690657361585,0.9583179304982453,1.2298152648692569,1.0787260109626011,1.7854379065632877,1.2594205714154119,1.3483790019276312
2013-07-09,1.37028581835965,1.250082076072379,0.963429193359244,1.2298152648692569,1.1120066384135816,1.8405218604137816,1.269493578684842,1.3580842156082955
2013-07-10,1.4173204297928148,1.2929907334632973,0.9692912564481686,1.2298152648692569,1.1501759016783022,1.9036971698119607,1.2792301448837193,1.3585773323573243
2013-07-11,1.507659804512252,1.3754053885573296,0.9805505205918058,1.2298152648692569,1.2234876028228145,2.0250379819253617,1.3131416037506616,1.377081964814375
2013-07-12,1.5334709578222552,1.398952344734849,0.9837674411635032,1.2298152648692569,1.2444337247495474,2.0597066556232484,1.3178423306346208,1.3776578675869635
2013-07-15,1.5331835435597574,1.398690142927648,0.9837316198717335,1.2298152648692569,1.2442004839441694,2.059320610444911,1.3181777383188225,1.3829214311340394
2013-07-16,1.5458015932407858,1.4102013163849685,0.9853042448182474,1.2298152648692569,1.2544402126351752,2.076268750725251,1.3262362327103394,1.3777397146386112
2013-07-17,1.5498180666698473,1.4138654581103065,0.9858048298112713,1.2298152648692569,1.2576996385566044,2.081663542854683,1.3282507455882524,1.381276352344515
2013-07-18,1.5113869475837327,1.3788055804634185,0.9810150454844484,1.2298152648692569,1.2265122330001632,2.030044155241934,1.300382677728428,1.3888429010006702
2013-07-19,1.502210204672344,1.3704338366443196,0.9798713208047231,1.2298152648692569,1.219065174218883,2.0177182625635535,1.2953463955336453,1.3913102061943192
2013-07-22,1.49131269566466,1.3604922751818718,0.9785131319440381,1.2298152648692569,1.2102216890157573,2.0030810946939273,1.2929961797182872,1.394024304505461
2013-07-23,1.474965361394117,1.3455789561579379,0.9764757152011394,1.2298152648692569,1.1969555922747352,1.9811239046819606,1.2940034361572437,1.391063413076827
2013-07-24,1.3940903692715172,1.2717984523386816,0.966396025124128,1.2298152648692569,1.131324373650846,1.8724953332058096,1.2782228884447624,1.3859640131190023
2013-07-25,1.4190417594464877,1.294561065227836,0.9695057908669554,1.2298152648692569,1.15157278543506,1.9060092019545363,1.2872883440219929,1.389336017749699
2013-07-26,1.3806100768029956,1.2595006734597576,0.9647159363023056,1.2298152648692569,1.1203849225437061,1.8543890573904576,1.279901550758609,1.3908170894452905
2013-07-29,1.3579547320952177,1.2388326931253066,0.9618077105518191,1.2298152648692569,1.1019997846600236,1.8239591597507152,1.2758726726294043,1.3865396029009536
2013-07-30,1.4032674503173324,1.280170504630495,0.9617238841810636,1.2298152648692569,1.1387717068330738,1.8848216800549886,1.2886315986516377,1.3865396029009536
2013-07-31,1.4233435056200128,1.2984854550998515,0.9641224331600643,1.2298152648692569,1.1550637142891995,1.9117871628472518,1.2946752849119985,1.3875270883615602
2013-08-01,1.5004891004416223,1.3688637105282562,0.9733392581241342,1.2298152648692569,1.2176684733960899,2.01540653320151,1.3107912403086817,1.4035647286155992
2013-08-02,1.4720967416314386,1.3429619764735943,0.9699471344121369,1.2298152648692569,1.194627666103098,1.977270871021622,1.3037404452359858,1.4059495607763262
2013-08-05,1.4652143535151103,1.3366833228456274,0.9691248740257897,1.2298152648692569,1.1890425092176116,1.9680266785982357,1.3030690393610957,1.4038933687847395
2013-08-06,1.4353885301596536,1.3094738701305797,0.9655614898311098,1.2298152648692569,1.1648384248411696,1.9279656350151735,1.2946752849119985,1.395916176412478
2013-08-07,1.3906491752133532,1.2686591255246982,0.9602163394761353,1.2298152648692569,1.1285317952081029,1.8678732369941167,1.2829234677021002,1.3913922097412859
2013-08-08,1.3949506959639273,1.272583309748237,0.9607302555841001,1.2298152648692569,1.1320225411282776,1.8736508951062998,1.283259318266167,1.3964916096991105
2013-08-09,1.374302066365761,1.2537460121492405,0.9582632993671665,1.2298152648692569,1.1152658814010459,1.845916349762682,1.2799015507586091,1.3924616987488592
2013-08-12,1.389501546969921,1.2676121691321796,0.960079228748452,1.2298152648692569,1.127600478392276,1.8663317813055553,1.2822519142005886,1.3908170894452907
2013-08-13,1.4359612171666147,1.3099963200844573,0.965629910535034,1.2298152648692569,1.165303168579258,1.9287348489567935,1.2960178014085353,1.3949288474471897
2013-08-14,1.37200647174447,1.251651790891489,0.9579890375138249,1.2298152648692569,1.1134029733684443,1.8428329842147615,1.283259318266167,1.3877745074603274
2013-08-15,1.277940404799454,1.1658373551883199,0.9466743311767762,1.2298152648692569,1.0370670079145132,1.716486604345852,1.2550558427221405,1.3683645495849548
2013-08-16,1.290558341769007,1.1773484258214024,0.9466025600263153,1.2298152648692569,1.0473066451385367,1.733434593235926,1.2563986544719206,1.363841365390356
2013-08-19,1.2644598869079817,1.15353937066092,0.9436997604084958,1.2298152648692569,1.0261273738734085,1.6983800257499682,1.2547196969048309,1.3551233241796612
2013-08-20,1.2896983532110236,1.1765638768845614,0.9465069078326993,1.2298152648692569,1.0466087520620528,1.7322794855062342,1.2607633831651917,1.361784703912813
2013-08-21,1.2613058816893643,1.1506620400056615,0.9433489563018176,1.2298152648692569,1.0235678533020782,1.6941436719360803,1.2503554110914243,1.3533962418431702
2013-08-22,1.3040372816998227,1.1896449708094692,0.9481017545912095,1.2298152648692569,1.0582449986418867,1.751539052368086,1.2580776120390103,1.3657327678114166
2013-08-23,1.3048973829692816,1.1904296225705482,0.9481974193211548,1.2298152648692569,1.058942983185353,1.7526943114880438,1.2621067854214578,1.3703376425623446
2013-08-26,1.2960082797433417,1.1823202862071267,0.9472087291636562,1.2298152648692569,1.0517293481434158,1.7407547667685326,1.2597565696060997,1.3652393380717505
2013-08-27,1.1993592039145373,1.0941494274390051,0.9364589394970874,1.2298152648692569,0.9732972338515054,1.6109389761733652,1.234574863378943,1.343280227951081
2013-08-28,1.2389359224375254,1.1302544106421253,0.9408608584618243,1.2298152648692569,1.0054143098180885,1.6640970944498867,1.2439757266403753,1.3480505182538094
2013-08-29,1.2862564828840064,1.173423933125149,0.9461240859406352,1.2298152648692569,1.0438156248174146,1.7276564809529449,1.2543842892206287,1.350188557297044
2013-08-30,1.2509817359574944,1.1412435454425203,0.9422006535979077,1.2298152648692569,1.0151896606389361,1.6802766263496705,1.2469974959572447,1.3459120097246189
2013-09-03,1.2816675478709347,1.1692375470944092,0.9456136818238752,1.2298152648692569,1.0400916380918621,1.7214927776624247,1.2590847208513447,1.35199779967582
2013-09-04,1.3800371643730833,1.2589780178574033,0.9565548385593232,1.2298152648692569,1.1199199958716528,1.8536195406683056,1.2842665747051227,1.363183146080164
2013-09-05,1.4124441932287206,1.2885422484495934,0.9601593090721462,1.2298152648692569,1.1462187656143539,1.8971475727333693,1.294003436157243,1.3649102284166548
2013-09-06,1.3952364195542921,1.272843969191866,0.9582453751204373,1.2298152648692569,1.1322544099289178,1.874034669430647,1.288967301589082,1.365567978240891
2013-09-09,1.4511609231937252,1.3238626827158726,0.9644655758432672,1.2298152648692569,1.1776379485044532,1.9491505832801994,1.3054191075498316,1.3786445705709771
2013-09-10,1.531750079014484,1.3973824242672612,0.9734291015371292,1.2298152648692569,1.2430372068607194,2.057395229041737,1.3289221514631417,1.3888429010006702
2013-09-11,1.5185572008084602,1.3853468471955386,0.9719617241763501,1.2298152648692569,1.2323309965589575,2.0396749984047227,1.324892978080694,1.3932019216060174
2013-09-12,1.492173135068545,1.3612772354156648,0.9690271574997333,1.2298152648692569,1.210919947960171,2.0042368079846837,1.321871651643689,1.3895008073202249
2013-09-13,1.5119618888202033,1.3793300869020584,0.9712281608592548,1.2298152648692569,1.2269788060779014,2.0308163969888757,1.3299292602754764,1.3926261753287477
2013-09-16,1.5300293129181888,1.3958126066239125,0.9732377093955913,1.2298152648692569,1.241640780438874,2.055083953850492,1.3366445000373488,1.4006861537245687
2013-09-17,1.561003102651504,1.4240693242041929,0.976682767943274,1.2298152648692569,1.2667764560320902,2.0966869072929133,1.347388913181669,1.406936107265021
2013-09-18,1.6011526208929288,1.460696860185429,0.9811483965342177,1.2298152648692569,1.2993583672037443,2.150614390901321,1.359476138075769,1.4232205406365521
2013-09-19,1.584518548628741,1.445521956299723,0.9792982724993511,1.2298152648692569,1.2858595784592393,2.1282720640526134,1.3591401398850809,1.4208357084758252
2013-09-20,1.5589950350041866,1.422237407577881,0.9764594206979974,1.2298152648692569,1.2651468802718495,2.093989738313596,1.3500746843078506,1.4109018551346306
2013-09-23,1.5389187542785552,1.4039222514600482,0.9742264371620782,1.2298152648692569,1.2488546898817587,2.0670239527408008,1.3470530626176025,1.4043730269363652
2013-09-24,1.5698923185889195,1.4321787633918526,0.9776714706371021,1.2298152648692569,1.27399018254101,2.10862660340269,1.3554468170667,1.401067063330134
2013-09-25,1.5739084538835548,1.4358425966444766,0.9781181651276555,1.2298152648692569,1.2772493340614919,2.1140209413613245,1.352760898313897,1.3970168079884597
2013-09-26,1.5716129719737395,1.4337484782109633,0.9778628502423106,1.2298152648692569,1.275386517495873,2.11093772720367,1.3524250477498305,1.4023896052679452
2013-09-27,1.5354775602203912,1.4007829246460648,0.9738436904879906,1.2298152648692569,1.2460621114390156,2.0624018565291076,1.3403376752291087,1.395943250102602
2013-09-30,1.5383457291371676,1.403399493033456,0.9741627024632127,1.2298152648692569,1.2483896717427228,2.0662542846283825,1.3389948634793287,1.3885053405983674
2013-10-01,1.5782102000570797,1.4397669865164915,0.9785966266770062,1.2298152648692569,1.2807402629156313,2.1197989022540393,1.3520894924390068,1.3994967893029187
2013-10-02,1.5753419184288278,1.4371503153048624,0.9782776021654547,1.2298152648692569,1.2784126111449414,2.115946322764499,1.3510823836266717,1.3981744038604262
2013-10-03,1.5627238687477993,1.4256391418475418,0.976874160084812,1.2298152648692569,1.2681728824539356,2.098998182484159,1.347724320865871,1.3852818500250585
2013-10-04,1.5977113141232893,1.4575574305472079,0.9807656373238005,1.2298152648692569,1.2965656972940187,2.1459921432993623,1.3554468170666998,1.3957778345508014
2013-10-07,1.5739084538835546,1.4358425966444766,0.9781181651276554,1.2298152648692569,1.2772493340614917,2.1140209413613245,1.3504103872452955,1.3837120454837992
2013-10-08,1.4990558613192997,1.3675561975163462,0.9697926884568966,1.2298152648692569,1.216505379246605,2.013481454578868,1.3292578544005866,1.367595844579804
2013-10-09,1.4798403581319801,1.3500263101050214,0.9676554448688994,1.2298152648692569,1.2009117222018757,1.9876718364676267,1.324892978080694,1.3685881813952885
2013-10-10,1.5805041040062382,1.4418596654106712,0.9788517660537391,1.2298152648692569,1.2826017989434952,2.1228799969479697,1.3551112617558763,1.3980919308275037
2013-10-11,1.595130446757535,1.45520296114278,0.9804785804523173,1.2298152648692569,1.294471286328707,2.1425256089881586,1.3594761380757692,1.4071002708542721
2013-10-14,1.626391199907446,1.4837214692333092,0.9839555564947506,1.2298152648692569,1.3198398368593711,2.1845140020478535,1.3682055954623116,1.4127200177465684
2013-10-15,1.5848057374682876,1.4457839524584482,0.9793302150667602,1.2298152648692569,1.2860926363306522,2.128657806450419,1.3598113981333495,1.402472078300867
2013-10-16,1.6298326193885613,1.4868610016957688,0.9843383282414971,1.2298152648692569,1.3226325982360794,2.189136401040079,1.3715630677166262,1.4220585628956635
2013-10-17,1.6642474904685656,1.5182569432657949,0.9881661209269381,1.2298152648692569,1.3505607608050567,2.235361299303928,1.3786140104159437,1.4315628365871962
2013-10-18,1.6754325264502228,1.5284608093596819,0.9894101761150994,1.2298152648692569,1.3596375782805428,2.2503846637421576,1.3843219937388596,1.4412322128398924
2013-10-21,1.6952208293559792,1.5465132495491232,0.9916111293293031,1.2298152648692569,1.3756960705303432,2.2769636471852857,1.389357980680399,1.4413151553587709
2013-10-22,1.6840361315087484,1.5363096919279504,0.99036711175013,1.2298152648692569,1.3666195274558046,2.261940736917854,1.3876797612464171,1.4496616766830186
2013-10-23,1.517696986827526,1.3845620926102216,0.971866046910075,1.2298152648692569,1.2316329205485086,2.0385195878944993,1.3450385497396897,1.4427200138341856
2013-10-24,1.55469283798476,1.4183126064089138,0.9759809090033288,1.2298152648692569,1.26165558554978,2.0882111718598177,1.351417791310874,1.447513152453435
2013-10-25,1.5719001608132865,1.4340104743696886,0.97789479280972,1.2298152648692569,1.275619575367286,2.111323469601476,1.35712577463379,1.4541246101799412
2013-10-28,1.6043069642459729,1.4635744993134026,0.9814992382498843,1.2298152648692569,1.3019181621760223,2.1548511988860075,1.3635051638315958,1.4564383934660066
2013-10-29,1.6748576979252272,1.5279364057452796,0.989346240834963,1.2298152648692569,1.3591710966697867,2.2496125733854826,1.3843219937388598,1.4642063515972492
2013-10-30,1.6501938347242298,1.5054360974875642,0.986603003618237,1.2298152648692569,1.3391560171579333,2.216484901205359,1.3762639422272074,1.4569346401214085
2013-10-31,1.6782991174063422,1.5310759382077395,0.9897290125817095,1.2298152648692569,1.361963858046495,2.254234972377708,1.3823073332343252,1.4528026942234051
2013-11-01,1.6599458570065158,1.514332656218018,0.9876876719139169,1.2298152648692569,1.3470699234178996,2.229583489801479,1.3745848370334963,1.4562737603907994
2013-11-04,1.656789710269864,1.5114533719022352,0.9873366296169794,1.2298152648692569,1.3445086649739018,2.2253442595725366,1.3715630677166268,1.46139773011365
2013-11-05,1.6418777566396774,1.4978495195507353,0.9856780481596039,1.2298152648692569,1.3324074002550321,2.2053150245982667,1.3685408555198926,1.4567693810649263
2013-11-06,1.6602312424624546,1.5145930071889329,0.9877194139000552,1.2298152648692569,1.3473015178175924,2.229966809955028,1.3752565381616295,1.464206351597249
2013-11-07,1.5647300203000334,1.4274693104618061,0.9770972942124884,1.2298152648692569,1.269800903275474,2.101692777828954,1.353767859499611,1.4456949898414968
2013-11-08,1.6166396284710616,1.474825321799808,0.9828709383443884,1.2298152648692569,1.311926296467335,2.1714160190127982,1.363169165640908,1.465199001403371
2013-11-11,1.6154917748046784,1.4737781597588133,0.9827432683653865,1.2298152648692569,1.310994796717543,2.169874260543705,1.3604833945147263,1.4654473594740496
2013-11-12,1.6424510072040157,1.4983724836258039,0.9857418079311279,1.2298152648692569,1.332872601328033,2.206084995491217,1.367533894334179,1.4624714444948264
2013-11-13,1.688911015535136,1.540756943050796,0.9909093205346755,1.2298152648692569,1.3705755659159624,2.268488517313253,1.3769350528488546,1.4742074979254582
2013-11-14,1.6653935407513403,1.5193024601189795,0.9882935903246687,1.2298152648692569,1.3514907970831282,2.2369006355287646,1.3685408555198926,1.4815623084154959
2013-11-15,1.6969418208752247,1.548083272840948,0.9918025465434998,1.2298152648692569,1.3770926798861531,2.279275225157063,1.3779424569144325,1.488009133066795
2013-11-18,1.6510543868395902,1.5062211605455955,0.9866987184934998,1.2298152648692569,1.3398543675693295,2.217640765886381,1.3695487024653352,1.4828019078344288
2013-11-19,1.5934094552382883,1.4536329378509543,0.9802871632381203,1.2298152648692569,1.2930746769728962,2.140214031016381,1.358132883446125,1.479579199737713
2013-11-20,1.5696063695756028,1.4319178982997467,0.9776396659693163,1.2298152648692569,1.2737581308064043,2.1082425262978113,1.3537678594996108,1.474951476670264
2013-11-21,1.6533484035002242,1.5083139422640128,0.986953870406562,1.2298152648692569,1.3417159950641757,2.220722011970577,1.374584837033496,1.4868516936901472
2013-11-22,1.6562169105514273,1.5109308191241184,0.9872729199907725,1.2298152648692569,1.3440438297688306,2.22457489424065,1.368205595462312,1.4942897596897005
2013-11-25,1.6504818125441048,1.5056988134159555,0.9866350339399521,1.2298152648692569,1.3393897152982237,2.2168717033350265,1.3685408555198924,1.4928024281813634
2013-11-26,1.6929251220232122,1.544418925467133,0.9913557893712992,1.2298152648692569,1.373833071030759,2.2738801302470986,1.3745848370334963,1.4932154193272498
2013-11-27,1.7150096958191123,1.564566203859754,0.993812145225154,1.2298152648692569,1.3917550201150557,2.303543387579743,1.3816357797328136,1.4968522140370821
2013-11-29,1.7147220561336636,1.5643037964040767,0.9937801525124269,1.2298152648692569,1.3915215963757128,2.3031570396208734,1.3826428885451487,1.4958603467075535
2013-12-02,1.7055455386452258,1.555932258233454,0.99275949471486,1.2298152648692569,1.3840747205283976,2.2908314497230244,1.3772711986661643,1.4919755069176797
2013-12-03,1.7230385850641172,1.571890785637858,0.9947051581163776,1.2298152648692569,1.3982705791465437,2.3143275217890293,1.3823073332343256,1.4855293082476553
2013-12-04,1.701243454337274,1.5520075598887244,0.9922809955565209,1.2298152648692569,1.3805835172733103,2.2850530346595113,1.3776066063503665,1.4853643621818107
2013-12-05,1.7124284903189315,1.5622114259826116,0.9935250507446823,1.2298152648692569,1.3896603347487966,2.3000763990977413,1.3819716302968807,1.4788349080022707
2013-12-06,1.7715066610425554,1.6161071616891622,1.000096017965202,1.2298152648692569,1.4376031194947145,2.3794282125903834,1.398087880946807,1.495364100052152
2013-12-09,1.7852726771014427,1.628665600011716,1.001627142561176,1.2298152648692569,1.448774439402495,2.397918262730083,1.4044672701446128,1.4991656843325103
2013-12-10,1.7700734219202332,1.6147996486772525,0.9999366060000617,1.2298152648692569,1.4364400253452294,2.377503133967741,1.39909484213252,1.4937939825202553
2013-12-11,1.7178762867752317,1.5671813327078115,0.9941309816917638,1.2298152648692569,1.394081299881008,2.307393696215293,1.3896941264977092,1.4770167453903325
2013-12-12,1.6745724251807632,1.5276761575986022,0.9893145113851538,1.2298152648692569,1.358939593737076,2.2492294046221994,1.3745848370334963,1.4721412902334792
2013-12-13,1.6656807295908869,1.519564456277704,0.9883255328920781,1.2298152648692569,1.3517238549545412,2.2372863779265697,1.3722347688447598,1.4719758746816787
2013-12-16,1.7327898183660753,1.5807866245986453,0.9957897386577514,1.2298152648692569,1.4061838451376327,2.327425050653288,1.3799568221657241,1.481149160774292
2013-12-17,1.7867063670696661,1.6299735243205777,1.0017866046716342,1.2298152648692569,1.4499378994199095,2.3998439469137893,1.3913723459316911,1.4764384951879646
2013-12-18,1.8222686409701516,1.6624162166346461,1.0057420171907592,1.2298152648692569,1.4787971958707486,2.4476099980856674,1.4051386760195024,1.5016450396656946
2013-12-19,1.789574310563492,1.632589887059493,1.0021055915741974,1.2298152648692569,1.452265276789652,2.4036960722325325,1.4014456484543643,1.4999091935913602
2013-12-20,1.8351746684710548,1.6741901060203581,1.0071774895931174,1.2298152648692569,1.489270622702045,2.4649449404956747,1.4118536205281316,1.5086344335867121
2013-12-23,1.8807743501097651,1.715789708035795,1.0122493123940608,1.2298152648692569,1.526275419812543,2.526192900417221,1.4240993964137951,1.5166942554872147
2013-12-24,1.9031438585157023,1.7361969261023786,1.0147373600887362,1.2298152648692569,1.5444285974286027,2.556238872342351,1.4278516222541815,1.5200177465691334
2013-12-26,1.9206380320493492,1.7521564817491642,1.0166831488535482,1.2298152648692569,1.5586253707165745,2.5797364583110167,1.4336505435759834,1.5277456418988045
2013-12-27,1.9154762973178403,1.7474475429403076,1.0161090351105815,1.2298152648692569,1.5544365487859504,2.5728033896886093,1.4336505435759834,1.5276633253612009
2013-12-30,1.9301026400691377,1.7607908386724167,1.01773584950916,1.2298152648692569,1.5663060361711625,2.592449001728799,1.4408133872544486,1.5274134023373358
2013-12-31,1.9794296902022794,1.8057908382424186,1.0232222487246352,1.2298152648692569,1.6063356463929743,2.65870343774745,1.4472944911945147,1.5346420776005512
2014-01-02,1.890525470700248,1.724685444172344,1.0133338803991052,1.2298152648692569,1.5341885943366496,2.5392902778912134,1.4322860307128327,1.519934491059618
2014-01-03,1.883642293603591,1.71840607077471,1.012568299296624,1.2298152648692569,1.5286027971822855,2.5300450257359643,1.4278516222541813,1.519686132988939
2014-01-06,1.8480799069916303,1.6859632756364038,1.0086128742411693,1.2298152648692569,1.4997434092644641,2.4822788231738206,1.4186416402144364,1.515281572245868
2014-01-07,1.89109838313016,1.7252080997746981,1.0133976025616411,1.2298152648692569,1.5346535210087031,2.5400597946133656,1.4234173614221521,1.5245880358546422
2014-01-08,1.974554468041465,1.8013432786468588,1.0226800023311013,1.2298152648692569,1.6023793335318692,2.6521552031812523,1.4387668393996556,1.5249210578927042
2014-01-09,1.9326844091266955,1.7631461306707492,1.0180230066712788,1.2298152648692569,1.5684011788723344,2.59591674716213,1.4261460918952098,1.5259179330724293
2014-01-10,1.9561991788350799,1.7845981458208513,1.020638436009379,1.2298152648692569,1.5874837524975889,2.6275009955802346,1.431944422710525,1.5300724142963165
2014-01-13,1.8865093354056128,1.7210216109197203,1.0128871859085518,1.2298152648692569,1.5309294428161682,2.533895939932579,1.4176185877269718,1.5097140947899965
2014-01-14,2.016139592346197,1.8392804869490054,1.0273053061501034,1.2298152648692569,1.6361262596596406,2.7080109446078886,1.4554805349870665,1.5261673866103385
2014-01-15,2.0671877467100606,1.8858506126350707,1.032983135116105,1.2298152648692569,1.6775525707042453,2.776577109988583,1.4650318297758762,1.5343937195298722
2014-01-16,2.0327733264759584,1.8544550823619972,1.0291553925759818,1.2298152648692569,1.6496247740031982,2.7303528172857985,1.4602564038214036,1.532399186693829
2014-01-17,1.9977843031398117,1.8225353541229976,1.025263739828381,1.2298152648692569,1.62123067862536,2.683356737006871,1.4425187699867992,1.5259179330724295
2014-01-21,2.0370741709576796,1.8583786496401073,1.029633753834697,1.2298152648692569,1.6531149711214779,2.7361295670563854,1.4490000215534866,1.5304043408671484
2014-01-22,2.106764127098622,1.9219552873654764,1.0373850164718537,1.2298152648692569,1.7096693722698808,2.8297347740943066,1.4653728472716978,1.5314016855328296
2014-01-23,2.0350676812710184,1.8565481725531288,1.0294105820980324,1.2298152648692569,1.6514866758989917,2.7334345175407924,1.446612160949629,1.5188546733610149
2014-01-24,1.8922460113735917,1.7262550561672163,1.0135252474679841,1.2298152648692569,1.5355848378245296,2.5416012503019263,1.4193239704593226,1.4864484052540174
2014-01-27,1.856110486908768,1.6932893997780796,1.0095060751773348,1.2298152648692569,1.5062603403006898,2.4930652282370978,1.4067032229548764,1.4791364744812867
2014-01-28,1.8787660570394966,1.7139575857610068,1.0120259400761251,1.2298152648692569,1.5246456611183372,2.5234954286573723,1.4131840316416993,1.4879443440048798
2014-01-29,1.8523818785881057,1.6898878711568948,1.0090913608631789,1.2298152648692569,1.5032345210525684,2.488057086847067,1.4043153623510187,1.4736524090302496
2014-01-30,1.9243660768126334,1.7555574962491578,1.017097800486057,1.2298152648692569,1.561650732629783,2.5847438427497167,1.4159129097413787,1.4892739282320295
2014-01-31,1.894539689899799,1.7283475294129194,1.0137803617720582,1.2298152648692569,1.5374461909184285,2.544682042215324,1.4043153623510187,1.480548844731996
2014-02-03,1.7749480805236701,1.619246694151622,1.0003800804466447,1.2298152648692569,1.4403958808714226,2.384050611582609,1.3800972150828346,1.4472291134501076
2014-02-04,1.7778169257092997,1.6218638794844418,1.0003046997798486,1.2298152648692569,1.442723989977025,2.38790394802348,1.3749804763792974,1.4573660977148946
2014-02-05,1.78498537555042,1.6284035010287525,1.0009125942386128,1.2298152648692569,1.4485412900640995,2.3975323689420116,1.3746396065100976,1.4555383888885194
2014-02-06,1.8698765029676545,1.7058478381006323,1.0081114792275485,1.2298152648692569,1.51743166020847,2.5115552783767963,1.3951058231911384,1.4747325397194901
2014-02-07,1.960215088706763,1.788261773424998,1.0157723162147003,1.2298152648692569,1.590742721084105,2.632895030758335,1.413866214259964,1.4930129143849327
2014-02-10,1.990328664459144,1.8157337364199613,1.0183259890783145,1.2298152648692569,1.6151803206668724,2.6733425736905327,1.421711683436559,1.4957551818534294
2014-02-11,2.0663273073061745,1.8850656524012763,1.0247707790795355,1.2298152648692569,1.6768543117598311,2.7754213966978263,1.4391081521487206,1.512124122697025
2014-02-12,2.124547067432472,1.9381782787103194,1.029707895242132,1.2298152648692569,1.72410048396702,2.853620221924501,1.4469533260720726,1.5128723268154343
2014-02-13,2.200832673696098,2.007771985201883,1.0361770201378815,1.2298152648692569,1.7860073499974267,2.9560844845490677,1.4623026564229542,1.520682538682709
2014-02-14,2.2372551615775182,2.0409994321012688,1.039265697473742,1.2298152648692569,1.8155647224587148,3.0050059462311696,1.4732180211950496,1.5290750696306366
2014-02-18,2.255323938213209,2.0574831857139797,1.0407979547172086,1.2298152648692569,1.8302277944234768,3.029275319775977,1.4762880644171719,1.5309035609336046
2014-02-19,2.2501610763669455,2.0527732186627423,1.0403601368936528,1.2298152648692569,1.8260380578230282,3.02234073725091,1.4728768560726062,1.5207661071828618
2014-02-20,2.303216171263372,2.1011742327327387,1.0448592823032696,1.2298152648692569,1.8690930299580488,3.0936025577082615,1.4827690207306163,1.5297401747348485
2014-02-21,2.2682289513108334,2.0692561496815496,1.0418923176724078,1.2298152648692569,1.840700398051931,3.0466088996735907,1.4745825340582,1.5279946259507584
2014-02-24,2.2943263917685788,2.0930642794238885,1.0441054167096901,1.2298152648692569,1.8618788461142166,3.081662104647154,1.4834513509755023,1.5364704124082011
2014-02-25,2.2607708329777054,2.062452269845275,1.0412598589249795,1.2298152648692569,1.8346480278198285,3.0365914057714014,1.4752647166764645,1.535888406318186
2014-02-26,2.304650086654547,2.1024823626900773,1.0449808803112004,1.2298152648692569,1.870256672909429,3.0955285446725007,1.487203281562646,1.53597181832302
2014-02-27,2.301496194147405,2.0996051348590568,1.0447134258655222,1.2298152648692569,1.8676972438050812,3.0912923422488787,1.4878857594341535,1.5440321097094785
2014-02-28,2.2943263917685788,2.0930642794238885,1.0441054167096901,1.2298152648692569,1.8618788461142166,3.0816621046471546,1.4889086642949965,1.5479374503860939
2014-03-03,2.2567565010666777,2.0587900817804607,1.0409194380280717,1.2298152648692569,1.8313903397710667,3.031199490057024,1.479357517132808,1.5370517925169418
2014-03-04,2.3737674685000036,2.1655366532858062,1.0508421298643638,1.2298152648692569,1.9263464217867259,3.1883646891590676,1.4988005336997627,1.5586567537315332
2014-03-05,2.388681225513798,2.1791421508251156,1.0521068370812625,1.2298152648692569,1.9384491499773155,3.2083963463775937,1.5005062116853563,1.5600688109916052
2014-03-06,2.4431700103784477,2.2288510892039732,1.056727561382632,1.2298152648692569,1.9826675821297506,3.281583851018651,1.5165377246545027,1.5636414426207956
2014-03-07,2.431699814363803,2.2183870777876478,1.0557548729000754,1.2298152648692569,1.973359353188537,3.266177469207405,1.5165377246545027,1.5643065477250075
2014-03-10,2.4162130322086215,2.204258821821746,1.0544415723588316,1.2298152648692569,1.9607916068589115,3.245376143876461,1.5165377246545027,1.563475557583039
2014-03-11,2.3777818004110305,2.169198841350619,1.0511825507612715,1.2298152648692569,1.9296041098354872,3.193756604873445,1.50562265513565,1.5557481317393238
2014-03-12,2.437721763076246,2.223880771181821,1.0562655424777934,1.2298152648692569,1.9782462511296095,3.274265948340036,1.5223369412295475,1.5561633138196709
2014-03-13,2.3158348972132528,2.112686023135487,1.045929367712474,1.2298152648692569,1.8793333074509497,3.1105516063301986,1.5015297070526854,1.5387140857915158
2014-03-14,2.279125896761139,2.0791971970228054,1.0428163937144408,1.2298152648692569,1.8495434259201438,3.0612453105918873,1.4892498294174392,1.534393719529872
2014-03-17,2.3608613282876245,2.1537626610758553,1.0497476713282747,1.2298152648692569,1.915872903488447,3.1710295953587946,1.5056226551356497,1.5482698464428806
2014-03-18,2.4615252995848333,2.245596222029981,1.0582841152882714,1.2298152648692569,1.9975631631640314,3.3062380586196696,1.5233599937170115,1.559320606873196
2014-03-19,2.4560756997449253,2.240624670116971,1.057821981686365,1.2298152648692569,1.9931407345600998,3.2989183392578614,1.5216544633580396,1.5510121139113773
2014-03-20,2.5943100125899377,2.3667328400114775,1.069544442560336,1.2298152648692569,2.1053198664467643,3.4845900226699316,1.5472371234893745,1.560068810991605
2014-03-21,2.526053520994268,2.304463920946494,1.063756197690758,1.2298152648692569,2.0499287423818107,3.392910197035184,1.5312051676403629,1.554018075991779
2014-03-24,2.4947925424214055,2.275945207207488,1.0611052234813858,1.2298152648692569,2.0245600089171814,3.3509215011949567,1.5260890194433125,1.5475915957319029
2014-03-25,2.5464146236184604,2.3230389139140506,1.0654828473477835,1.2298152648692569,2.0664520698366817,3.4202585458101975,1.542461845161523,1.5549368600075038
2014-03-26,2.4692685779509493,2.252660247188694,1.0589407560008044,1.2298152648692569,2.003846944861862,3.316638569894876,1.526770906808334,1.5437524525750717
2014-03-27,2.4081821141570567,2.196932389207355,1.0537605394032363,1.2298152648692569,1.9542744014217381,3.234589284642385,1.5182431073868528,1.5404975064427167
2014-03-28,2.4600920604625114,2.2442887090180714,1.0581625746288743,1.2298152648692569,1.9964000690145467,3.3043129799970274,1.5294999325346346,1.548092537246864
2014-03-31,2.5785355907493064,2.352342176589898,1.0682067497760297,1.2298152648692569,2.092518696377796,3.4634023493801176,1.5557647752842332,1.5607778912803547
2014-04-01,2.6989883157981738,2.462228589030418,1.0784213074172404,1.2298152648692569,2.190267814171111,3.625190401645185,1.57895957481171,1.571127552683171
2014-04-02,2.6820680690977183,2.4467926144041297,1.0769864471004216,1.2298152648692569,2.1765367907580355,3.6024636949110658,1.5711142532617364,1.5763846999221827
2014-04-03,2.6981272001254353,2.4614430118511956,1.0783482836174771,1.2298152648692569,2.189569006424802,3.624033780012833,1.5752073489713232,1.574298617324736
2014-04-04,2.471276871021218,2.254492369463483,1.0591110620301483,1.2298152648692569,2.0054767035560683,3.3193360416547257,1.5363219063439,1.5556870985650553
2014-04-07,2.4030201540025975,2.1922232447500236,1.0533227980443924,1.2298152648692569,1.95008539655715,3.2276559132394467,1.5277942545490408,1.5384946793547853
2014-04-08,2.493071438190684,2.2743750810914265,1.060959271462749,1.2298152648692569,2.02316330809439,3.348609771832915,1.5496248364666103,1.5448375911145087
2014-04-09,2.573373405171896,2.34763282648409,1.067768989301008,1.2298152648692569,2.0883295085792426,3.456468675196647,1.5680442100396146,1.5614461262909396
2014-04-10,2.336198028644005,2.1312628669393314,1.0476561894151013,1.2298152648692569,1.8958582813115066,3.137902680130002,1.5209722807397752,1.5286465854482043
2014-04-11,2.2246353085128816,2.0294866134561382,1.0381955164836478,1.2298152648692569,1.805323530295989,2.9880553837065746,1.4991418464488273,1.5148753103986832
2014-04-14,2.2768326690808336,2.077105135074055,1.0426219248361703,1.2298152648692569,1.847682438694175,3.0581651242395536,1.5124447765715376,1.5268099563886666
2014-04-15,2.3238649135730136,2.1200116331559733,1.0466103242033578,1.2298152648692569,1.8858497811522634,3.121337254442147,1.52301897622119,1.5373262853058325
2014-04-16,2.3103864244880996,2.107715499464859,1.0454673296914574,1.2298152648692569,1.8749117935168436,3.103233400871051,1.5196080631298678,1.553433722471984
2014-04-17,2.4437450643263947,2.2293756984668525,1.0567763267525792,1.2298152648692569,1.9831342466744724,3.282356244155859,1.538368454198694,1.5556038430555394
2014-04-21,2.508272609466976,2.288242780437937,1.062248351806532,1.2298152648692569,2.0354992770903566,3.369027474229777,1.5468959583669317,1.5610285967808126
2014-04-22,2.579968829871628,2.353649689601808,1.0683282904354268,1.2298152648692569,2.09368179052728,3.4653274280027593,1.5578111755124056,1.5681222165840432
2014-04-23,2.5693588478379175,2.3439704327707997,1.067428549287922,1.2298152648692569,2.0850716375965153,3.4510764567017365,1.5526947320621116,1.5644505234181547
2014-04-24,2.6092217407971727,2.380336486714502,1.0708089777316334,1.2298152648692569,2.117420948231669,3.504618954863669,1.5642922794524718,1.5676222140409943
2014-04-25,2.356847221799548,2.150100678659518,1.0494072695475452,1.2298152648692569,1.91261539837365,3.1656379824249483,1.5148323419221528,1.554769253521242
2014-04-28,2.313828632949543,2.1108557516969855,1.0457592337287318,1.2298152648692569,1.8777051951624286,3.1078568595951372,1.5107393938391878,1.5596935352175103
2014-04-29,2.355987007818614,2.149315924074201,1.0493343222124933,1.2298152648692569,1.9119173223632013,3.164482571914725,1.5172202025260106,1.5669538225350905
2014-04-30,2.4035925028751324,2.1927453862311874,1.0533713340202038,1.2298152648692569,1.9505498658942904,3.2284246730102684,1.5237011588394547,1.571627555226219
2014-05-01,2.379790318904251,2.171031169273885,1.0513528759067936,1.2298152648692569,1.9312340514636583,3.1964543794138267,1.512444776571538,1.571795005217162
2014-05-02,2.394128796547148,2.18411185190184,1.0525687986375674,1.2298152648692569,1.9428699321755623,3.2157133407146143,1.514832341922153,1.5695419421147285
2014-05-05,2.405600795945401,2.1945775085059753,1.0535416400495476,1.2298152648692569,1.9521796245884961,3.231122144770117,1.5151735070445962,1.5725460262513067
2014-05-06,2.3769215864300968,2.168414086765303,1.0511096034262202,1.2298152648692569,1.9289060338250386,3.1926011943632213,1.5127859416939815,1.5588586326925757
2014-05-07,2.3815105214431687,2.172600472796043,1.051498751460719,1.2298152648692569,1.9326300205505913,3.1987648976537417,1.5185847153891614,1.5680394305604837
2014-05-08,2.430264771857874,2.2170779195879287,1.0556331793112552,1.2298152648692569,1.9721947955673322,3.2642499683405064,1.5284764371673065,1.5663694690152958
2014-05-09,2.4104757926832647,2.199024862453059,1.053955046513863,1.2298152648692569,1.9561357545156368,3.237670076555782,1.5216544633580407,1.5687067265991568
2014-05-12,2.5409668271621606,2.3180690071888517,1.0650208666753012,1.2298152648692569,2.0620311047044706,3.4129412486926456,1.5468959583669322,1.5839795742310108
2014-05-13,2.4847551346831804,2.26678829750612,1.0602540374258704,1.2298152648692569,2.0164145082575224,3.3374395924452878,1.5356395760990151,1.5853985172851028
2014-05-14,2.4213749923630807,2.208967966279078,1.0548793137176757,1.2298152648692569,1.9649806117234998,3.2523095152793986,1.523018976221191,1.5778873679717456
2014-05-15,2.336484315791748,2.1315240405041505,1.0475813984107092,1.2298152648692569,1.896090607447059,3.1382872114056775,1.508010515739509,1.5640336198893023
2014-05-16,2.405600795945401,2.194577508505975,1.0474728922707082,1.2298152648692569,1.9521796245884964,3.2311221447701164,1.5199490806256903,1.5694585301098944
2014-05-19,2.482746841612912,2.2649561752313314,1.054432334291037,1.2298152648692569,2.0147847495633164,3.334742120685438,1.5332520107484005,1.5752169318545042
2014-05-20,2.4477598470833244,2.2330382978286183,1.0512761134142907,1.2298152648692569,1.9863923005911637,3.2877487654312993,1.5257477066942486,1.5652849564571332
2014-05-21,2.4830347067213117,2.2652187883354853,1.0544583029653125,1.2298152648692569,2.0150183562366246,3.3351287714248397,1.534616523611551,1.5784720344821779
2014-05-22,2.5194574200256823,2.298446440883347,1.0577440418424198,1.2298152648692569,2.0445759116318776,3.3840505358874733,1.5400739845576665,1.5823102386670975
2014-05-23,2.587139083096356,2.360190956333928,1.0638496899790704,1.2298152648692569,2.0995005540860747,3.4749582711655456,1.552012549443848,1.5886540893987329
2014-05-27,2.6860819501628432,2.4504543911719905,1.0727754507321494,1.2298152648692569,2.1797941129388665,3.6078550050643767,1.574184444110482,1.5984186148051611
2014-05-28,2.6946856679328444,2.458303376564497,1.0735516029569525,1.2298152648692569,2.186776153581111,3.619411229630339,1.576571861834475,1.5972499077655713
2014-05-29,2.7113209800232627,2.4734794115168226,1.0750522954290243,1.2298152648692569,2.2002759484624237,3.641755221771973,1.576912879330296,1.605512547599029
2014-05-30,2.722505114313116,2.4836824550168046,1.0760612302806336,1.2298152648692569,2.2093520342020496,3.6567773750880743,1.5806652527973042,1.6080997282067553
2014-06-02,2.766669978868847,2.523973104480998,1.0800453983809144,1.2298152648692569,2.2451924566253076,3.716098136923254,1.5895336268347418,1.6099362007709743
2014-06-03,2.8446787181697535,2.5951387879249106,1.087082665081316,1.2298152648692569,2.3084976698841917,3.8208768539346525,1.6093178085241397,1.6091012982460398
2014-06-04,2.8833957862691846,2.630459530663904,1.0905753805964622,1.2298152648692569,2.3399171271752386,3.8728803186522804,1.6144342519744337,1.6123564008737135
2014-06-05,2.9232582283825383,2.666825173310654,1.09417142174512,1.2298152648692569,2.372266071942463,3.92642221125315,1.6209150606612563,1.6228721038096046
2014-06-06,2.9668509694886853,2.7065938869421595,1.0981039778678663,1.2298152648692569,2.4076422079625446,3.9849745160980388,1.6294427124561155,1.6306341151187387
2014-06-09,2.988073413208567,2.725954662737415,1.1000184812661966,1.2298152648692569,2.4248645260976893,4.013479789285936,1.6328536255474373,1.6323031376920145
2014-06-10,3.0178991238525485,2.753164012628225,1.102709096217953,1.2298152648692569,2.449068519007149,4.053540681478733,1.6410402598464755,1.63247027469232
2014-06-11,3.0617781521064393,2.7931938998245514,1.1066674786651551,1.2298152648692569,2.4846769811627842,4.1124775175993005,1.6437688426929118,1.6267949719619073
2014-06-12,3.0299436975462872,2.764152016362001,1.1037956523927495,1.2298152648692569,2.4588428636911885,4.069718548085591,1.640016912105768,1.615277542491413
2014-06-13,3.1159811006692486,2.842642075935542,1.1115571949764684,1.2298152648692569,2.5286634530475967,4.185281096525745,1.6666226247245672,1.620201511197044
2014-06-16,3.174200184526693,2.8957540852991563,1.1168092119149489,1.2298152648692569,2.5759090764528905,4.263479013410824,1.6734447461604545,1.6215371987416207
2014-06-17,3.245611244898357,2.9609008491405886,1.1232512936829335,1.2298152648692569,2.633860178424086,4.359395949810788,1.6806078850921633,1.6260437944324437
2014-06-18,3.2066074388052814,2.9253185215398227,1.1197327111719544,1.2298152648692569,2.6022080291295566,4.30700734825642,1.6775379894966629,1.6379784404224274
2014-06-19,3.21549857083778,2.93342970873953,1.120534791399656,1.2298152648692569,2.6094233105771787,4.318949618000719,1.6836777806876642,1.6398147564913275
2014-06-20,3.243603628096942,2.959069343811229,1.1230701840407271,1.2298152648692569,2.6322309685317755,4.3566993863925365,1.6836777806876642,1.6431434119187611
2014-06-23,3.2077557433175667,2.92636609487777,1.1198363011694168,1.2298152648692569,2.6031398947472786,4.3085497122865775,1.6782200244883057,1.642640435964658
2014-06-24,3.1363449083688533,2.8612195366848137,1.1133942397371204,1.2298152648692569,2.545188975710048,4.212633078667144,1.6673049549694532,1.6327447674812112
2014-06-25,3.170185401769764,2.89209148593739,1.116447033301913,1.2298152648692569,2.572651022536199,4.258086492135383,1.6785608943575057,1.6401249302128684
2014-06-26,3.129747454862562,2.855200822730809,1.1127990751403927,1.2298152648692569,2.5398350473563243,4.203771600836243,1.6703748505649543,1.6389501198558518
2014-06-27,3.1446609864534056,2.868806114621643,1.1141444436233365,1.2298152648692569,2.551937592612949,4.223802955274237,1.675832606764313,1.6421374600105552
2014-06-30,3.243030377532603,2.9585463797361604,1.1230184703847501,1.2298152648692569,2.6317657674587744,4.355929415499585,1.6881123367729374,1.6412986451026546
2014-07-01,3.3766737265579843,3.0804663127636402,1.1350746053544316,1.2298152648692569,2.740219266214201,4.535434670596346,1.7154002320100008,1.6522841469850977
2014-07-02,3.4021999452579506,3.1037533292671973,1.1373773577185164,1.2298152648692569,2.760934159609171,4.569720629701748,1.7205169707135375,1.6539614638102618
2014-07-03,3.4707418223095585,3.1662825993030954,1.1435606068426654,1.2298152648692569,2.816556878073817,4.6617837754900435,1.7372308139275694,1.6620957774824363
2014-07-07,3.398183359117413,3.1000890847176206,1.1370150164199724,1.2298152648692569,2.757674642220759,4.564325686182049,1.7242687536740593,1.6563098325617462
2014-07-08,3.3468480159140026,3.0532569628728305,1.1323839904026756,1.2298152648692569,2.716015273304741,4.4953737784035495,1.7157413971324431,1.6456593871565075
2014-07-09,3.4050661980796426,3.10636814964254,1.1376359259984017,1.2298152648692569,2.7632601649741746,4.573570484166499,1.7211990057051803,1.653039393392846
2014-07-10,3.356024984248342,3.0616289123404057,1.1332118562834554,1.2298152648692569,2.723462515019986,4.5076999738624615,1.7222225010725087,1.6464980455690894
2014-07-11,3.362622663177584,3.067647831942886,1.1338070412158718,1.2298152648692569,2.728816626307674,4.516561754473894,1.7184701276055008,1.648761906848509
2014-07-14,3.4079349305537967,3.108985232151122,1.1378947179708605,1.2298152648692569,2.7655881826127944,4.5774236692171035,1.7287030145060887,1.6570641399975823
2014-07-15,3.380976149000361,3.084391319581084,1.1354627323060547,1.2298152648692569,2.7437107438702344,4.541213539830656,1.7246103616763668,1.653961463810262
2014-07-16,3.497986440164833,3.191137274141,1.1460183781605497,1.2298152648692569,2.8386662770839983,4.698377830591102,1.7437113273611489,1.6600832476847496
2014-07-17,3.2278296571022116,2.9446790916866017,1.1216471942345967,1.2298152648692569,2.6194301643307356,4.335512318663784,1.700732936650761,1.6412150766025022
2014-07-18,3.354304330863521,3.060059197521294,1.1330566339727701,1.2298152648692569,2.7220661800651222,4.505388850061481,1.7208576929561155,1.6579869928915911
2014-07-21,3.3818368138271966,3.0851764854633528,1.1355403739649301,1.2298152648692569,2.744409185748613,4.542369555901943,1.727679962018624,1.6548840037136336
2014-07-22,3.4463641335448263,3.1440433617859607,1.1413614648117314,1.2298152648692569,2.796774033230532,4.629040483195329,1.7440527877368353,1.662095777482436
2014-07-23,3.208328993881903,2.9268890589528374,1.119888014825394,1.2298152648692569,2.6036050958202774,4.309319683179525,1.7078959279558483,1.6657857806006053
2014-07-24,3.1271654603820505,2.852845325083999,1.1125661501637667,1.2298152648692569,2.5377397217211852,4.200303552622376,1.706190545223498,1.6658695055960768
2014-07-25,2.939031523108411,2.6812148084898513,1.0954617836750475,1.2298152648692569,2.3850663273416033,3.947608370640301,1.6741270764053406,1.6580711873730185
2014-07-28,2.929567591357476,2.6725810685120277,1.0953878556275045,1.2298152648692569,2.3773862106889103,3.934896735564115,1.6734447461604547,1.6587414568227459
2014-07-29,2.916089102272562,2.6602849348209134,1.0947075925164464,1.2298152648692569,2.3664482230534905,3.916792881993019,1.6727628587954333,1.6516135645447336
2014-07-30,3.002126956241425,2.7387754056914067,1.0990499470519515,1.2298152648692569,2.436269178277828,4.032356035994237,1.6952754757046455,1.6518648960264664
2014-07-31,2.7985037571601428,2.553014370998118,1.0887730272860927,1.2298152648692569,2.271026025295005,3.7588561980953648,1.6632115640066238,1.6192439163422974
2014-08-01,2.840375844881471,2.5912133698105135,1.09088632325572,1.2298152648692569,2.3050058263602247,3.815097379139275,1.669010337701804,1.614295847357596
2014-08-04,2.875937217090152,2.6236552395306765,1.0926811156497171,1.2298152648692569,2.3338643910752035,3.8628622191890245,1.6761736242601344,1.6259524011663593
2014-08-05,2.7901874536526394,2.5454275874128127,1.0883533011238444,1.2298152648692569,2.2642772254581387,3.74768601870774,1.6485444162740064,1.610187062766751
2014-08-06,2.8151383929817078,2.5681897890050145,1.0896125820050238,1.2298152648692569,2.2845252713744224,3.7811992818954026,1.6577541030605085,1.6106898822255353
2014-08-07,2.704723075671066,2.467460286265864,1.0840398900816917,1.2298152648692569,2.194921654240767,3.6328931383800045,1.6393347294875042,1.601968711108468
2014-08-08,2.7953496392300496,2.550136937518621,1.0886138380726542,1.2298152648692569,2.268466413256692,3.754619692891211,1.6519554769919498,1.6205015127228737
2014-08-11,2.8796661635452394,2.627057076624575,1.0928693166194645,1.2298152648692569,2.3368904847242713,3.8678708147498524,1.6690103377018035,1.6251977807398863
2014-08-12,2.8687683164031297,2.617115206689413,1.0923192992284925,1.2298152648692569,2.3280467251201986,3.8532331927094288,1.6676459724652748,1.622933293479192
2014-08-13,2.9513641873335,2.6924656309762565,1.096487935918086,1.2298152648692569,2.3950744616329156,3.964173190767091,1.688112336772937,1.633918795361635
2014-08-14,2.967137256636425,2.7068550605069785,1.0972840071340322,1.2298152648692569,2.4078745340980943,3.9853590473737133,1.6939109628414952,1.6416341710658149
2014-08-15,3.0566152902601726,2.788483932773312,1.1017999884981742,1.2298152648692569,2.4804872445623327,4.10554293507423,1.7078959279558483,1.6412986451026548
2014-08-18,3.0970525608985215,2.825373979034464,1.1038408688486236,1.2298152648692569,2.513302670940312,4.159856918031774,1.7154002320100006,1.6550517666952136
2014-08-19,3.163301435692775,2.885811392770087,1.1071844680745997,1.2298152648692569,2.567064585112954,4.2488401802482665,1.7263157444087178,1.6636892128168097
2014-08-20,3.2410227607311843,2.9567148744067993,1.111107085070697,1.2298152648692569,2.630136557566461,4.353232852081328,1.735866153437798,1.6681336798661337
2014-08-21,3.284041349581189,2.9959598013693314,1.1132782452727106,1.2298152648692569,2.665046760777682,4.411013974911139,1.7433706051185713,1.6729975543694076
2014-08-22,3.2912118282288683,3.002501273749928,1.113640141334051,1.2298152648692569,2.6708657072704414,4.420645120854459,1.7457586133490508,1.6703981671268278
2014-08-25,3.251347582731907,2.966133985915369,1.1116281817226354,1.2298152648692569,2.6385152990314977,4.367100806009335,1.7392775094089847,1.6788683197527996
2014-08-26,3.254215638937208,2.9687504514785217,1.111772933320876,1.2298152648692569,2.6408427678682225,4.370953082718343,1.7396185269048063,1.679957996656477
2014-08-27,3.2719965504644994,2.9849715919870796,1.1126703408950338,1.2298152648692569,2.655272233159677,4.39483580552375,1.7430294399961284,1.6792874142161125
2014-08-28,3.3419730191761357,3.048809608925745,1.1162020728278013,1.2298152648692569,2.712059143377598,4.488825846617881,1.74916923118713,1.6783644048267845
2014-08-29,3.378969659313698,3.082560842494104,1.1180693035952949,1.2298152648692569,2.742082448647747,4.538518490315061,1.7628136216855261,1.6831450238205432
2014-09-02,3.333370203097939,3.0409614461271435,1.1157678862960358,1.2298152648692569,2.7050778344712136,4.477270833174047,1.7624720136832184,1.6823063654079613
2014-09-03,3.3626226631775813,3.0676478319428844,1.1172442661316777,1.2298152648692569,2.7288166263076716,4.5165617544738925,1.767588604760134,1.6813838255045894
2014-09-04,3.3884342673334866,3.0911951994173563,1.1185469850072045,1.2298152648692569,2.7497631141023344,4.551231033732844,1.771340978227142,1.6789514187669965
2014-09-05,3.4736103293607585,3.1688994761631992,1.1228458446625655,1.2298152648692569,2.8188847127784684,4.665636657760114,1.7798683347687585,1.6864987184989593
2014-09-08,3.495120412766089,3.1885226594141316,1.12393146458363,1.2298152648692569,2.836340454652956,4.694528278906881,1.7812328476319086,1.6821384459310629
2014-09-09,3.402485105290935,3.104013474589634,1.1192561347258185,1.2298152648692569,2.7611655710748955,4.570103647074762,1.7679302127624414,1.67148847001178
2014-09-10,3.3990433476753936,3.10087363365446,1.1190824282570662,1.2298152648692569,2.75837253529724,4.565480793911739,1.767588604760134,1.6777775473818919
2014-09-11,3.4248554026772,3.124421412425884,1.1203851698869116,1.2298152648692569,2.779319388959832,4.600150678731753,1.770317482859813,1.6797068216700632
2014-09-12,3.292357653088693,3.0035465849546368,1.1136979714349593,1.2298152648692569,2.6717955606145476,4.422184154298765,1.7464403530874502,1.6698948781820877
2014-09-15,3.172193018571176,2.8939229912667472,1.1075531780133725,1.2298152648692569,2.5742802324285057,4.260783055553632,1.7314318926057681,1.6686372818015114
2014-09-16,3.336811059021677,3.044100464468413,1.107440290547007,1.2298152648692569,2.707870138513009,4.481892475214943,1.757014405110481,1.681215906027691
2014-09-17,3.4156779834969595,3.1160490516613573,1.1127765754768808,1.2298152648692569,2.771871781376657,4.587823877711777,1.7686122477540842,1.6834800802977479
2014-09-18,3.5625148869972163,3.2500051787059876,1.122711837445202,1.2298152648692569,2.8910320392357396,4.7850502717871475,1.7924892298998254,1.692453208877823
2014-09-19,3.435179548409071,3.1338399069890257,1.1140960881577904,1.2298152648692569,2.7876975816229743,4.614017724318163,1.771340978227142,1.6909281619976941
2014-09-22,3.309564637782794,3.0192441444426983,1.1055967462726821,1.2298152648692569,2.6857592760311064,4.445295997869627,1.751556796537744,1.6778694101339326
2014-09-23,3.283753484472791,2.995697188265179,1.103850314934739,1.2298152648692569,2.664813154104374,4.41062732417174,1.7437113273611493,1.6682645099525155
2014-09-24,3.4016244404641,3.1032283087073647,1.1118256862366003,1.2298152648692569,2.7604671291965164,4.568947631003475,1.7641778392954335,1.6813238877975514
2014-09-25,3.2175043842555864,2.935259568881079,1.0993677758036795,1.2298152648692569,2.6110510569977667,4.321643759174714,1.733819900836248,1.654194172349077
2014-09-26,3.329353166111501,3.037296790280615,1.106935675439851,1.2298152648692569,2.701817951214872,4.471875284093286,1.7498515614320158,1.6673380576661774
2014-09-29,3.343406709144361,3.0501175332346078,1.1078865646801315,1.2298152648692569,2.7132226033950126,4.490751530801588,1.752580439531695,1.6643048654003325
2014-09-30,3.2599510750789578,2.9739827656594,1.1022397990006123,1.2298152648692569,2.645497156739777,4.378656727794765,1.7426885701269286,1.6599240919456943
2014-10-01,3.0222010954490224,2.757088608148715,1.0861531867506997,1.2298152648692569,2.45255963079525,4.059318945151977,1.7044850148645265,1.637428515872733
2014-10-02,2.9720133804890447,2.7113034426964435,1.0826568452368504,1.2298152648692569,2.4118315786950597,3.991908493062039,1.6962983805654888,1.637681099317015
2014-10-03,3.0170386844486616,2.752379052394431,1.0825870522510734,1.2298152648692569,2.448370260062732,4.052384968187975,1.7099426234372634,1.6557112379679548
2014-10-06,2.944193483262871,2.6859239529471837,1.0792168043875128,1.2298152648692569,2.389255332206191,3.954541742043239,1.7020974495139116,1.653772730455984
2014-10-07,2.778715003408485,2.5349615195117248,1.0715607956990052,1.2298152648692569,2.254967167177274,3.7322766090911723,1.6690103377018035,1.628245214079727
2014-10-08,2.9619755219049173,2.702146121698122,1.0800395061821069,1.2298152648692569,2.40368571216747,3.9784259787513054,1.704485014864526,1.6567218847357201
2014-10-09,2.7248001453770265,2.4857761621533636,1.0690663769571136,1.2298152648692569,2.2112144848997346,3.659859983684661,1.6645762244963955,1.623863971139133
2014-10-10,2.158745363299609,1.969376643403975,1.0428904132385914,1.2292003572368222,1.752958499880101,2.901384153632651,1.554400262421084,1.6053281961136732
2014-10-13,2.158745363299609,1.969376643403975,1.0428518367700264,1.149724014410843,1.639617554381707,2.713789511061663,1.5322285153810713,1.5789584219325057
2014-10-14,2.158745363299609,1.969376643403975,1.0472105089713915,1.2146764360199054,1.7322459846266762,2.8671021306741653,1.564974314444115,1.5814013138564473
2014-10-15,2.158745363299609,1.969376643403975,1.0482837162981666,1.230669245651424,1.7550532767133429,2.904851293504918,1.5646330016950505,1.5707007899492444
2014-10-16,2.158745363299609,1.969376643403975,1.0518648156819266,1.2840343683888227,1.831157098965686,3.0308134448786825,1.5833938356437411,1.5693535217510886
2014-10-17,2.158745363299609,1.968391955082273,1.0539675187108095,1.3153686021510873,1.8758427444647374,3.104774250998543,1.6001081217376378,1.5878883578046363
2014-10-20,2.158745363299609,2.0614389245116387,1.0581400248415418,1.3768891145230338,1.9645148618486008,3.251538636044848,1.6154573044618983,1.6033065895875052
2014-10-21,2.158745363299609,2.285630095985765,1.0681934316657364,1.3768891145230338,2.1781650859805177,3.605158744426653,1.665258111861417,1.6350691924489438
2014-10-22,2.158745363299609,2.1906295552147173,1.0639333215168403,1.3768891145230338,2.0876312496348253,3.4553129619058858,1.6454745206785053,1.6234423727507215
2014-10-23,2.158745363299609,2.2853863074818896,1.06818249945555,1.3768891145230338,2.1779327598449645,3.6047742131509755,1.6666226247245675,1.6423149257018905
2014-10-24,2.158745363299609,2.359140200241602,1.071489845966592,1.3768891145230338,2.2482189161423034,3.7211073380451443,1.6806078850921633,1.654952392167878
2014-10-27,2.158745363299609,2.383317109285734,1.0725740113276723,1.3768891145230338,2.271259083166418,3.7592419404931703,1.708919423323177,1.6526782021974282
2014-10-28,2.158745363299609,2.487109200992979,1.0772283610784048,1.3768891145230338,2.3701711121752522,3.922954768600347,1.7133536841552068,1.671634793134706
2014-10-29,2.158745363299609,2.5020069820931634,1.0778964224172753,1.3768891145230338,2.3843684342651184,3.9464532629106084,1.7143768842692921,1.669107237243381
2014-10-30,2.158745363299609,2.4175071992177646,1.0741071978540746,1.3768891145230338,2.303841634606949,3.81317048383344,1.6867478239097862,1.6798068221786722
2014-10-31,2.158745363299609,2.6986026386448034,1.0867123633046327,1.3768891145230338,2.571720620390194,4.256546550349477,1.75394450951498,1.6990166225415064
2014-11-03,2.158745363299609,2.748666047611423,1.0889573572267308,1.3768891145230338,2.6194301643307343,4.335512318663783,1.7638366741729892,1.6999433878184818
2014-11-04,2.158745363299609,2.7257105765595395,1.0879279648210969,1.3768891145230338,2.5975540061259292,4.299304308741059,1.763154491554725,1.694045705240284
2014-11-05,2.158745363299609,2.8060573166937295,1.0915309544493486,1.3768891145230338,2.6741230294512732,4.426036431007774,1.7750930564409062,1.7047449771849377
2014-11-06,2.158745363299609,2.7345023194551894,1.088322213030973,1.3768891145230338,2.605932381723037,4.313171657108002,1.773046508586113,1.711569738030748
2014-11-07,2.158745363299609,2.6541538516859324,1.0847191459303658,1.3768891145230338,2.5293617119920078,4.186436809816499,1.75940241334096,1.7131703721497793
2014-11-10,2.158745363299609,2.7142312093782577,1.0874131954499442,1.3768891145230338,2.586614372084825,4.281197730145176,1.7727051958370486,1.718562887839413
2014-11-11,2.158745363299609,2.690543221058039,1.0863509547655137,1.3768891145230338,2.564040137869572,4.24383430971223,1.767588604760133,1.7202474034492343
2014-11-12,2.158745363299609,2.685658236926849,1.0861318973758867,1.3768891145230338,2.5593848343281924,4.236129150733148,1.7638366741729892,1.71839434238124
2014-11-13,2.158745363299609,2.690298472756904,1.0863399795151294,1.3768891145230338,2.5638068970641936,4.243448264533892,1.7686122477540833,1.7203315979306617
2014-11-14,2.158745363299609,2.756482060613216,1.089307850771742,1.3768891145230338,2.626878686583735,4.34784063358642,1.783961725731587,1.720753196319073
2014-11-17,2.158745363299609,2.720825016549994,1.087708881607351,1.3768891145230338,2.5928981537826554,4.291598241420382,1.775093056440906,1.7218480375682657
2014-11-18,2.1576659906179594,2.8781025783723457,1.0947616808006502,1.3768891145230338,2.742780890526127,4.53967450638635,1.7979466908459398,1.731790185161348
2014-11-19,2.1161046881649117,2.822664112793913,1.0922756531640383,1.3768891145230338,2.689949012631556,4.452230580394693,1.794876942877061,1.7290098893304224
2014-11-20,2.1750585242546263,2.901302413806459,1.095802031240589,1.3768891145230338,2.7648899236683793,4.5762679559263475,1.8218239682449242,1.73204276860563
2014-11-21,2.240420332822568,2.988488285291876,1.0997117081007501,1.3768891145230338,2.8479765182988266,4.713787542988203,1.8323980202679553,1.7413107343660192
2014-11-24,2.309626378023883,3.080801969615098,1.1038513315205276,1.3768891145230338,2.935949827936381,4.859395306402155,1.8463832806355516,1.7461971441951774
2014-11-25,2.308711405669037,3.079581491420108,1.103796601605279,1.3768891145230338,2.9347867337868956,4.857470227779512,1.8450190630256442,1.7449337574878114
2014-11-26,2.4575593328530996,3.278129183637815,1.1127000776464842,1.3768891145230338,3.1239991754020804,5.1706424904485875,1.8821986800408523,1.749398255937921
2014-11-28,2.4716572176863947,3.296934299380814,1.1135433556297216,1.3768891145230338,3.1419201183495686,5.200304082488304,1.8948198704251629,1.745691351325339
2014-12-01,2.3854240233732553,3.181908164671777,1.1083852375823389,1.3768891145230338,3.0323022449069024,5.018871629305178,1.8729892885075936,1.73355967772919
2014-12-02,2.4308288429155156,3.2424734832907554,1.1111011687383692,1.3768891145230338,3.090019923138755,5.114402217746273,1.8774236969662448,1.7447642730577264
2014-12-03,2.5818738262400975,3.443951820460162,1.1201360637188795,1.3768891145230338,3.2820252175976297,5.432197030797838,1.909486870531159,1.751504995917428
2014-12-04,2.593044029792019,3.458851713114317,1.1208042197461847,1.3768891145230338,3.2962245519611115,5.455698855693953,1.9122160438840814,1.749567427377369
2014-12-05,2.672686343501261,3.5650862968871557,1.125568098191731,1.3768891145230338,3.397464232740635,5.623264263290669,1.9282478521064708,1.752431448203766
2014-12-08,2.557525027474691,3.4114730490415535,1.1186796178647709,1.3768891145230338,3.251073522455095,5.3809677759006105,1.9019830093568721,1.7407209035100724
2014-12-09,2.550566459804636,3.402191041705827,1.1182633847219685,1.3768891145230338,3.242227933511371,5.366327126054864,1.8985716533856851,1.739541241798178
2014-12-10,2.4077596814856363,3.2117016153181743,1.1097212655716453,1.3768891145230338,3.06069487681302,5.0658652873398475,1.869237062667207,1.7116537760168573
2014-12-11,2.4419976073791148,3.257371456350391,1.1117692386852795,1.3768891145230338,3.1042174281625865,5.137901014837065,1.87708238421718,1.7203315979306621
2014-12-12,2.3211608148299896,3.096187711641935,1.10454127449585,1.3768891145230338,2.950612168165283,4.8836634688248335,1.8491120111086092,1.6925291091073622
2014-12-15,2.2552501379762067,3.008269706807086,1.1005313166395045,1.3768891145230338,2.866827863392317,4.74498907681382,1.8330806457660844,1.6809019764185027
2014-12-16,2.2168021591980143,2.9569840920104102,1.1004598554814702,1.3768891145230338,2.817953578896607,4.664095504852084,1.8177305772820949,1.6674219391569673
2014-12-17,2.359792421278012,3.1477182666991967,1.109678765408512,1.3768891145230338,2.999719876400335,4.9649433887454375,1.8538874370630818,1.7001111508000626
2014-12-18,2.489966738401557,3.3213573004422425,1.1180714019903288,1.3768891145230338,3.165194806716816,5.238826849578391,1.8862919233770605,1.7421534616568861
2014-12-19,2.470559481114711,3.295470032681948,1.1168201716320105,1.3768891145230338,3.1405246980645307,5.197994472589984,1.8794700971944163,1.7495653929382267
2014-12-22,2.5802272213825725,3.441755420411864,1.1238907022032882,1.3768891145230338,3.279932087170073,5.428732615950358,1.9105945130727813,1.7576136341851503
2014-12-23,2.565671418645357,3.4223394896930133,1.1229522562392191,1.3768891145230338,3.2614290483459465,5.398107576257723,1.906453733964428,1.7599861032157047
2014-12-24,2.5746429830596047,3.4343066258414976,1.1235306735596473,1.3768891145230338,3.2728335175921224,5.416983520185494,1.911284519901989,1.7601552746551528
2014-12-26,2.584711132774878,3.447736493013232,1.1241797902477833,1.3768891145230338,3.2856319436516164,5.438166651767328,1.90955950282897,1.765830890376203
2014-12-29,2.5616419713449994,3.416964625040652,1.1226924685363546,1.3768891145230338,3.2563068973258815,5.389629721360904,1.904383418223563,1.7682036723973948
2014-12-30,2.5175183721354206,3.358108321421672,1.1198477189649299,1.3768891145230338,3.2002178801844443,5.296794787996465,1.892306379566351,1.7587156742190004
2014-12-31,2.468448626364652,3.2926543714419183,1.1166840799882387,1.3768891145230338,3.137841422665877,5.193553287746179,1.8847151234320958,1.7412630032938354
2015-01-02,2.468633117487476,3.292900463459216,1.1166959745537768,1.3768891145230338,3.13807594400901,5.193941452388241,1.880229340909139,1.7403316996526197
2015-01-05,2.3289326113105555,3.1065544818401785,1.1076891627298593,1.3768891145230338,2.9604915169452344,4.900015131457076,1.846758547507577,1.7089016493432871
2015-01-06,2.170375874765113,2.895056245202058,1.097396681962439,1.3768891145230338,2.758937435381168,4.566415780194645,1.803281031189668,1.6928053233447589
2015-01-07,2.2361049386727156,2.982731997208647,1.0973245036433787,1.3768891145230338,2.842490877490301,4.7047080631742375,1.8267446587950198,1.7139001098205902
2015-01-08,2.4373243119636934,3.251137765110363,1.110314659762929,1.3768891145230338,3.098276830583102,5.128068519839947,1.872292786107037,1.7443134100447306
2015-01-09,2.4433661803729163,3.259196990737676,1.1107047057739365,1.3768891145230338,3.1059571301697604,5.140780457696665,1.8667718457136477,1.730334778698014
2015-01-12,2.2965257813974262,3.0633271328735576,1.1012251031086886,1.3768891145230338,2.9192966173663595,4.8318319834493995,1.842962771813828,1.7167808756460814
2015-01-13,2.2280489222486435,2.971986107092961,1.0968044299082367,1.3768891145230338,2.8322502341294715,4.687758408991239,1.832611045482878,1.711951273617589
2015-01-14,2.1923465800791484,2.924362886678514,1.0944995872331496,1.3768891145230338,2.7868661467520406,4.612641586800089,1.8257099438044515,1.7016164792700434
2015-01-15,2.1388828659361714,2.853047838754811,1.0910481203982738,1.3768891145230338,2.7189041664800566,4.500155288565353,1.8357168143474194,1.6860286065617707
2015-01-16,2.211936745491664,2.9504941349021347,1.0957642731476036,1.3768891145230338,2.8117687644738436,4.6538587978447055,1.8505541755747041,1.7081398301321566
2015-01-20,2.2818790282782877,3.043789883781124,1.100279549971581,1.3768891145230338,2.9006779642763503,4.801015586460521,1.8688423090811346,1.7117824151687784
2015-01-21,2.3567625647258077,3.1436767523995246,1.10511382021767,1.3768891145230338,2.9958683847011778,4.958568647424094,1.8929966816488015,1.7204234606827034
2015-01-22,2.401071662420035,3.202780491751964,1.1079742907933938,1.3768891145230338,3.0521932037235024,5.051793864894318,1.9099045062435733,1.746008097850263
2015-01-23,2.3800152099166847,3.174693368673239,1.1066149455133205,1.3768891145230338,3.02542667183229,5.007491623008855,1.9016230956534887,1.736435122713848
2015-01-26,2.4049167625064016,3.207909456346481,1.1082225196274287,1.3768891145230338,3.0570810163343998,5.059883857929608,1.9019680990680927,1.7405011840827045
2015-01-27,2.266681248240826,3.0235176219474806,1.0992984240882808,1.3768891145230338,2.8813588570343476,4.769039842814501,1.8640115231435739,1.7175423818665743
2015-01-28,2.2328098581428475,2.978336701639177,1.0971117825230938,1.3768891145230338,2.8383022384936423,4.697775297332361,1.8481387087926129,1.6955167612354833
2015-01-29,2.2392171110769135,2.986883312314788,1.0975254167301272,1.3768891145230338,2.8464470074174413,4.7112559949599015,1.858490582750184,1.7111892979111394
2015-01-30,2.101531904185501,2.8032255308597396,1.0885690129944456,1.3768891145230338,2.6714243875995587,4.421569812599276,1.8194988489552322,1.6896711915983922
2015-02-02,2.1207574046173345,2.828870353832322,1.0884813994459202,1.3768891145230338,2.6958634506540458,4.462019777775729,1.8229496212343779,1.7105960241581823
2015-02-03,2.2351903980443657,2.981512094892011,1.0979363994385851,1.3768891145230338,2.8413283321427105,4.702783892893189,1.8488290108750634,1.7353332391753167
2015-02-04,2.261921319708445,3.0171683711174255,1.100145035746775,1.3768891145230338,2.8753081332079304,4.759025073937099,1.8619410597760861,1.728725693831776
2015-02-05,2.3238054274385136,3.0997153504889505,1.1052581960391952,1.3768891145230338,2.9539739456401315,4.8892276666619345,1.8805743443237422,1.7461767998037547
2015-02-06,2.2886519535548606,3.0528242634239366,1.102353648274096,1.3768891145230338,2.90928756840522,4.815265649419946,1.8605607508644282,1.7413484497378116
2015-02-09,2.2137681292896763,2.952937010886633,1.0961663893667293,1.3768891145230338,2.8140967821124634,4.65771198289531,1.8360618177620223,1.733553730907082
2015-02-10,2.4380550810133785,3.2521125352069578,1.114698047618374,1.3768891145230338,3.099205769257383,5.12960603938159,1.8964470110480813,1.752022369440846
2015-02-11,2.4625906734429237,3.2848404699940943,1.1167252953490674,1.3768891145230338,3.130394912686492,5.1812283034093936,1.9074890394614819,1.753038806535401
2015-02-12,2.5814167717891703,3.4433421572410214,1.1265432746341113,1.3768891145230338,3.2814442193247833,5.431235399828112,1.9344035869726004,1.7698971082403783
2015-02-13,2.636344182664002,3.5166096247496945,1.1310816394349046,1.3768891145230338,3.3512668209548058,5.546801278854118,1.9457904711739833,1.7771835302761712
2015-02-17,2.6627100076209027,3.5517788998457145,1.1332601097109012,1.3768891145230338,3.3847825185508147,5.60227430568827,1.9540721770173106,1.7799790061530048
2015-02-18,2.636527522516168,3.516854181091377,1.1310967878483906,1.3768891145230338,3.351499878826219,5.547187021251923,1.947515931126867,1.78014849058309
2015-02-19,2.6606967230590453,3.5490933871140524,1.1330937625329807,1.3768891145230338,3.382223272380432,5.5980384060451795,1.9485509413706785,1.7788779050910668
2015-02-20,2.7081172736133095,3.612347481775375,1.137011874711254,1.3768891145230338,3.4425033066600723,5.697810041398409,1.9575226540432134,1.789552294280057
2015-02-23,2.6542881749454894,3.540545048803374,1.132564257706164,1.3768891145230338,3.3740768570509476,5.5845549833928505,1.943375152018514,1.7892976763966326
2015-02-24,2.7617630324289633,3.6839053584056938,1.1414443433028578,1.3768891145230338,3.5106966983977843,5.810679357006162,1.9834020436838988,1.794380644346
2015-02-25,2.7154405062640463,3.6221159143621398,1.1376169551394189,1.3768891145230338,3.451812450271112,5.713217937112316,1.9699446961150289,1.792856066951827
2015-02-26,2.7705512569910447,3.6956279382124957,1.1421704683536982,1.3768891145230338,3.5218681097725475,5.829169558536128,1.9771912440879233,1.7907382158046967
2015-02-27,2.7505942679653637,3.6690073853460574,1.1405215266853868,1.3768891145230338,3.496499193373953,5.7871805599153685,1.965804064633298,1.7846383412748184
2015-03-02,2.979092999479765,3.973800986944263,1.1594011822820067,1.3768891145230338,3.7869621088725958,6.2679360942325495,2.0175631391679123,1.7959061607120848
2015-03-03,2.806986382933876,3.744228616155864,1.1451809123279868,1.3768891145230338,3.5681836968997693,5.905828139196369,1.9844373491809535,1.7885352312042273
2015-03-04,2.8024092186183336,3.738123153829685,1.1448027251699495,1.3768891145230338,3.562365299208905,5.896197901594645,1.9813315803164122,1.7809957562381964
2015-03-05,2.8049725227366897,3.7415423355863946,1.1450145175883284,1.3768891145230338,3.5656237189935265,5.901591028431151,1.980641721113826,1.7829444359458788
2015-03-06,2.720383486830929,3.628709337614973,1.1380253677818217,1.3768891145230338,3.458095866101012,5.723617842826458,1.95579719409033,1.757868408563893
2015-03-09,2.7441857198518087,3.6604590470353795,1.1399920218585704,1.3768891145230338,3.4883527780444687,5.77369713726304,1.9488962400385255,1.7651542046184112
2015-03-10,2.5892900239964067,3.453844258852834,1.1271938003027346,1.3768891145230338,3.291452536550062,5.447800522735436,1.9092143517877445,1.7365191606999562
2015-03-11,2.6110778211847716,3.4829069198659632,1.128994012078087,1.3768891145230338,3.3191487388514163,5.493641495284672,1.923362001439065,1.7324529428357809
2015-03-12,2.6077814454754136,3.4785098966614267,1.1287216497866324,1.3768891145230338,3.314958453449072,5.486706004418008,1.9126649764402686,1.7544791894481462
2015-03-13,2.661610831960898,3.550312713552332,1.1331692905725912,1.3768891145230338,3.383385268926127,5.599961667984631,1.9285376431646075,1.7437201362917727
2015-03-16,2.7787900376319556,3.706617616832058,1.1428511957258178,1.3768891145230338,3.532341079268931,5.846503743994806,1.9540721770173106,1.7670177508727545
2015-03-17,2.7196521421459146,3.6277337996805707,1.1379649405939596,1.3768891145230338,3.457166195690871,5.722079112162689,1.9409598328630446,1.7617652984933017
2015-03-18,2.779339769370791,3.7073509019382023,1.1428966171854074,1.3768891145230338,3.533039887015241,5.84766036562716,1.9589028153282497,1.7829444359458786
2015-03-19,2.7996628624654756,3.7344597996501974,1.1445758081189532,1.3768891145230338,3.558874187420801,5.890419637921401,1.961318429736962,1.7748113742362532
2015-03-20,2.9225169690237593,3.8983344319549684,1.154726600664183,1.3768891145230338,3.715043815739508,6.14890156143162,1.9923734611031907,1.7904774946038449
2015-03-23,2.8406751527238496,3.789165939919746,1.1479644392512793,1.3768891145230338,3.6110081722388876,5.976708456183366,1.9747756296792105,1.7869887444654444
2015-03-24,2.767988240690354,3.6922091403746915,1.1419586997161881,1.3768891145230338,3.518610055855857,5.823777037260689,1.9568324995873838,1.7769470658497082
2015-03-25,2.3888048735670875,3.18641786807456,1.110530073227504,1.3768891145230338,3.0348406075187757,5.025984852344141,1.86539168442861,1.7509082792674604
2015-03-26,2.290300285318372,3.0550229669856575,1.1104710709724694,1.3768891145230338,3.0333231872150166,4.818733697633811,1.8519343368597398,1.7467387744929839
2015-03-27,2.478336026586738,3.3058431375421033,1.1201593488223824,1.3768891145230338,3.2823617860707173,5.214356126979784,1.9112845199019879,1.750738638342057
2015-03-30,2.5815995360060078,3.4435859457448963,1.1254798563187904,1.3768891145230338,3.419126209287443,5.431619931103788,1.927502632920796,1.7720971194297934
2015-03-31,2.4907864431095152,3.3224507014800944,1.120800839072088,1.3768891145230338,3.2988513867449702,5.24055148748883,1.908178898664068,1.7566097167160863
2015-04-01,2.4439159121117493,3.2599302758438187,1.1183859006980519,1.3768891145230338,3.2367750427022326,5.141937079329016,1.8895459093696554,1.7503981045287005
2015-04-02,2.4193803196822046,3.2272023410566826,1.117121738709133,1.3768891145230338,3.2042795739177756,5.0903148153012125,1.8947216987218196,1.7566948501694257
2015-04-06,2.453985788733009,3.2733624465289752,1.1189047369680238,1.3768891145230338,3.2501118048916564,5.163123844277234,1.899552779912623,1.7685230793427353
2015-04-07,2.460210996994398,3.281666228497971,1.1192254820928766,1.3768891145230338,3.258356605228783,5.1762215245317575,1.9005877901564345,1.7638421478669493
2015-04-08,2.5045176482384788,3.340766704539729,1.1215083201584293,1.3768891145230338,3.3170372915248323,5.269441594732937,1.909904506243573,1.7697994551615484
2015-04-09,2.6017401527015207,3.4704514388719216,1.126517573346939,1.3768891145230338,3.444142358596331,5.473995277683419,1.928882646579211,1.7776284464670598
2015-04-10,2.6308523338112795,3.5092840681474295,1.1280175376489692,1.3768891145230338,3.442420287417033,5.535246568190817,1.940269826033837,1.787328965288165
2015-04-13,2.5797681522079965,3.4411430697603986,1.1253854968371022,1.3768891145230338,3.3755776064891827,5.4277667460531855,1.9268123308383451,1.7792453560992292
2015-04-14,2.5045176482384797,3.3407667045397296,1.1215083201584293,1.3768891145230338,3.277113751952829,5.269441594732938,1.9092143517877438,1.7826489727842907
2015-04-15,2.631034522392789,3.5095270888134977,1.1280269246601131,1.3768891145230338,3.4426586777139963,5.535629888344367,1.9447551656769289,1.7906472920245684
2015-04-16,2.59789548434165,3.46532305015576,1.1263194822018199,1.3768891145230338,3.3992968761310616,5.465906192989723,1.9361291945521055,1.7901369607904893
2015-04-17,2.4865753828629775,3.3168335839994723,1.1205838700988704,1.3768891145230338,3.2536366386473583,5.231691523560588,1.911284519901988,1.7695440548015309
2015-04-20,2.5473610344772015,3.3979153368748722,1.1237157655468009,1.3768891145230338,3.3331735087374903,5.359582992484443,1.9271571866263275,1.785712212151314
2015-04-21,2.6030218047606986,3.4721610297502754,1.1265836086717793,1.3768891145230338,3.406004568989203,5.47669184110167,1.9395795239513864,1.7835848147897468
2015-04-22,2.7108644932191623,3.616011987711575,1.1321400519459122,1.3768891145230338,3.547114677613658,5.703590121754849,1.974775629679211,1.7923494916053957
2015-04-23,2.583613971838524,3.446272994152174,1.1255836472998273,1.3768891145230338,3.380609788397581,5.435858252991135,1.9544171804319146,1.7968590607072732
2015-04-24,2.4572804375363813,3.277757166220089,1.1190744891268933,1.3768891145230338,3.2153047593491557,5.170055701777512,1.9337134325167717,1.8010288784723871
2015-04-27,2.482912615266952,3.311947832030475,1.1203951511354937,1.3768891145230338,3.248843976847756,5.2239851534593775,1.949241243453129,1.793541046961507
2015-04-28,2.4860262267594715,3.3161010667311364,1.1205555756008254,1.3768891145230338,3.2529180783209686,5.230536113050364,1.947861229794714,1.7992421714194953
2015-04-29,2.444280864910097,3.2604170850137617,1.1184047043791427,1.3768891145230338,3.198295065585142,5.14270493075824,1.9337134325167717,1.7918383778947238
2015-04-30,2.3884377621362587,3.1859281795128394,1.1155274668283197,1.3768891145230338,3.125225426734494,5.025212459206932,1.9137002819373226,1.773883826482686
2015-05-01,2.5746429830596047,3.434306625841498,1.1251214296847487,1.3768891145230338,3.3688714200468186,5.416983520185491,1.9682193837887672,1.7931152231994925
2015-05-04,2.557798166438122,3.4118373880812025,1.1242535241330758,1.3768891145230338,3.346830297582295,5.381542453350399,1.9575226540432136,1.7982210394653813
2015-05-05,2.396128681853153,3.1961870684991323,1.1159237306802663,1.3768891145230338,3.1352888490414306,5.041393959180175,1.9202563802011452,1.77762844646706
2015-05-06,2.387155966168248,3.184218396675033,1.1154614240887786,1.3768891145230338,3.1235482210669994,5.022515593008147,1.919911081533298,1.7703097863956276
2015-05-07,2.4675348052804638,3.291435428922544,1.1196028310432213,1.3768891145230338,3.2287224046891083,5.191630631367791,1.9337134325167722,1.7773722636304494
2015-05-08,2.5382078571167734,3.3857059478981295,1.1232441609205783,1.3768891145230338,3.3211967500897654,5.34032493952525,1.9520017136498242,1.8007739475983255
2015-05-11,2.5389394896194526,3.3866818697514365,1.123281857259169,1.3768891145230338,3.322154077317063,5.341864275750087,1.9513117068206167,1.792179537689355
2015-05-12,2.478152398916907,3.3055981972815176,1.120149887664231,1.3768891145230338,3.2426153242072075,5.213969779020912,1.9364741979667104,1.7868181645681303
2015-05-13,2.5186169721600966,3.3595737398772485,1.122234768049278,1.3768891145230338,3.295562449389346,5.299106214577974,1.9461357698418307,1.7871583853908497
2015-05-14,2.6116272651059416,3.483639821053203,1.127026992946964,1.3768891145230338,3.4172646503302624,5.494797511355957,1.9661493633011446,1.805794317420238
2015-05-15,2.6244443613330524,3.500736497674559,1.1276873758541694,1.3768891145230338,3.434035577193369,5.521764356660614,1.968909538244596,1.8077517608657643
2015-05-18,2.6947521725533514,3.5945198235612987,1.131309887221034,1.3768891145230338,3.5260320121882667,5.6696902078277835,1.9861628091338366,1.8133677518704132
2015-05-19,2.670217443576799,3.5617930405308726,1.1300457697203197,1.3768891145230338,3.493928785530612,5.618069760483172,1.98271188922807,1.8127724436783137
2015-05-20,2.6841305494696077,3.5803516803376723,1.1307626229884036,1.3768891145230338,3.5121338202149426,5.647342582319766,1.9885781282893062,1.8114957548688635
2015-05-21,2.7244120706782953,3.634083050510625,1.132838071874102,1.3768891145230338,3.564841425288285,5.732093881040087,1.9923734611031911,1.8167713685554745
2015-05-22,2.74418571985181,3.6604590470353804,1.1338568814153493,1.3768891145230338,3.590714869493556,5.77369713726304,1.9940987734294533,1.812431440379001
2015-05-26,2.684864484513602,3.58133067354221,1.130800437962206,1.3768891145230338,3.5130941602737975,5.648886763033116,1.978226254331735,1.7929447997974957
2015-05-27,2.9983180681851045,3.999445234038492,1.1469506942442087,1.3768891145230338,3.921485671192478,6.308385151067409,2.052069090439908,1.8099639786900332
2015-05-28,3.0063746602445063,4.010191891991986,1.14736579885075,1.3768891145230338,3.919524928356882,6.325336016372536,2.0548295606366027,1.8079220277724424
2015-05-29,3.0327404852014066,4.045361167088005,1.1487242610037514,1.3768891145230338,3.9538990566190133,6.380809043206688,2.063800978055894,1.7966894197818697
2015-06-01,3.0466535910942154,4.063919806894805,1.149441114271835,1.3768891145230338,3.9720381016618216,6.410081865043282,2.0565544300829997,1.8003489063129046
2015-06-02,2.938995969393903,3.920315708788609,1.143894206302861,1.3768891145230338,3.8316807677732805,6.183572960154292,2.0272247110430337,1.7985615732787381
2015-06-03,2.880406942193703,3.842164024986553,1.1408754888471113,1.3768891145230338,3.7552960258194323,6.060303133271332,2.0130772090183346,1.8033260732546768
2015-06-04,2.804972522736691,3.741542335586394,1.1369888361808858,1.3768891145230338,3.6569493056226086,5.901591028431151,1.989268282745136,1.7880948533775802
2015-06-05,2.809366059382403,3.7474028576519873,1.1372152069946486,1.3768891145230338,3.66267732636275,5.910834918074005,1.9834020436838997,1.785031144524601
2015-06-08,2.654837618866661,3.5412779499906137,1.129253345822237,1.3768891145230338,3.461212724245493,5.585710999464138,1.9478612297947147,1.7740544063800017
2015-06-09,2.640921922614875,3.522715854913682,1.1285363590895399,1.3768891145230338,3.4430703020532163,5.55643272757797,1.9499312502823374,1.7737990060199842
2015-06-10,2.7397913197531047,3.654597373213074,1.133630466113382,1.3768891145230338,3.5719700935061525,5.764451430936993,1.9796062679901507,1.7950721971590626
2015-06-11,2.738327479112418,3.6526447616686526,1.1335550437773978,1.3768891145230338,3.5700616288167093,5.761371547365193,1.98202158714562,1.8008589245563458
2015-06-12,2.663625267793414,3.552999761959608,1.1297061171085658,1.3768891145230338,3.472669516203437,5.604199989871976,1.9651142054307125,1.7870735649281473
2015-06-15,2.6438510429845707,3.526622997597045,1.1286872779085155,1.3768891145230338,3.446889107626254,5.562595522526895,1.959593117410701,1.779414997024633
2015-06-16,2.6716815720351517,3.563746035994199,1.1300523795627142,1.3768891145230338,3.483172826294319,5.621150249616041,1.9682193837887678,1.7891156723410568
2015-06-17,2.6775398127745436,3.5715603213609253,1.1299298262162853,1.3768891145230338,3.4908104374403943,5.633475839513889,1.9699446961150295,1.7920092707826765
2015-06-18,2.791057402120233,3.7229810083472694,1.1403214255392689,1.3768891145230338,3.638807633907991,5.872313967667112,1.9978945491232025,1.8106447333261089
2015-06-19,2.766156856892341,3.6897662643901907,1.138041985935032,1.3768891145230338,3.606343846529454,5.819923852210083,1.9906484440301726,1.802607133760853
2015-06-22,2.8181545717621486,3.7591258213776935,1.1428019479968785,1.3768891145230338,3.6741352440371844,5.929325725165038,2.0079012720395486,1.8118419225136908
2015-06-23,2.7698187610353737,3.694650864602477,1.1383772030659884,1.3768891145230338,3.611118010163704,5.827628405628102,1.9982395525378063,1.8131242451546117
2015-06-24,2.687794180518626,3.58523858406338,1.1308685290333662,1.3768891145230338,3.5041794464760825,5.655050769104171,1.9827118892280704,1.7999557900724847
2015-06-25,2.681934212873248,3.5774219951832302,1.1303320973123667,1.3768891145230338,3.4965395838970266,5.642721545839938,1.9871976717510274,1.7944839312563015
2015-06-26,2.4863911795578186,3.3165878759010785,1.112317940608981,1.3768891145230338,3.2416026980253196,5.231303964479594,1.9292277976204373,1.7941418324897584
2015-06-29,2.2727617170282803,3.0332866304126007,1.1122408924883542,1.3768891145230338,2.964706648201861,4.784448646870007,1.8740185413131638,1.7565180104593647
2015-06-30,2.2727617170282803,3.069432403240283,1.114077160671553,1.3768891145230338,3.0000351964281284,4.84146191827059,1.8829896634792123,1.7601950244660869
2015-07-01,2.2727617170282803,3.0919008731627717,1.115218598057344,1.3768891145230338,3.0219956737157845,4.876901773983556,1.8902357685722422,1.7743037034225917
2015-07-02,2.2727617170282803,3.1300000253726834,1.1171541013136561,1.3768891145230338,3.0592334371091554,4.936996140078069,1.9019680990680934,1.7726789690244902
2015-07-06,2.2727617170282803,3.0033920625334765,1.1108017011238507,1.3768891145230338,2.937017587315818,4.7397639931725895,1.8712574806099826,1.7676340294375517
2015-07-07,2.2727617170282803,3.0033920625334765,1.108766914035053,1.3768891145230338,2.8978696706582676,4.676587018481484,1.8619410597760868,1.778750517901695
2015-07-08,2.2727617170282803,3.0033920625334765,1.0977493927027293,1.3762006699657723,2.6859000698753936,4.3345101151027645,1.813287754106014,1.748908269095265
2015-07-09,2.2727617170282803,3.0033920625334765,1.0910327319995663,1.310644251269173,2.5579550736254237,4.128032261871238,1.7929291572320967,1.7520711959802608
2015-07-10,2.2727617170282803,3.0033920625334765,1.0909660168139816,1.385006780451143,2.703086758767629,4.362246022958776,1.8253650880164694,1.7741326540393196
2015-07-13,2.2727617170282803,3.0033920625334765,1.0941710140169871,1.4182746400740731,2.7680148963829487,4.467027162214431,1.8412374594875656,1.7937138177932823
2015-07-14,2.2727617170282803,3.0033920625334765,1.0988841787343488,1.4664881358377397,2.8634961052543813,4.621114899988929,1.8560752635947155,1.8014955475125647
2015-07-15,2.2727617170282803,3.0033920625334765,1.0960091898400464,1.4664881358377397,2.805253410253981,4.527122739431074,1.8467585475075772,1.8008969529187737
2015-07-16,2.2727617170282803,3.0033920625334765,1.0969046475155684,1.4664881358377397,2.8233939562521084,4.556397983511922,1.8457232420105225,1.8153475741465028
2015-07-17,2.2727617170282803,3.0033920625334765,1.0957263771741785,1.4664881358377397,2.7995240761779345,4.517876730324495,1.8446882317667113,1.816887175091265
2015-07-20,2.2727617170282803,3.0033920625334765,1.092898454264352,1.4664881358377397,2.7422348630445956,4.425423300430413,1.8298505752861831,1.8178275554609618
2015-07-21,2.2727617170282803,3.0033920625334765,1.0932755285575309,1.4664881358377397,2.7498737875265764,4.437751009791986,1.828470266374525,1.8106445768307888
2015-07-22,2.2727617170282803,3.0033920625334765,1.0832364337161053,1.4657548917698209,2.5464977188092357,4.109542363121805,1.7839578874394266,1.8073952645299045
2015-07-23,2.2727617170282803,3.0033920625334765,1.0887508315269234,1.530056442224625,2.658210633750522,4.289824855844285,1.808801971583058,1.797219156435458
2015-07-24,2.2727617170282803,3.0033920625334765,1.0808326696065562,1.4377254016107337,2.4978012872637696,4.0309559788141325,1.7670497675914114,1.7785789990324665
2015-07-27,2.2727617170282803,3.0033920625334765,1.0779105313759756,1.4036513240204318,2.438603421821572,3.9354223625677167,1.7601485182863637,1.7682321545453856
2015-07-28,2.2727617170282803,3.0033920625334765,1.0854044789281967,1.4910357426217666,2.590418861003961,4.1804223773282665,1.796725080552468,1.7899513573425831
2015-07-29,2.2727617170282803,3.0033920625334765,1.0860643195806865,1.4979844061395748,2.6037861814649137,4.201994581893758,1.8039710380188763,1.8022651914896268
2015-07-30,2.2727617170282803,3.0033920625334765,1.0875254118492554,1.4979844061395748,2.6333855832345505,4.249762146968297,1.8205341544522882,1.8026924237095088
2015-07-31,2.2727617170282803,3.0033920625334765,1.082953621050238,1.4979844061395748,2.5407683847331883,4.100296354015226,1.799485846002406,1.7999557900724832
2015-08-03,2.2727617170282803,3.0033920625334765,1.081728229156504,1.4979844061395748,2.5159438970754624,4.060234553480835,1.7908591367444746,1.7938850236718715
2015-08-04,2.2727617170282803,3.0033920625334765,1.077520546911965,1.4979844061395748,2.431918917303728,3.9246348977725773,1.771880553528972,1.7903793720390582
2015-08-05,2.2727617170282803,3.0033920625334765,1.0774504798704063,1.4979844061395748,2.522626337779741,4.071018687690121,1.7932743082733222,1.796279245551717
2015-08-06,2.2727617170282803,3.0033920625334765,1.0701308133295626,1.4979844061395748,2.390861222620828,3.858375920045946,1.7725707079848005,1.7815716590107837
2015-08-07,2.2727617170282803,3.0033920625334765,1.0723055766212406,1.4979844061395748,2.430010264994869,3.921554711420243,1.7770564905077575,1.778151766812584
2015-08-10,2.2727617170282803,3.0033920625334765,1.0824363473916112,1.4979844061395748,2.6123795259110314,4.215862535821764,1.821914315737324,1.8005545411615926
2015-08-11,2.2727617170282803,3.0033920625334765,1.0725031166926393,1.4979844061395748,2.434783678151459,3.9292580537161323,1.780507115160281,1.7843082926478093
2015-08-12,2.2727617170282803,3.0033920625334765,1.0725031166926393,1.4979844061395748,2.475841372834359,3.9955170314427635,1.7849930453098597,1.7864455492144506
2015-08-13,2.2727617170282803,3.0033920625334765,1.0725031166926393,1.4979844061395748,2.400409925128158,3.873785632443045,1.7604939645808322,1.784222689708514
2015-08-14,2.2727617170282803,3.0033920625334765,1.0725031166926393,1.4979844061395748,2.358398748578196,3.8059879240526406,1.747726476214548,1.7907213143102823
2015-08-17,2.2727617170282803,3.0033920625334765,1.0725031166926393,1.4979844061395748,2.429054719314242,3.920012650170618,1.7611838237834179,1.80072606003082
2015-08-18,2.2727617170282803,3.0033920625334765,1.0725031166926393,1.4979844061395748,2.279147932440712,3.678092821762402,1.7301282019107032,1.7955096015746541
2015-08-19,2.2727617170282803,3.0033920625334765,1.0725031166926393,1.4979844061395748,2.215175528125434,3.574854046536904,1.7125303704867234,1.7813151631835356
2015-08-20,2.2727617170282803,3.0033920625334765,1.0725031166926393,1.4972354139365052,1.9688329247969196,3.1773059330072257,1.6566306644703779,1.7441195123449358
2015-08-21,2.2727617170282803,3.0033920625334765,1.0725031166926393,1.3912233188793188,1.829429260394856,2.9523360615625416,1.6145334570641272,1.691616428409063
2015-08-24,2.2727617170282803,3.0033920625334765,1.0725031166926393,1.2844851321497848,1.6890708007898254,2.7258253399903603,1.5889989232114237,1.6203885231028152
2015-08-25,2.2727617170282803,3.0033920625334765,1.0725031166926393,1.242371529796314,1.6336923037789108,2.636455427034465,1.5755417232691753,1.6013194120314367
2015-08-26,2.2727617170282803,3.0033920625334765,1.0725031166926393,1.426802666896278,1.8762153510567272,3.0278395344930904,1.6476593946777076,1.6628001629116251
2015-08-27,2.2727617170282803,3.0033920625334765,1.0725031166926393,1.586559234796669,2.087229969017219,3.3683752849637814,1.7025237951969994,1.7039299495654694
2015-08-28,2.2727617170282803,3.0033920625334765,1.0725031166926393,1.586559234796669,2.127331555161247,3.4330912930991917,1.717016005383059,1.7040157090000831
2015-08-31,2.2727617170282803,3.0033920625334765,1.0725031166926393,1.586559234796669,2.1015515218228935,3.391487431315174,1.7097699002900288,1.6902486593241652
2015-09-01,2.2727617170282803,3.0033920625334765,1.0725031166926393,1.586559234796669,1.88480888312226,3.0417077912016293,1.656630664470378,1.6397986374735065
2015-09-02,2.2727617170282803,3.0033920625334765,1.0725031166926393,1.586559234796669,2.0175289811035544,3.255891711753833,1.6976927140061955,1.670923834902132
2015-09-03,2.2727617170282803,3.0033920625334765,1.0725031166926393,1.586559234796669,2.0643139460489364,3.3313933680011907,1.7146006862275895,1.6721207110990766
2015-09-04,2.2727617170282803,3.0033920625334765,1.0725031166926393,1.586559234796669,1.9545115596106593,3.154194089436365,1.6876858434632278,1.6468102537297709
2015-09-08,2.2727617170282803,3.0033920625334765,1.0725031166926393,1.586559234796669,2.2104009892523537,3.567148887557823,1.751867255322901,1.688196223220226
2015-09-09,2.2727617170282803,3.0033920625334765,1.0725031166926393,1.586559234796669,2.0939140982962328,3.379162144197857,1.725297563599765,1.6656220864973086
2015-09-10,2.2727617170282803,3.0033920625334765,1.0725031166926393,1.586559234796669,2.1235136876852843,3.426930012052927,1.7308186516197759,1.674686295352831
2015-09-11,2.2727617170282803,3.0033920625334765,1.0725031166926393,1.586559234796669,2.1225587048629024,3.4253888591448978,1.7339241252310744,1.6822966626982048
2015-09-14,2.2727617170282803,3.0033920625334765,1.0725031166926393,1.586559234796669,2.1435651374252513,3.4592890758524946,1.738064904339427,1.6760539079424097
2015-09-15,2.2727617170282803,3.0033920625334765,1.0725031166926393,1.586559234796669,2.217084743292538,3.577935141230834,1.7635991429388875,1.6970044057344562
2015-09-16,2.2727617170282803,3.0033920625334765,1.0725031166926393,1.586559234796669,2.2352269778654006,3.607213110336471,1.7715356977409895,1.7117113662941148
2015-09-17,2.2727617170282803,3.0033920625334765,1.0725031166926393,1.586559234796669,2.175073754361991,3.5101377356209613,1.7601485182863634,1.707863302904121
2015-09-18,2.2727617170282803,3.0033920625334765,1.0725031166926393,1.586559234796669,2.0662242869325307,3.334476279378312,1.7304733529519283,1.6799547102547843
2015-09-21,2.2727617170282803,3.0033920625334765,1.0725031166926393,1.586559234796669,2.0452182296090125,3.3005766682317805,1.7294381950814957,1.688635192589006
2015-09-22,2.2727617170282803,3.0033920625334765,1.0725031166926393,1.586559234796669,1.9115444621412407,3.084853714235271,1.6935522301510852,1.6667172407371382
2015-09-23,2.2727617170282803,3.0033920625334765,1.0725031166926393,1.586559234796669,1.86762238184944,3.0139721861261486,1.6814751914938735,1.6640532209279608
2015-09-24,2.2727617170282803,3.0033920625334765,1.0725031166926393,1.586559234796669,1.8599840202257043,3.001645385106172,1.6807847417848012,1.6580367584029165
2015-09-25,2.2727617170282803,3.0033920625334765,1.0725031166926393,1.586559234796669,1.8886291896506187,3.0478730083948093,1.6897564544573362,1.6576068657626175
2015-09-28,2.2727617170282803,3.0033920625334765,1.0725031166926393,1.586559234796669,1.7310838535339375,2.7936260761860843,1.6538704895269256,1.6160049327324417
2015-09-29,2.2727617170282803,3.0033920625334765,1.0725031166926393,1.586559234796669,1.7692754740332015,2.855259778505436,1.6652572261016867,1.6169509469336094
2015-09-30,2.2727617170282803,3.0033920625334765,1.0725031166926393,1.586559234796669,1.9669222086744957,3.174222416069039,1.7211569321180327,1.6471204274513116
2015-10-01,2.2727617170282803,3.0033920625334765,1.0725031166926393,1.586559234796669,1.9019955720144963,3.0694436990576404,1.709769900290028,1.6514179453964344
2015-10-02,2.2727617170282803,3.0033920625334765,1.0725031166926393,1.586559234796669,2.0242116094272493,3.266676148743653,1.73668474305439,1.6760864589686864
2015-10-05,2.2727617170282803,3.0033920625334765,1.0725031166926393,1.586559234796669,2.1368804452879924,3.448501308276822,1.767394918632636,1.7059116497853848
2015-10-06,2.2727617170282803,3.0033920625334765,1.0725031166926393,1.586559234796669,2.158840922575648,3.4839411639897873,1.7746411713522874,1.7000674886061613
2015-10-07,2.2727617170282803,3.0033920625334765,1.0725031166926393,1.586559234796669,2.2562328475695046,3.641112418702471,1.8012107154488022,1.7139921290679476
2015-10-08,2.2716253361697665,3.0033920625334765,1.0725031166926393,1.586559234796669,2.298244962216542,3.7089116409955363,1.8243297825194147,1.729463412763835
2015-10-09,2.211224735615553,3.0033920625334765,1.0725031166926393,1.586559234796669,2.237136568271335,3.6102948105914656,1.8032810311896679,1.7304948734089793
2015-10-12,2.2206630248757606,3.0033920625334765,1.0725031166926393,1.586559234796669,2.2466854583980798,3.6257048257690965,1.8060415013863624,1.7321274325730127
2015-10-13,2.1310049330158307,3.0033920625334765,1.0725031166926393,1.586559234796669,2.155976724586162,3.479318916387828,1.783957887439426,1.7212117276026824
2015-10-14,2.3716624863520317,3.0033920625334765,1.0725031166926393,1.586559234796669,2.3994543794475303,3.8722435711934184,1.8374419790470593,1.7129603554321666
2015-10-15,2.4424447414767325,3.0033920625334765,1.0725031166926393,1.586559234796669,2.4710660834836187,3.987810661341553,1.8498641687454964,1.7392620541497263
2015-10-16,2.4518824743980505,3.0033920625334765,1.0725031166926393,1.586559234796669,2.4806144107521186,4.003219768177588,1.8574555725063733,1.74717007559115
2015-10-19,2.450938367302585,3.0033920625334765,1.0725031166926393,1.586559234796669,2.4796592403103217,4.001678312489027,1.858835438538167,1.7480289218998364
2015-10-20,2.439613718314411,3.0033920625334765,1.0725031166926393,1.586559234796669,2.4682018854941328,3.9831884137395934,1.855039958097661,1.745794325245002
2015-10-21,2.4528269523861086,3.0033920625334765,1.0725031166926393,1.586559234796669,2.4815699564327454,4.0047618294272125,1.8584905827501845,1.734964536204604
2015-10-22,2.7019788733333487,3.00189036650221,1.0725031166926393,1.586559234796669,2.733641518598477,4.411555346502406,1.9150801479691162,1.7642743879370268
2015-10-23,2.80767899707174,3.1193228846909715,1.0725031166926393,1.586559234796669,2.840580269905514,4.58413328580687,1.9368190537546925,1.7836137664236935
2015-10-26,2.639690985819687,2.9326887116253304,1.0725031166926393,1.586559234796669,2.6706237218667517,4.309857118623874,1.8998977833272275,1.7792298630626826
2015-10-27,2.5849522461438195,2.8718741371927985,1.0725031166926393,1.586559234796669,2.615243536281102,4.22048448064319,1.8881660433378626,1.7757919739028396
2015-10-28,2.718966310431351,3.020763357804745,1.0725031166926393,1.586559234796669,2.7508280198712978,4.4392909515778864,1.9071438884202574,1.7959908246794671
2015-10-29,2.480195673162005,2.7539795193655414,1.0725031166926393,1.586559234796669,2.5092593925576177,4.049447088685693,1.857800575920977,1.794959364034323
2015-10-30,2.5434278532174286,2.7526025296058587,1.0725031166926393,1.586559234796669,2.573232547350555,4.1526870750333185,1.8705674737807747,1.7872239569293573
2015-11-02,2.6076028422442428,2.822055349708138,1.0725031166926393,1.586559234796669,2.638159559249385,4.257466397605781,1.8881660433378624,1.8083686654118338
2015-11-03,2.646296768347202,2.8639315125160016,1.0725031166926393,1.586559234796669,2.677306913048691,4.32064246395529,1.9043834182235626,1.8136120410628056
2015-11-04,2.6746092253259706,2.8945724212410244,1.0725031166926393,1.586559234796669,2.7059511443765305,4.366868573341267,1.916805607922,1.8081106046313995
2015-11-05,2.5075642084916048,2.712342127832196,1.0725031166926393,1.586559234796669,2.5369486410630757,4.094132045163641,1.8671168491282513,1.8063054311309084
2015-11-06,2.6963162706698176,2.71098595676828,1.0725031166926393,1.586559234796669,2.727912559761261,4.402309942956892,1.904383418223563,1.8053601994063337
2015-11-09,2.6198725255593645,2.634126308762028,1.0724533246298802,1.586559234796669,2.6505730226044455,4.277499265946435,1.8892007583284312,1.7885130088689796
2015-11-10,2.4773644645533874,2.489525849547619,1.0670364425120809,1.586559234796669,2.506395006948717,4.044824538303201,1.8591807372060145,1.792639320935512
2015-11-11,2.4830270672169195,2.489525849547619,1.0672516840281872,1.586559234796669,2.512123965785934,4.0540699418487165,1.8598708916618432,1.7855907717840493
2015-11-12,2.3914815029512444,2.489525849547619,1.0637719403102948,1.586559234796669,2.4195056415680822,3.9046023322124537,1.8360618177620232,1.7606643539266815
2015-11-13,2.324475305315813,2.489525849547619,1.0612249638712716,1.586559234796669,2.351714244060352,3.7952004592575,1.817083382173142,1.7408949263043971
2015-11-16,2.4113008904430497,2.489525849547619,1.0645252961901817,1.586559234796669,2.4395572789274635,3.936961698792553,1.8405473050317367,1.767368300386503
2015-11-17,2.4584899259422337,2.489525849547619,1.0663190013374364,1.586559234796669,2.4872992905087923,4.014007838533792,1.8591807372060143,1.7660789354562432
2015-11-18,2.5311579844560104,2.489525849547619,1.0690811910965263,1.586559234796669,2.560818896376079,4.132653903912132,1.8688423090811348,1.794100674220955
2015-11-19,2.5490908267735533,2.488281086622845,1.0697628373990968,1.586559234796669,2.578961881426602,4.161933084139898,1.8833348145204376,1.7925527790243052
2015-11-20,2.5755150695613906,2.514074966882706,1.0707672508141934,1.586559234796669,2.605695771870847,4.205076282148752,1.890581067240089,1.7990855196055364
2015-11-23,2.472645968985321,2.4124028187751674,1.0668570875051773,1.586559234796669,2.501621218553297,4.037120590446249,1.8691874601223601,1.7970227548105668
2015-11-24,2.5679644381532243,2.4111966173657797,1.0704802433286922,1.586559234796669,2.5980566597694517,4.192748270006648,1.8888560501670704,1.7994290268299473
2015-11-25,2.574572075143704,2.4174008746068507,1.07073140659905,1.586559234796669,2.6047417271455404,4.203536643143384,1.8916163727371438,1.799170966049513
2015-11-27,2.6321403544115207,2.4714547540826715,1.0729196377792163,1.586559234796669,2.6629846097653562,4.297529106481771,1.9009327935710394,1.801234513321076
2015-11-30,2.7123599715649456,2.5467771637908916,1.0759688702688568,1.586559234796669,2.7441442658311135,4.428504697904875,1.9254320219266885,1.7937568540059075
2015-12-01,2.8180613934274117,2.64602577761859,1.0799866931054802,1.586559234796669,2.851084330474055,4.601084756673062,1.948206085582697,1.8108610098564655
2015-12-02,2.7784233602289867,2.608807547433203,1.0784800095417464,1.586559234796669,2.8109818062329515,4.536367234634992,1.9406148294484422,1.7923804776784849
2015-12-03,2.72651620005433,2.5600691898568013,1.0765069634856077,1.586559234796669,2.758466381495033,4.451617752597864,1.9275026329207974,1.7672825409518895
2015-12-04,2.8775180723324563,2.701852774646145,1.0822467043530613,1.586559234796669,2.9112377415968798,4.698160434169104,1.9599382684519269,1.8017501653959886
2015-12-07,2.795411539112175,2.624758640388294,1.079125748188085,1.586559234796669,2.828169057983433,4.564104050832601,1.9437203030597403,1.7908338344443835
2015-12-08,2.727460492596092,2.5609558356953004,1.07654285704382,1.586559234796669,2.7594217395562457,4.453159511066958,1.9261221763825174,1.778800126917702
2015-12-09,2.618927676678712,2.4590486773542097,1.0724174099246384,1.586559234796669,2.6496171016849885,4.275956599135748,1.9057637271352215,1.7649617153764854
2015-12-10,2.664228127094372,2.5015836483158553,1.0741393279554685,1.586559234796669,2.6954483971438936,4.3499192219388005,1.9126649764402694,1.7695176070926795
2015-12-11,2.507564208491604,2.353232879176621,1.0681843667189383,1.586559234796669,2.5369486410630757,4.094132045163643,1.875743853639426,1.735221814508445
2015-12-14,2.4594325494673264,2.353232879176621,1.0663080886383882,1.586559234796669,2.48825295999527,4.015546871978099,1.861596203988105,1.7439897777257853
2015-12-15,2.57268293372129,2.3520562627370327,1.0662316128035372,1.586559234796669,2.602830448164872,4.200452217863602,1.890926070654693,1.762297695567308
2015-12-16,2.6321403544115203,2.4064147679642445,1.0697664874869035,1.586559234796669,2.6629846097653567,4.297529106481772,1.9057637271352212,1.7880835857146367
2015-12-17,2.5160580197637525,2.3002873557508443,1.0628651368872826,1.586559234796669,2.545541985509193,4.107999999091648,1.8802293409091393,1.760836342281865
2015-12-18,2.427345333123364,2.2180322972535826,1.0575909721748191,1.586559234796669,2.4557897354749776,3.963157664862665,1.8543500988950752,1.729466542670208
2015-12-21,2.562302762721175,2.216923281104956,1.065614488763319,1.586559234796669,2.5923286390293105,4.183504380363795,1.886819245669301,1.7437332818985374
2015-12-22,2.57174068108879,2.223980576165268,1.0661755938081403,1.586559234796669,2.6018771539172256,4.198913789980362,1.894927785485529,1.7595560540800859
2015-12-23,2.627421673397158,2.223980576165268,1.0694859515022792,1.586559234796669,2.658210633750522,4.289824855844286,1.9051516671622013,1.781345366780033
2015-12-24,2.654790394173054,2.223980576165268,1.0711130822634816,1.586559234796669,2.685900069875394,4.334510115102765,1.910439652746757,1.7784059152100522
2015-12-28,2.6236461722467785,2.223980576165268,1.069261489639007,1.586559234796669,2.654390890080409,4.283660546992701,1.9058565842801876,1.7743422012709749
2015-12-29,2.7189663104313504,2.2228685858771855,1.0749284819062812,1.586559234796669,2.7508280198712987,4.439290951577887,1.927009412378139,1.793277508844918
2015-12-30,2.634971006681249,2.154198914851474,1.0699347760021052,1.586559234796669,2.665848432516013,4.302150748522665,1.9083244585129344,1.7805677415417196
2015-12-31,2.5264402306731304,2.06439337044651,1.063482382204602,1.586559234796669,2.5560458584583206,4.124951167177308,1.8783580258541468,1.7627557573649615
2016-01-04,2.440557269070987,2.06439337044651,1.0583764508813853,1.586559234796669,2.4691564930776857,3.9847289610865597,1.8586154748720312,1.738113378510922
2016-01-05,2.3650572601634066,2.06439337044651,1.0538878089762518,1.586559234796669,2.3927717511238376,3.8614591342036,1.8413409457492846,1.7410534560621773
2016-01-06,2.174417725579449,2.06439337044651,1.042489231579747,1.586559234796669,2.199898242019718,3.550199536155355,1.793747303968825,1.7190909030444976
2016-01-07,1.9506046930202217,2.06439337044651,1.0424290019196578,1.5857659551792709,1.9745624464923819,3.186552244894336,1.7383976547444402,1.677847031303366
2016-01-08,1.9506046930202217,2.06439337044651,1.0364876086282495,1.5075515073979036,1.8771714595956,3.0293825040843116,1.7108993915716433,1.6594305057107084
2016-01-11,1.9506046930202217,2.06439337044651,1.0382350550249928,1.5305554642553711,1.9058155033040245,3.075608310689757,1.7264114064594926,1.6610733935657718
2016-01-12,1.9506046930202217,2.06439337044651,1.041147446609847,1.5688951412233778,1.9535552634523727,3.1526508170646106,1.7412182089761137,1.6744750266726693
2016-01-13,1.9506046930202217,2.06439337044651,1.0298471955731539,1.420134934437562,1.7683221797855548,2.853721350622195,1.6900992434726165,1.6327126859408896
2016-01-14,1.9506046930202217,2.06439337044651,1.0364876086282495,1.5075515073979036,1.8771714595956,3.0293825040843116,1.7348721833947818,1.6595170476219154
2016-01-15,1.9506046930202217,2.06439337044651,1.0210019802589032,1.304345795107589,1.6232053907806139,2.6210463201984293,1.6463836054141192,1.6238935487543547
2016-01-19,1.9506046930202217,2.06439337044651,1.0210019802589032,1.3089462549904232,1.6223937880852237,2.630290815402348,1.6573126994620206,1.6260550620953849
2016-01-20,1.9506046930202217,2.06439337044651,1.0210019802589032,1.3342513458492875,1.6537585764100537,2.6811406862929443,1.6615432355562865,1.6052167714468017
2016-01-21,1.9506046930202217,2.06439337044651,1.0210019802589032,1.3894615354198605,1.7221897043167993,2.792084014936459,1.6844585778891357,1.6142091489510693
2016-01-22,1.9506046930202217,2.06439337044651,1.0210019802589032,1.4700490292976112,1.8229362214818663,2.9554183673785994,1.716539909528503,1.6473252798234095
2016-01-25,1.9506046930202217,2.06439337044651,1.0210019802589032,1.4700490292976112,1.7450003915499361,2.8290656291185172,1.697149890918691,1.6224237447217051
2016-01-26,1.9506046930202217,2.06439337044651,1.0210019802589032,1.4700490292976112,1.7963240643074283,2.9122736554670845,1.7116043086896293,1.6445585990852052
2016-01-27,1.9506046930202217,2.06439337044651,1.0210019802589032,1.4700490292976112,1.7326446337584096,2.8090339718999915,1.6925669700787427,1.626660542483196
2016-01-28,1.9506046930202217,2.06439337044651,1.0210019802589032,1.4700490292976112,1.717438380476139,2.7843809754211017,1.6837532178912855,1.6351335120249033
2016-01-29,1.9506046930202217,2.06439337044651,1.0210019802589032,1.4700490292976112,1.948485388939109,3.1603559760436934,1.7528523677686225,1.6749941216445923
2016-02-01,1.9506046930202217,2.06439337044651,1.0210019802589032,1.4700490292976112,1.9475111462446395,3.2081232383377,1.7606080799593038,1.6743887977521
2016-02-02,1.9506046930202217,2.06439337044651,1.0210019802589032,1.4700490292976112,1.7548182778082555,2.8907014509015942,1.7123095210608583,1.6442125879356964
2016-02-03,1.9506046930202217,2.06439337044651,1.0210019802589032,1.4700490292976112,1.7688497526923264,2.9138154139361787,1.7147771000403627,1.654069915066077
2016-02-04,1.9506046930202217,2.06439337044651,1.0210019802589032,1.4700490292976112,1.8558425442720834,3.0571181091597928,1.7479164716765054,1.6566636684771858
2016-02-05,1.9506046930202217,2.06439337044651,1.0210019802589032,1.4700490292976112,1.6668984839803789,2.7474002695806403,1.6869261568686402,1.6251041965393396
2016-02-08,1.9506046930202217,2.06439337044651,1.0210019802589032,1.4700490292976112,1.6660650347383887,2.534757350546199,1.650966969133932,1.60322896790946
2016-02-09,1.9506046930202217,2.06439337044651,1.0210019802589032,1.4700490292976112,1.6336541213406672,2.4854472700512376,1.6439160264346144,1.6033150403347107
2016-02-10,1.9506046930202217,2.06439337044651,1.0210019802589032,1.4700490292976112,1.598206951705116,2.431517818369371,1.6202954717305365,1.6019316217179493
2016-02-11,1.9506046930202217,2.06439337044651,1.0210019802589032,1.4700490292976112,1.5617452089826545,2.3760447915352194,1.6086614605646492,1.581093487564685
2016-02-12,1.9506046930202217,2.06439337044651,1.0210019802589032,1.4700490292976112,1.6650512577072543,2.533214986516042,1.6403907027115772,1.6136909929510581
2016-02-16,1.9506046930202217,2.06439337044651,1.0210019802589032,1.4700490292976112,1.841279796807057,2.8013297212625066,1.6960925890550222,1.6409269687208878
2016-02-17,1.9506046930202217,2.06439337044651,1.0210019802589032,1.4700490292976112,1.9729448350279448,3.001645385106173,1.7366348452562999,1.6677313304019135
2016-02-18,1.9506046930202217,2.06439337044651,1.0210019802589032,1.4700490292976112,1.9415470021125536,2.953876608909507,1.7295841978102255,1.6609004662386764
2016-02-19,1.9506046930202217,2.06439337044651,1.0210019802589032,1.4700490292976112,1.9678797311372096,2.993939317785496,1.7327572844142018,1.6601220585237701
2016-02-22,1.9506046930202217,2.06439337044651,1.0210019802589032,1.4700490292976112,2.061059452852249,3.1357032823453377,1.7609606123316068,1.6841592699806358
2016-02-23,1.9506046930202217,2.06439337044651,1.0210019802589032,1.4700490292976112,1.9607914514909752,2.9831551835762085,1.7313470072983659,1.66288920874793
2016-02-24,1.9506046930202217,2.06439337044651,1.0210019802589032,1.4700490292976112,2.0428285814910176,3.1079667689282613,1.753557432513229,1.6704975416541616
2016-02-25,1.9506046930202217,2.06439337044651,1.0210019802589032,1.4700490292976112,2.1218273656068174,3.2281558038978226,1.7740049006133303,1.6907303519149337
2016-02-26,1.9506046930202217,2.06439337044651,1.0210019802589032,1.4700490292976112,2.154236985413902,3.2774639163193253,1.7838761022910774,1.686839878293589
2016-02-29,1.9506046930202217,2.06439337044651,1.0210019802589032,1.4700490292976112,2.1430957867965144,3.2605136565752613,1.7778826090820499,1.6736110160184678
2016-03-01,1.9506046930202217,2.06439337044651,1.0210019802589032,1.4700490292976112,2.3213495912982296,3.5317096374059225,1.8325273411884484,1.7129522176755967
2016-03-02,1.9506046930202217,2.06439337044651,1.0210019802589032,1.4700490292976112,2.36084948089099,3.5918049118420337,1.8420460104938918,1.7206474054836725
2016-03-03,1.9506046930202217,2.06439337044651,1.0210019802589032,1.4700490292976112,2.365912594642284,3.5995079513573907,1.8462765465881579,1.7273917277357027
2016-03-04,1.9506046930202217,2.06439337044651,1.0210019802589032,1.4700490292976112,2.4408604499263715,3.7135338885974956,1.8582629424997272,1.7330119441139549
2016-03-07,1.9506046930202217,2.06439337044651,1.0210019802589032,1.4700490292976112,2.468207154996106,3.7551392642841734,1.8653138851990447,1.7343952062353976
2016-03-08,1.9506046930202217,2.06439337044651,1.0210019802589032,1.4700490292976112,2.3000805730667,3.4993508763868872,1.830059466955701,1.7154595856708172
2016-03-09,1.9506046930202217,2.06439337044651,1.0210019802589032,1.4700490292976112,2.3567971589616685,3.5856396946488527,1.8431036076108032,1.7239327117078433
2016-03-10,1.9506046930202217,2.06439337044651,1.0210019802589032,1.4700490292976112,2.3881941958212836,3.633407259723391,1.8529748092885503,1.7253164433152417
2016-03-11,1.9506046930202217,2.06439337044651,1.0210019802589032,1.4700490292976112,2.5299866556284245,3.849130819280964,1.890344717018959,1.7531582124635199
2016-03-14,1.9506046930202217,2.06439337044651,1.0210019802589032,1.4700490292976112,2.5006159787474145,3.804446165583548,1.8818837924570484,1.75091047020192
2016-03-15,1.9506046930202217,2.06439337044651,1.0210019802589032,1.4700490292976112,2.4864370312876165,3.7828742637985893,1.875537766875717,1.7480574040478276
2016-03-16,1.9496293906737117,2.06439337044651,1.0210019802589032,1.4700490292976112,2.555307796775331,3.887654494712648,1.8973953644650334,1.7581731049492797
2016-03-17,1.9921303126638288,2.06439337044651,1.0210019802589032,1.4700490292976112,2.6110121977507172,3.972403371188712,1.9104396527467566,1.7693271522898961
2016-03-18,2.0717218689311143,2.06439337044651,1.0210019802589032,1.4700490292976112,2.7153299338600383,4.131112751004105,1.9347651245688204,1.7762800828016712
2016-03-21,2.0817682012246745,2.06439337044651,1.0210019802589032,1.4700490292976112,2.7284972934420866,4.151145619344759,1.9347651245688204,1.7788002834130203
2016-03-22,2.076358217196029,2.06439337044651,1.0210019802589032,1.4700490292976112,2.721406625628523,4.140357851769087,1.9337072321986664,1.777844097016141
2016-03-23,1.9929022781638885,2.06439337044651,1.020923984518543,1.4700490292976112,2.612023984642411,3.9739427074135487,1.9107921851190601,1.766111642977838
2016-03-24,1.9882656262146696,2.0633611737612867,1.0205610574392432,1.4700490292976112,2.6059468948460376,3.964697001087502,1.9076190985150838,1.7653290098893286
2016-03-28,1.985947452082212,2.0609554436436075,1.0203796057848133,1.4700490292976112,2.6029085489617954,3.9600744507050103,1.9069143290237196,1.7663718946927336
2016-03-29,2.0616770550590724,2.1395453062990812,1.0263072285449297,1.4700490292976112,2.702164564417431,4.11108291046877,1.9333551427062274,1.7827114144164253
2016-03-30,2.1234965503461245,2.203699685208537,1.0311460581819265,1.4700490292976112,2.783189111470003,4.234353948473858,1.9527450136894178,1.7905333634325977
2016-03-31,2.087178033411168,2.1660094406334944,1.0283032799401985,1.4700490292976112,2.735587762241706,4.161933084139899,1.9418160672681384,1.7861874884340159
2016-04-01,2.1281325949267353,2.208510830289625,1.0315089377203464,1.4700490292976112,2.7892654052105996,4.243598443677777,1.9509824994545206,1.7983551559534514
2016-04-04,2.0694039984829598,2.147564091537075,1.0269120436225891,1.4700490292976112,2.712291986003684,4.1264908061826775,1.9358227216857316,1.7925324346328815
2016-04-05,2.0323124531528802,2.109071621768536,1.024008757725611,1.4700490292976112,2.6636774567860844,4.052528486160156,1.921368599168036,1.7746290571900385
2016-04-06,2.0941322521242363,2.1732263158322613,1.028847611133048,1.4700490292976112,2.744702401866545,4.1758001297263085,1.9393484882886334,1.7940094374501885
2016-04-07,1.9959936325336203,2.0713810620392237,1.021165955713443,1.4700490292976112,2.6160757095298997,3.980107016265133,1.9136127393507334,1.7725426616019546
2016-04-08,2.0261305036241755,2.1016204933465708,1.0235248747619115,1.4700490292976112,2.6555750020808278,4.040201382359648,1.9227785810306297,1.777322967605076
2016-04-11,2.0230391492544433,2.1016204933465708,1.0232829035670115,1.4700490292976112,2.651523277193339,4.034037073508063,1.9248940705176951,1.77315111540082
2016-04-12,2.0168576552521933,2.1016204933465708,1.0227990562589717,1.4700490292976112,2.6434214195299135,4.02171087804915,1.9217211315403402,1.7896643449282004
2016-04-13,2.1544059943053466,2.1005696830998977,1.033565449229985,1.4700490292976112,2.8237009869684013,4.295988861915339,1.9608534058790246,1.8077414321747318
2016-04-14,2.101858891863821,2.0482853919405164,1.0294524024402674,1.4700490292976112,2.754829425424911,4.191207419879152,1.9397010206609373,1.8078279740859389
2016-04-15,2.04544983613187,2.0482853919405164,1.0250370669639206,1.4700490292976112,2.6808961432277343,4.078725057791332,1.9252466028899988,1.805829215876292
2016-04-18,2.048539823922235,2.047261249244546,1.0252789311918402,1.4700490292976112,2.684946076989726,4.084886641618128,1.927714329496125,1.8185186387880674
2016-04-19,1.970493261550133,1.9682397681923804,1.0191699518590542,1.4700490292976112,2.5826533077614013,3.929258053716134,1.9114975451169112,1.8242548181974305
2016-04-20,2.0284489814409374,1.9682397681923804,1.0237063501867814,1.4700490292976112,2.6586137459929593,4.044824538303205,1.9206635344234293,1.8259926987109072
2016-04-21,1.992902278163889,1.9682397681923804,1.020923984518543,1.4700490292976112,2.612023984642412,3.9739427074135505,1.9100871203744534,1.8161721479804067
2016-04-22,2.0037216388525723,1.9682397681923804,1.0217708539876427,1.4700490292976112,2.626204524213762,3.9955170314427657,1.9111445698647427,1.8161721479804067
2016-04-25,1.9674020590225527,1.9682397681923804,1.0189279925493744,1.4700490292976112,2.5786017818878566,3.923094047645082,1.9016260481859206,1.8130431805795553
2016-04-26,2.0462216497897785,1.9682397681923804,1.0250974795374104,1.4700490292976112,2.681907731105484,4.080264091235638,1.9220738115392657,1.8157374039852299
2016-04-27,2.111904920473078,1.9682397681923804,1.030238740483677,1.4700490292976112,2.767996386979071,4.211239682658744,1.9446364738731892,1.8194741992036718
2016-04-28,1.9419009288283051,1.9682397681923804,1.0169319292688854,1.4700490292976112,2.545178385049637,3.8722435711934216,1.8963379149747437,1.8029614391622477
2016-04-29,1.7927623264814723,1.9682397681923804,1.0052583255666032,1.4700490292976112,2.349707884245714,3.574854046536906,1.8494496331921342,1.7932272738476354
2016-05-02,1.8298544791801594,1.9682397681923804,1.0081616590044615,1.4700490292976112,2.39832320951909,3.6488175776815557,1.8617885614760075,1.8074807109738804
2016-05-03,1.7688075567617745,1.9682397681923804,1.0033140759682702,1.4700490292976112,2.318311245413988,3.5270870870234323,1.8423985428661955,1.791749958039691
2016-05-04,1.7054423083687806,1.9682397681923804,1.0032480222833842,1.4700490292976112,2.2352607364106993,3.4007337432022866,1.8226562871373229,1.7817553845148648
2016-05-05,1.7185795395056176,1.9682397681923804,1.0042656615450922,1.4700490292976112,2.252479223838404,3.426930012052929,1.829354254584472,1.7814081214028066
2016-05-06,1.725534213745142,1.9682397681923804,1.0048043861427498,1.4700490292976112,2.261594460505075,3.4407979659809347,1.8297070822100183,1.787926151424086
2016-05-09,1.7178066629526467,1.9682397681923804,1.0042057928013237,1.4700490292976112,2.251466242863046,3.4253888591449,1.8279441250952568,1.789403936717986
2016-05-10,1.7819437250035488,1.9682397681923804,1.0091739928576193,1.4700490292976112,2.3355283397440845,3.553281236410351,1.8483918884486015,1.8116522501874988
2016-05-11,1.765715898707739,1.9682397681923804,1.0079169491930309,1.4700490292976112,2.3142591224986115,3.5209221726107844,1.839930668633448,1.7947053721321722
2016-05-12,1.6722146902771007,1.9682397681923804,1.0006741367826322,1.4700490292976112,2.191710515028059,3.3344762793783147,1.8071441246228517,1.7952261885526
2016-05-13,1.6923056846005513,1.9682397681923804,1.0022304300698048,1.4700490292976112,2.218043045038771,3.374538685473772,1.8124322578340293,1.7795827600062106
2016-05-16,1.7711257308942325,1.9682397681923804,1.008336006875345,1.4700490292976112,2.321349591298231,3.531709637405924,1.8487442731942838,1.7971380918604023
2016-05-17,1.7363526633809145,1.9682397681923804,1.0056424074111208,1.4700490292976112,2.2757738059927624,3.4623704733269585,1.8314698916981587,1.780364923608764
2016-05-18,1.8205816308081784,1.9682397681923804,1.012166971326782,1.4700490292976112,2.3861696269681776,3.630327073371059,1.8639039033364513,1.7808863660104663
2016-05-19,1.7850349275311292,1.9682397681923804,1.0094134443086282,1.4700490292976112,2.3395798656176297,3.559445242481403,1.8476865284507507,1.774715599101245
2016-05-20,1.9511746882531993,1.9682397681923804,1.0222830011947424,1.4700490292976112,2.557333161684217,3.890735892187112,1.9090292280042984,1.7859267672331645
2016-05-23,1.9936757620854684,1.9682397681923804,1.0255752292864893,1.4700490292976112,2.613037761673547,3.975485071443708,1.921368599168036,1.7834934215236597
2016-05-24,2.1381787753781456,1.9682397681923804,1.0367687553978937,1.4700490292976112,2.8024325657787057,4.263631009237901,1.9679042009517203,1.8066116924694822
2016-05-25,2.1760419825239814,1.9682397681923804,1.039701723978902,1.4700490292976112,2.852058483860111,4.339132059924196,1.9788332949996217,1.8188659019001248
2016-05-26,2.1976794891641327,1.9682397681923804,1.0413778135637721,1.4700490292976112,2.8804179708912594,4.38227828573837,1.9855317053266355,1.8193879702831015
2016-05-27,2.237862388863944,1.9682397681923804,1.0444904707103106,1.4700490292976112,2.9330842249963474,4.462404914612475,1.9985755507284941,1.827209606308637
2016-05-31,2.2741809057989006,1.9682397681923804,1.0473037841380073,1.4700490292976112,2.9806855742246445,4.534825778946434,2.0059791734267365,1.8237330628050903
2016-06-01,2.3135910807878926,1.9682397681923804,1.0503565843028095,1.4700490292976112,3.032339046368318,4.613411557693041,2.0140878608695862,1.8274704840048066
2016-06-02,2.3120456313662547,1.9672556483082844,1.0502368703393372,1.4700490292976112,3.0303134824454903,4.610329857438048,2.013735180870661,1.833032640619844
2016-06-03,2.333681771427039,1.98566524116611,1.051912854065918,1.4700490292976112,3.0586711783511418,4.6534733582274335,2.0176131845926237,1.8275568694206947
2016-06-06,2.31590925492035,1.9705430986754469,1.0505361552480181,1.4700490292976112,3.035377392252561,4.618034108075533,2.0126774361271287,1.8368562907401302
2016-06-07,2.383910851578259,2.0284037755169333,1.0558037107851874,1.4700490292976112,3.1245045930243345,4.753632552661661,2.0338302642250805,1.8397237544635374
2016-06-08,2.377728142838795,2.0231430797397616,1.055324784359105,1.4700490292976112,3.116401143249357,4.741303934958492,2.034183091850627,1.845721907036301
2016-06-09,2.387000839368625,2.0310329606209523,1.056043068139939,1.4700490292976112,3.128554526786327,4.759794136488457,2.034183091850627,1.8432009239483589
2016-06-10,2.2672262315593756,1.9291200612646295,1.0467650595403495,1.4700490292976112,2.9715703375579734,4.520957825018427,1.998928525980662,1.8257319775100553
2016-06-13,2.236316028389394,1.9028194247410462,1.0443706861746451,1.4700490292976112,2.931057466989855,4.459321397674287,1.9904674537921296,1.8116522501874985
2016-06-14,2.2301349899136,1.897560150145012,1.0438918891309166,1.4700490292976112,2.922956206368262,4.446996110556971,1.987999284306139,1.8080890082774264
2016-06-15,2.2309077146244194,1.8982176402184445,1.0439517461126528,1.4700490292976112,2.9239689883296767,4.448536960684469,1.9858843853255599,1.805569433647352
2016-06-16,2.228589540491962,1.8962451699981469,1.0437721751674442,1.4700490292976112,2.920930642445434,4.443914410301978,1.9869416871892278,1.8109570979821081
2016-06-17,2.1729521465757666,1.847956728539723,1.0393782175232449,1.4700490292976112,2.8480087491120627,4.332970778877931,1.9735451617884439,1.8042130887207153
2016-06-20,2.2463620569986507,1.847032750175453,1.0392552122757006,1.4700490292976112,2.944224428544015,4.479353660453879,2.006684238171344,1.8158327096342801
2016-06-21,2.2695444056918332,1.8660940395739682,1.0417940287864054,1.4700490292976112,2.9746086834422156,4.52558037540092,2.0162030551034085,1.8209859439817162
2016-06-22,2.259498832609032,1.8578342390576592,1.0406938871597027,1.4700490292976112,2.9614423189298877,4.505549020962925,2.0137351808706607,1.8180159758246013
2016-06-23,2.4356834072031432,2.0026989897496486,1.0599887529574277,1.4700490292976112,3.192360984439082,4.856869511203967,2.064149229256172,1.8416915266000942
2016-06-24,2.0245855097289933,1.6636794308582281,1.0149673384563886,1.4700490292976112,2.651953854707614,4.037120590446251,1.9435788767562772,1.7755584828874307
2016-06-27,1.783489781793794,1.6636794308582281,0.9884660637354503,1.4700490292976112,2.65062787778026,3.556364147787473,1.883646454318566,1.7437581646542002
2016-06-28,1.9264465864540734,1.6628475911427991,0.9884289128095066,1.4700490292976112,2.8630907108276182,3.8414268714240114,1.9351176569411235,1.775208872345593
2016-06-29,2.042358026235682,1.7628986695282713,0.9928995452637122,1.4700490292976112,3.0353586412498306,4.072559840598152,1.9746027589053547,1.8054360996358727
2016-06-30,2.1536332695945277,1.8589479302106913,0.9971913624928569,1.4700490292976112,3.2007362426045667,4.294448011787842,2.0098571771486986,1.8300723751724854
2016-07-01,2.084086375357132,1.798917256966342,0.994508981849042,1.4700490292976112,3.0973754392175867,4.155768169727251,1.9950503746320778,1.8339159001982386
2016-07-05,1.9789935370534473,1.7082044522364155,0.9904556161544198,1.4700490292976112,2.941186146850221,3.9462080106796655,1.963321427738393,1.8207242838089535
2016-07-06,1.9874936607146099,1.7155414893771113,0.9907834606603284,1.4700490292976112,2.9538190562006723,3.9631576648626656,1.9661418343434445,1.8316440576575685
2016-07-07,2.0601309982688263,1.77823973527106,0.9935850377891158,1.4700490292976112,3.061772885740023,4.107999999091648,1.9883522595583076,1.8305086841208487
2016-07-08,2.233225888756876,1.9276497545838596,1.000261200526211,1.4700490292976112,3.3190270325888402,4.453159511066959,2.042644016412538,1.8577657867586945
2016-07-11,2.3066359510219123,1.9910149919392057,1.003092581168585,1.4700490292976112,3.428129287917482,4.59954269542344,2.070142427211956,1.8643182457500742
2016-07-12,2.400909884163369,2.0723892608829275,1.006728668390708,1.4700490292976112,3.568239490893475,4.787529438783405,2.092705237172502,1.8778597856718342
2016-07-13,2.4070933521135927,2.0777266342927265,1.0069671609204351,1.4700490292976112,3.5774293795586845,4.799859570389234,2.0930579171714268,1.8775978125084338
2016-07-14,2.4596387842914478,2.1230821847330485,1.0089938057007706,1.4700490292976112,3.655522558898659,4.904637681839568,2.1106851262930983,1.8880812774086857
2016-07-15,2.4542294076314093,2.1184129823726106,1.00878516939275,1.4700490292976112,3.6474831270371038,4.893851125386024,2.1046919283373136,1.8855474617046148
2016-07-18,2.5647323818058916,2.213795644789622,1.0130472006776816,1.4700490292976112,3.8117129796073383,5.114199354789814,2.1660346278908618,1.8906149366174372
2016-07-19,2.534595055188881,2.187782060337835,1.011884822652606,1.4700490292976112,3.7669227941471934,5.054104080353703,2.1575735557023292,1.8886927046186046
2016-07-20,2.6566889000256513,2.2931695946758013,1.0165939066413343,1.4700490292976112,3.948379033556777,5.29756506166995,2.190712632085229,1.8965556554082605
2016-07-21,2.6010508987408483,2.2451446366712675,1.0144479833856175,1.4700490292976112,3.8656896687087516,5.186620219123774,2.172027825846646,1.8893919257022795
2016-07-22,2.6420060676250237,2.280495839451953,1.0160275988879877,1.4700490292976112,3.9265573638824294,5.26828678978378,2.1850719665017486,1.8978656777205802
2016-07-25,2.6845063822465334,2.3171807630247736,1.017666809704615,1.4700490292976112,3.989721459298161,5.353034455137717,2.195295848178421,1.892711034915276
2016-07-26,3.0121498591100613,2.5999922201848693,1.0303038157139845,1.4700490292976112,4.476666180043262,6.006371259345215,2.258753741965791,1.8935850612698704
2016-07-27,2.9936053771033126,2.583985211503319,1.0295885665266566,1.4700490292976112,4.449105315109882,5.969392672968477,2.250645202149563,1.8915751918926005
2016-07-28,2.946467499479673,2.5432972906394813,1.0277704877768485,1.4700490292976112,4.3790488596123085,5.875397484605302,2.2478247955445116,1.8937593970548334
2016-07-29,2.9016476441463386,2.504610213094505,1.0260418137113418,1.4700490292976112,4.312437455814342,5.7860245438440865,2.238658953864615,1.8968173155810233
2016-08-01,2.917103960468544,2.517951615106397,1.0266379542605637,1.4700490292976112,4.3354086796192925,5.816845179760413,2.24500438893946,1.895244850619347
2016-08-02,2.7772372954407816,2.397223146090972,1.0212433836028896,1.4700490292976112,4.12753842138778,5.537944342731201,2.2153909315328404,1.883101596369619
2016-08-03,2.796554350316198,2.41389701516859,1.0219884304473463,1.4700490292976112,4.156247486442188,5.576463476454904,2.2210315971163213,1.888605223735486
2016-08-04,2.869191991554718,2.4765955231931973,1.0247900192890491,1.4700490292976112,4.264201767318065,5.721306416244951,2.2368958491232314,1.8906149366174374
2016-08-05,2.9789219373340776,2.571310932018153,1.0290222353474787,1.4700490292976112,4.427282742762484,5.940113189960179,2.262984278060057,1.9060780825567554
2016-08-08,2.9665577345923633,2.5606385443744837,1.0285453557042648,1.4700490292976112,4.408907027460795,5.915458376798098,2.262984278060057,1.904941770048124
2016-08-09,3.0430588475428277,2.626671878640747,1.0314959562574422,1.4700490292976112,4.522603211614858,6.068005264445099,2.278143760575603,1.9060780825567554
2016-08-10,2.972740139647524,2.565975000326977,1.0287838072387874,1.4700490292976112,4.418095336448165,5.927786388940203,2.262984278060057,1.901359748699815
2016-08-11,3.0152404542690348,2.602659923899798,1.0304230180554148,1.4700490292976112,4.481259431863898,6.01253405429414,2.272150414993197,1.9101835807459093
2016-08-12,3.0538785119158147,2.636011069753598,1.03191326401223,1.4700490292976112,4.538683429347545,6.089580194035379,2.2816692319252616,1.9085234784057956
2016-08-15,3.180607186595981,2.745399242206651,1.0368011105178991,1.4700490292976112,4.7270279668102395,6.342283248311287,2.30740483323654,1.9140277317529375
2016-08-16,3.112605589938072,2.6867024208197665,1.0341783310447992,1.4700490292976112,4.625963789333576,6.2066848037251585,2.294008012582513,1.9041556940626048
2016-08-17,3.1110610515693446,2.6853692242889493,1.034118759156373,1.4700490292976112,4.623668291764573,6.2036049201533565,2.289072706996883,1.9077375589155952
2016-08-18,3.1798349174116174,2.744732643941243,1.036771324573686,1.4700490292976112,4.725880218025738,6.340743306525386,2.3066999161185544,1.912018488356942
2016-08-19,3.2625187391015467,2.8161026962906583,1.0399603883743014,1.4700490292976112,4.848765162503698,6.505618811875556,2.318686312030124,1.9092226994894708
2016-08-22,3.2663822108134903,2.8194375225323136,1.0401094000857758,1.4700490292976112,4.854507065781884,6.513322759732509,2.319391376774731,1.9091353751016713
2016-08-23,3.3189280985178016,2.8647934661686243,1.0421360624354847,1.4700490292976112,4.932600922126647,6.61810177952444,2.330673150821558,1.9129793696133803
2016-08-24,3.233154592721811,2.790756496496257,1.0388278314321857,1.4700490292976112,4.805124079837631,6.447065295908539,2.312340286448792,1.903194656310848
2016-08-25,3.2725637048157403,2.824773192092831,1.0403478164815518,1.4700490292976112,4.863694020759678,6.525648955191423,2.32009658914596,1.9018843210078906
2016-08-26,3.3181564367020457,2.8641273921645336,1.0421062999171027,1.4700490292976112,4.931454076015197,6.616563048860669,2.329967790823707,1.8983021431642633
2016-08-29,3.3521563239780896,2.893475016466,1.043417654514906,1.4700490292976112,4.981984810743953,6.684360454470542,2.3380764782665566,1.9076499215371576
2016-08-30,3.3227927849669605,2.8681293409329154,1.0422851209986213,1.4700490292976112,4.938344630750936,6.625808149625651,2.3341984745445945,1.904505304604442
2016-08-31,3.325111718310177,2.870130970643753,1.0423745608216695,1.4700490292976112,4.941791036460119,6.630432213910802,2.3341984745445945,1.8990890016263755
2016-09-01,3.4124300661591986,2.945501398977597,1.0457423754263102,1.4700490292976112,5.071563827654664,6.80454918665957,2.355703687388228,1.899176169518857
2016-09-02,3.393884369415235,2.9294933417734113,1.0450270793873202,1.4700490292976112,5.044001157375182,6.767568178038577,2.3535881979011632,1.9077375589155954
2016-09-06,3.3652924922198633,2.904813740244418,1.0439243083894176,1.4700490292976112,5.001507823493617,6.71055460385746,2.3532355179022377,1.9135034724355
2016-09-07,3.291109705244008,2.8407815114276755,1.0410631242334574,1.4700490292976112,4.891257142375687,6.562630569373483,2.3377239458942527,1.9133288236598998
2016-09-08,3.276428087580596,2.828108804726463,1.0404968633317728,1.4700490292976112,4.869437278047442,6.5333547197315704,2.333140877427683,1.9089607263260715
2016-09-09,2.9155563852567807,2.5166157972689924,1.026522039640822,1.4700490292976112,4.330673950046013,5.813759240577973,2.2485298602891177,1.863270196601155
2016-09-12,3.0901973325350762,2.667360323765904,1.0264536714190369,1.4700490292976112,4.328508613070991,6.162001663930406,2.2947130773271196,1.8900031964168817
2016-09-13,3.0005585329213194,2.589986955067928,1.0224872934353264,1.4700490292976112,4.2029495388628755,5.983257599091166,2.2696825407604484,1.862833261671517
2016-09-14,3.0863338608231325,2.6640254975242486,1.0262827187824,1.4700490292976112,4.323096961716096,6.154297716073452,2.2887200269979564,1.8621346665691163
2016-09-15,3.299610436273779,2.84811907282969,1.0357198767648095,1.4700490292976112,4.621838237583769,6.5795814346786115,2.345479510458313,1.8807428989271056
2016-09-16,3.3011555820111136,2.849452793621825,1.0357882470694164,1.4700490292976112,4.624002557823803,6.582662529372542,2.346537402828467,1.873472126423176
2016-09-19,3.3173832564647716,2.8634600075071495,1.036506296518507,1.4700490292976112,4.646733024873021,6.615021290391577,2.3546460902713173,1.8738234584135194
2016-09-20,3.2756549073433217,2.827441420069079,1.0346598817297654,1.4700490292976112,4.588283191692545,6.531812961262478,2.3458323380838597,1.8739110957919567
2016-09-21,3.4039299424980363,2.9381643618369018,1.0403358532676443,1.4700490292976112,4.7679609063366355,6.7875995324765706,2.3782666449753953,1.8949847553997716
2016-09-22,3.4433396619605734,2.9721815816947936,1.0420796722867962,1.4700490292976112,4.8231629830248455,6.866184402881583,2.3895481237689786,1.906925661202501
2016-09-23,3.3336103235498222,2.8774666971311564,1.037224319092478,1.4700490292976112,4.669462641167429,6.647378840288484,2.361696885344013,1.8964767817676678
2016-09-26,3.2300630865099276,2.788088006389353,1.0326425143043867,1.4700490292976112,4.524421707157173,6.440900684276425,2.3398395830079397,1.8811114454024986
2016-09-27,3.4039299424980363,2.938164361836902,1.0403358532676443,1.4700490292976112,4.7679609063366355,6.7875995324765706,2.3782666449753953,1.8927894390699156
2016-09-28,3.426340022006856,2.9575080316747204,1.0413274645605222,1.4700490292976112,4.799351206610423,6.832286305637712,2.381439731579372,1.902184166038402
2016-09-29,3.552297034871266,3.066230130123683,1.046900867203931,1.4700490292976112,4.975782015517059,7.083450629249849,2.4107003613604445,1.8849745323430818
2016-09-30,3.717662856145302,3.2089686620385605,1.0542180485538122,1.4700490292976112,5.207413624979688,7.413198006583804,2.449128013834386,1.8991990178353788
2016-10-03,3.6403897776947773,3.1422689916375472,1.050798834570355,1.4700490292976112,5.0991754933529245,7.259111782711965,2.4300900847170133,1.8946327974281545
2016-10-04,3.61257108073668,3.1182567747659395,1.0495679003362337,1.4700490292976112,5.060209221484211,7.203639966999942,2.4198666459202056,1.8849745323430815
2016-10-05,3.6967991371110323,3.190959761515513,1.053294861315781,1.4700490292976112,5.178189346455559,7.37159475036085,2.4385514521587885,1.893315576331177
2016-10-06,3.7609378694256046,3.24632228092206,1.05613290083496,1.4700490292976112,5.268029905287228,7.499490458212153,2.4526536328106663,1.894632797428154
2016-10-07,3.7393003627854533,3.2276454714803102,1.0551754746943862,1.4700490292976112,5.237721765133458,7.456344232397979,2.4544161470455634,1.8881354247889348
2016-10-10,3.6836635762378656,3.179621561998412,1.0527136331012634,1.4700490292976112,5.159790072150841,7.34540181209606,2.44666028722826,1.8979691211262009
2016-10-11,3.4533849313590714,2.980852339627626,1.0425241598921005,1.4700490292976112,4.837233616849499,6.886215151758516,2.3962459435895056,1.8739992026563497
2016-10-12,3.4147480884495054,2.9475022422964607,1.0408145394628119,1.4700490292976112,4.783114125658711,6.809171434261533,2.3962459435895056,1.8764577441121548
2016-10-13,3.2911097052440086,2.8407815114276778,1.035343732588993,1.4700490292976112,4.609931073244343,6.562630569373485,2.3687481232965735,1.870311390472641
2016-10-14,3.371475504643632,2.9101507204582315,1.038899794682143,1.4700490292976112,4.722501248370418,6.722883827121695,2.3839073105588757,1.8712774360745943
2016-10-17,3.3142914465685838,2.8607912552695867,1.0362961625910578,1.4700490292976112,4.642402257505928,6.608856073198398,2.374035961254507,1.864779437454101
2016-10-18,3.435613325905294,2.9655124534728023,1.0362131765542941,1.4700490292976112,4.81234053106987,6.850777718289807,2.400829750189183,1.876457744112155
2016-10-19,3.384611369201103,2.921489182105992,1.0337493077468454,1.4700490292976112,4.740900948052542,6.749077370947551,2.3761514507415726,1.8814623079068846
2016-10-20,3.4572499214925356,2.9841884765225766,1.0372584253331987,1.4700490292976112,4.842647395091424,6.893922127420792,2.3969507130808703,1.8779502399660073
2016-10-21,3.4294306171658304,2.9601757353896505,1.0359144942253582,1.4700490292976112,4.803680272467898,6.838449100586639,2.3937786598632447,1.878828178703567
2016-10-24,3.620298327844873,3.1249266893799095,1.0451351796476607,1.4700490292976112,5.071032949571408,7.219048468274916,2.4244497143867756,1.8868183601872754
2016-10-25,3.611797900499406,3.1175893901085545,1.0447245299561605,1.4700490292976112,5.059126210609384,7.202098208530851,2.4177514516863834,1.8804968882862052
2016-10-26,3.5909341814651365,3.0995804895855072,1.0437166183022204,1.4700490292976112,5.029901932085254,7.160494952307897,2.4107003613604445,1.8767211257334226
2016-10-27,3.5430246420257414,3.0582264947175792,1.0414021420069557,1.4700490292976112,4.962793967189834,7.064961033280951,2.403649861540992,1.8717165619386928
2016-10-28,3.481977415923052,3.005532465417937,1.038452993270407,1.4700490292976112,4.877283750347853,6.943229937061762,2.3899006561412826,1.8661842959295152
2016-10-31,3.5368422369705796,3.0528900387650855,1.0411034743487957,1.4700490292976112,4.9541341339652645,7.052633021138844,2.406822357638483,1.8662722462985897
2016-11-01,3.4371578642740213,2.9668456500036196,1.0362877921211182,1.4700490292976112,4.814504000555092,6.85385760186161,2.3846122276768624,1.8527505812822966
2016-11-02,3.3683836947474455,2.907481968220668,1.0329653601595854,1.4700490292976112,4.718170481003325,6.716718609928518,2.3698051299069984,1.8415996638480532
2016-11-03,3.345976044713056,2.888140395428121,1.0318828622803733,1.4700490292976112,4.686783583748785,6.67203668125589,2.359934075855873,1.8331706694908831
2016-11-04,3.2872468409006737,2.837447209447341,1.0290456955771645,1.4700490292976112,4.604520272644262,6.554927832638663,2.347594409438892,1.831151410394495
2016-11-07,3.571615000799594,3.0829047855932776,1.042783322215104,1.4700490292976112,5.0028411230463465,7.121971579656747,2.418103688805444,1.871541287181818
2016-11-08,3.5947976531770807,3.102915315827163,1.0439032599147124,1.4700490292976112,5.03531358344015,7.168198900164852,2.422334520152953,1.8799693425670765
2016-11-09,3.5376151135235503,3.0535571612918115,1.0411408114737597,1.4700490292976112,4.955216719462688,7.0541741740468735,2.402944501543141,1.899900742844151
2016-11-10,3.315838414411741,2.8621265488456746,1.0304269344684167,1.4700490292976112,4.644569130010397,6.611940801258714,2.358171413994354,1.9046430204848437
2016-11-11,3.6898453739244195,3.184957493689588,1.0484949487341577,1.4700490292976112,5.168449054620599,7.357728613116039,2.4170468298216408,1.900252074834494
2016-11-14,3.6280261823216713,3.131597128255197,1.045508506884973,1.4700490292976112,5.081857528413415,7.234458180672015,2.3909579580049503,1.901745040174302
2016-11-15,3.837439286060374,3.312355877318983,1.0556251072570997,1.4700490292976112,5.375187152926193,7.652037951420222,2.430795592341485,1.916584082782891
2016-11-16,3.9703506694800046,3.4270807678551884,1.0620459631011574,1.4700490292976112,5.5613591044226025,7.9170696233993,2.449833226205615,1.9129842209682575
2016-11-17,4.100170243003448,3.5391369061538303,1.068317455774583,1.4700490292976112,5.743200288551917,8.175936078185199,2.465345093466843,1.9228180738008422
2016-11-18,4.184399817799318,3.611841203556697,1.0723865275399642,1.4700490292976112,5.861182540410292,8.343893889351424,2.479446683612234,1.9185158609961603
2016-11-21,4.240038426452728,3.659866685822548,1.0750743897556454,1.4700490292976112,5.939116785657343,8.454839943019728,2.4956637632446914,1.933002789137814
2016-11-22,4.41004150704459,3.8066079528977834,1.0832871195116796,1.4700490292976112,6.177243908104505,8.793834237801857,2.524572598786568,1.9367790211765528
2016-11-23,4.427813416182672,3.8219481011832666,1.0841456679949877,1.4700490292976112,6.202137419261541,8.829272276831631,2.520694742691227,1.937832860652262
2016-11-25,4.446359416610939,3.8379564205181107,1.085041612286364,1.4700490292976112,6.22811521742562,8.866253891013688,2.5280979225096045,1.9450325842815295
2016-11-28,4.4092677194387075,3.8059400439790805,1.0832497383743873,1.4700490292976112,6.176160046474866,8.792291268210635,2.521752339808138,1.935901082438993
2016-11-29,4.383768563192434,3.783929981079628,1.0820178919953192,1.4700490292976112,6.140442807230635,8.74144472790589,2.5122336705026944,1.9396762190105012
2016-11-30,4.304948213214449,3.715894754971868,1.0782101360923582,1.4700490292976112,6.030037377721999,8.584273170412674,2.505182432550134,1.9350233001967514
2016-12-01,3.6682090820214834,3.1662817327704738,1.0474497146260298,1.4700490292976112,5.135127597287592,7.31458480954612,2.386022357166076,1.9279105879646465
2016-12-02,3.8103925546023363,3.2890099965821245,1.0543184986034477,1.4700490292976112,5.132560033488948,7.598105471933033,2.4244497143867747,1.928876007585326
2016-12-05,3.9494866467614314,3.409071605201482,1.0610380367764414,1.4700490292976112,5.3199183615562005,7.8754657616152794,2.448775186208839,1.9404662073789862
2016-12-06,4.11330792966674,3.550476940585541,1.0689521282158676,1.4700490292976112,5.540583964174779,8.202133255377431,2.4755688275168932,1.946612717513819
2016-12-07,4.373721471688114,3.775257650362843,1.0815325240415632,1.4700490292976112,5.891358357837662,8.721410345662571,2.524925131158872,1.9720760708094345
2016-12-08,4.4857697434420825,3.8719741646373187,1.0869454975732327,1.4700490292976112,6.042286240774896,8.944839972540823,2.540084908927661,1.976905203351971
2016-12-09,4.429359472972916,3.8232826083673763,1.0842203569156919,1.4700490292976112,5.966302179936167,8.832355188208746,2.5270406206459373,1.9888464221453375
2016-12-12,4.328903134776297,3.7365718834711608,1.0793673815753786,1.4700490292976112,5.830988513653712,8.632040432706674,2.5164640589703398,1.9865634684370437
2016-12-13,4.474950990122005,3.862635759916443,1.0864228511776164,1.4700490292976112,6.02771349003935,8.923266859633733,2.5612371465191264,1.9998220648227065
2016-12-14,4.464905417039203,3.853964739852953,1.0859375565777403,1.4700490292976112,6.0141822052230385,8.903235505195738,2.5337387357197074,1.9833149386127535
2016-12-15,4.699820106498608,4.056735648861462,1.0972861206951436,1.4700490292976112,6.330609903713711,9.3716666607372,2.5742814348008496,1.9914811773299295
2016-12-16,4.546817273229072,3.9246684560676184,1.0898946609805575,1.4700490292976112,6.124516642771007,9.06657167432107,2.5411419155380854,1.9875856958583886
2016-12-19,4.688228780309864,4.046730383744519,1.0967261518453393,1.4700490292976112,6.314996505178271,9.348553000483145,2.572629492905507,1.991913573895327
2016-12-20,4.819712543817701,4.160222998053557,1.1030780403713398,1.4700490292976112,6.492103797921095,9.610737929900083,2.576538055338134,1.9995973375451421
2016-12-21,4.819712543817701,4.160222998053557,1.1030780403713398,1.4700490292976112,6.492103797921095,9.610737929900083,2.574051137271204,1.9940331464909626
2016-12-22,4.897436289774949,4.227311670352277,1.1068328201021025,1.4700490292976112,6.596796893563271,9.765722806390984,2.5872002404542407,1.9905891540136924
2016-12-23,4.970304731084297,4.290209397677596,1.1103530434659004,1.4700490292976112,6.694949943205167,9.911025972589714,2.5992828889230717,1.9935034098373718
2016-12-27,5.15165983463357,4.446749370910615,1.1191141815002372,1.4700490292976112,6.939233423977239,10.272656745507419,2.621317047951783,1.99844960087825
2016-12-28,4.852097134282252,4.188176349380699,1.1046425172550483,1.4700490292976112,6.535725512045666,9.675314356210228,2.5779599949570735,1.9819332414444972
2016-12-29,4.851287815612833,4.187477771174912,1.104603419636962,1.4700490292976112,6.534635368025729,9.67370053597451,2.5786703742600574,1.9814917681506186
2016-12-30,4.62297340081051,3.990404009905449,1.093573710165519,1.4700490292976112,6.227098172397831,9.218430644599298,2.5459752111282117,1.9742490083087259
2017-01-03,4.630259698309699,3.9966933108027956,1.093925706094502,1.4700490292976112,6.236912741054615,9.232959871209257,2.550240144225303,1.9893522150151761
2017-01-04,4.6723594533346,4.033032484036617,1.0959595157737796,1.4700490292976112,6.293620683074787,9.3169088015197,2.558413935008264,2.0011877994684615
2017-01-05,4.543628891724302,3.9219163462805464,1.089740632503152,1.4700490292976112,6.120221925298095,9.060213888709518,2.543487407301552,1.999597337545142
2017-01-06,4.652928213160985,4.016260053831279,1.095020806170313,1.4700490292976112,6.267447000104574,9.278161976835912,2.5566371009910744,2.006751364541367
2017-01-09,4.802709867020948,4.145546826726895,1.1022566529636835,1.4700490292976112,6.469201365130029,9.576833777045572,2.586133785740034,2.0001273871893694
2017-01-10,4.87557618254017,4.2084427191376035,1.1057767736320494,1.4700490292976112,6.567351551354238,9.722132704316856,2.5960850010466707,2.0001273871893694
2017-01-11,4.921726478808107,4.248278191098921,1.1080062621218458,1.4700490292976112,6.6295155312497975,9.814158608099712,2.60710149005454,2.0057798416032613
2017-01-12,4.794613947168037,4.138558685493105,1.1018655447458383,1.4700490292976112,6.458296243393638,9.560690124638834,2.563744732313074,2.0007458566886274
2017-01-13,4.885291347100521,4.2168285410442845,1.1062461064276188,1.4700490292976112,6.580437779249839,9.741505208317152,2.6017703974964865,2.005338837795338
2017-01-17,4.650499042415516,4.014163270691285,1.0949034546329506,1.4700490292976112,6.2641749318060835,9.273318093884507,2.5712078485398084,1.9982726046728694
2017-01-18,4.84481053309876,4.1818867863526945,1.1042905066552895,1.4700490292976112,6.52591053432921,9.660784524039208,2.616696629949956,2.0026887460695195
2017-01-19,4.778422107462219,4.1245824030255225,1.1010833283101484,1.4700490292976112,6.4364859999208575,9.528402819825358,2.5967956756028983,1.9952699289941591
2017-01-20,4.963825626464401,4.284616840071425,1.1100400424595718,1.4700490292976112,6.686222655150628,9.898106327288026,2.621672828109761,2.0026006392051268
2017-01-23,4.8658610179798165,4.200056897230922,1.1053074408364802,1.4700490292976112,6.554265323458632,9.702760200316556,2.598572509620088,1.9973890321038383
2017-01-24,5.154898324048455,4.449544732256395,1.1192706306556859,1.4700490292976112,6.94359563629566,10.279114448694543,2.6493923835882884,2.010195670009274
2017-01-25,5.381593797827639,4.645221074983627,1.130222130220181,1.4700490292976112,7.248952134824015,10.731156094037258,2.682087546720134,2.027595289021421
2017-01-26,5.287678212164574,4.5641561202173255,1.1256851340537282,1.4700490292976112,7.12244879570906,10.543883912732882,2.661475327310363,2.0254754034351476
2017-01-27,5.488464555887461,4.737468523655682,1.1353849816915316,1.4700490292976112,7.392905959451344,10.944261510334375,2.695592430061149,2.022296201037014
2017-01-30,5.401024126948344,4.661992718796989,1.1311607958113197,1.4700490292976112,7.275124590615219,10.769901102037856,2.682798516529604,2.0097543532107145
2017-01-31,5.190521707612192,4.480293707059974,1.1209915713656187,1.4700490292976112,6.9915799717983225,10.350149183752873,2.645483230649175,2.009577826491291
2017-02-01,5.437458954971625,4.6934421067209655,1.1329209368347706,1.4700490292976112,7.324201933555506,10.84255389625935,2.6724924068247184,2.0103728227099733
2017-02-02,5.423694160221148,4.681560772478766,1.1322559692410106,1.4700490292976112,7.305660894963525,10.81510623546983,2.6753351050496263,2.0116970860962895
2017-02-03,5.517610960621429,4.7626267757677025,1.1367930240905675,1.4700490292976112,7.43216587031716,11.002380839018464,2.687063154373452,2.025564136280817
2017-02-06,5.575094147735643,4.812244439655297,1.1395699965997774,1.4700490292976112,7.5095951389691855,11.11700507058986,2.683864380737323,2.0219429911028484
2017-02-07,5.63662423188125,4.865355256702481,1.1425424718701935,1.4700490292976112,7.5924755367805625,11.239699008900901,2.69523664990317,2.022031567453198
2017-02-08,5.66415199927638,4.889116352402927,1.1438723190330573,1.4700490292976112,7.629555159606504,11.294590697113554,2.6980802338878074,2.024681033197742
2017-02-09,5.515992323282593,4.761229619356129,1.1367148288543951,1.4700490292976112,7.429985582277287,10.999153198547031,2.6746253162531284,2.0366929878751323
2017-02-10,5.503038365623053,4.75004817397301,1.1360890322326014,1.4700490292976112,7.412536733003591,10.973322385798548,2.6774677192247935,2.044729804963796
2017-02-13,5.541899631233069,4.783591985861052,1.1379663927564307,1.4700490292976112,7.46488246270534,11.050813612921871,2.712650686183298,2.05585881305343
2017-02-14,5.483606821765134,4.733275481637013,1.135150307958359,1.4700490292976112,7.386362640973709,10.934574955553696,2.691682981868792,2.0640723133568355
2017-02-15,5.620432999544038,4.8513794984962155,1.1417602847760557,1.4700490292976112,7.570666111427121,11.207412915209552,2.719402537347319,2.074847172540392
2017-02-16,5.641483180740793,4.869549347243786,1.1427772042864706,1.4700490292976112,7.599020491496877,11.24938798592584,2.7297092375586907,2.0730814358601974
2017-02-17,5.732162099094796,4.94782051344826,1.1471578393221311,1.4700490292976112,7.721164072651427,11.43020609740948,2.739659271852355,2.0763485886274062
2017-02-21,5.978289116731901,5.16026954851149,1.159048063160869,1.4700490292976112,8.052694663209666,11.92099517299705,2.7656028790734224,2.0887137532389635
2017-02-22,5.979098739085622,5.160968388847935,1.159087175449731,1.4700490292976112,8.053785216289272,11.922609598793828,2.753520230604591,2.0868591272177826
2017-02-23,5.681965513164075,4.904492412588671,1.1447328774126804,1.4700490292976112,7.653549781715856,11.330111698009105,2.7229573863946697,2.0882725929357218
2017-02-24,5.672248830182204,4.896105280028696,1.144263471263231,1.4700490292976112,7.640461508521905,11.310736166203485,2.7268665393337828,2.090922371670904
2017-02-27,5.835794975108341,5.0372731250358544,1.1521642709795856,1.4700490292976112,7.860756503079673,11.636855021641603,2.740015347263576,2.0941896809334315
2017-02-28,5.6099079089456625,4.842294574122432,1.1412518250208485,1.4700490292976112,7.556488921392245,11.18642537985141,2.714783300358465,2.0885380089961325
2017-03-01,5.873037603379522,5.069419780512325,1.1539634362672426,1.4700490292976112,7.91092194474155,11.711118608293495,2.746412304029348,2.117771334517742
2017-03-02,5.690872573792225,4.912180704812203,1.1451631712732677,1.4700490292976112,7.665547501830202,11.347872804017946,2.7222461213319558,2.1044354294446723
2017-03-03,5.680346268456633,4.9030947319157825,1.1446546528349562,1.4700490292976112,7.651368675556646,11.326882846415547,2.731841556480614,2.105760005821625
2017-03-06,5.6892521143475685,4.910781975616678,1.1450848880124396,1.4700490292976112,7.663364759432312,11.34464153018013,2.732907715941576,2.0994890819084757
2017-03-07,5.728923002311306,4.945024627841165,1.1470013608251308,1.4700490292976112,7.716801042213666,11.423747183100232,2.7396592718523545,2.093218157995326
2017-03-08,5.771024579442029,4.98136537385894,1.1490352585290646,1.4700490292976112,7.773511438591856,11.50769974677706,2.742503151090235,2.089332222738222
2017-03-09,5.798551132099947,5.005125421036752,1.1503650470088245,1.4700490292976112,7.810589425179121,11.562589012745459,2.7435693105511976,2.091981531987447
2017-03-10,5.998529675574935,5.1777405569226165,1.1600258703824218,1.4700490292976112,8.079958490199818,11.961355817916555,2.769512032012536,2.0993123986937334
2017-03-13,6.137786542520825,5.297942667575107,1.166753272091361,1.4700490292976112,8.267536074250065,12.239040688329135,2.7830169153535507,2.100372497982188
2017-03-14,6.081110548285903,5.249021746978687,1.164015294504805,1.4700490292976112,8.191194086200287,12.126026038066007,2.7730662905534005,2.0923345854262947
2017-03-15,6.22846485350622,5.3762133095182625,1.1711338777854692,1.4700490292976112,8.389678837285274,12.419857588690647,2.798298632711755,2.1104410937927303
2017-03-16,6.204174360788758,5.3552465266409595,1.16996042109495,1.4700490292976112,8.356959790539076,12.371421181420857,2.800430951633679,2.106289429484579
2017-03-17,6.238179714382269,5.384598869294284,1.1716031959102626,1.4700490292976112,8.402764656121207,12.439229487129882,2.8078937726071707,2.102590975619203
2017-03-20,6.377434151853728,5.504798882901504,1.1783304802529935,1.4700490292976112,8.590338967694096,12.71690951305395,2.8256632937920334,2.1002847041084327
2017-03-21,5.933758672540015,5.12183228148438,1.156896828590349,1.4700490292976112,7.992712607592658,11.832199331929882,2.7716443509344604,2.0733177437913417
2017-03-22,6.123211518048017,5.285361968735142,1.1660491628671867,1.4700490292976112,8.247903664459136,12.209977390620706,2.7986541176164907,2.078196798340523
2017-03-23,6.076254028900788,5.24482975348265,1.1637806794547363,1.4700490292976112,8.184652403961328,12.11634190552958,2.790124546675551,2.075979416170739
2017-03-24,6.204174360788756,5.355246526640958,1.16996042109495,1.4700490292976112,8.356959790539074,12.371421181420853,2.8121584104510187,2.074470957794386
2017-03-27,6.236561684412038,5.383202237144028,1.1715250300156423,1.4700490292976112,8.40058518620067,12.436003057780573,2.8249526192358063,2.0723419954796323
2017-03-28,6.2989013909113645,5.437011894527656,1.174536617574921,1.4700490292976112,8.484556137091651,12.560311421888391,2.8302834165406168,2.087422197374243
2017-03-29,6.246275330550871,5.3915867483974145,1.1719942894573319,1.4700490292976112,8.413669368797922,12.455372533975549,2.818910556868283,2.0893738504929793
2017-03-30,6.353145481242085,5.483833672808152,1.1771571115871304,1.4700490292976112,8.557622375305913,12.668476739150536,2.8331261147655242,2.096026622983606
2017-03-31,6.341002968042087,5.47335264054543,1.1765705152788548,1.4700490292976112,8.541266533469841,12.644263985565217,2.832770334607546,2.0911480379203797
2017-04-03,6.230893720567379,5.378309830527594,1.1712512146520557,1.4700490292976112,8.392950496524087,12.424700866080979,2.8260181881902815,2.087511086715229
2017-04-04,6.135357068091048,5.2958456223044506,1.1666359058832225,1.4700490292976112,8.264263596891901,12.234196199816658,2.816067268136888,2.0888414534189716
2017-04-05,6.002576572606322,5.181233710082202,1.1602213731436284,1.4700490292976112,8.08540961935916,11.96942552465619,2.7993642016662297,2.0826323451566844
2017-04-06,6.0252472132477335,5.200802288025296,1.1613165759148716,1.4700490292976112,8.115946741826805,12.014631869210291,2.800786141285171,2.088486365540982
2017-04-07,6.105401041003359,5.269988529855985,1.1651887511953245,1.4700490292976112,8.223913132946477,12.174462445335788,2.8118029255462833,2.086357716216866
2017-04-10,5.9637153069963045,5.14768989819416,1.158344012619799,1.4700490292976112,8.03306388965741,11.891934297532867,2.7869260682926638,2.087599350074941
2017-04-11,5.818791690942973,5.022596429447871,1.1512023033547754,1.4700490292976112,7.837853252169259,11.602949657664952,2.765958659231401,2.0851156128728348
2017-04-12,5.511943604145377,4.757734893412585,1.151061176218496,1.4700490292976112,7.42453199875991,10.991079858440994,2.730064427210183,2.0759794161707386
2017-04-13,5.405881861070669,4.666185760815656,1.1456299921774735,1.4700490292976112,7.281667909092847,10.77958765681853,2.709807692705147,2.0624959360121933
2017-04-17,5.617193902760541,4.848583612889116,1.156450808008244,1.4700490292976112,7.566303080989349,11.200954000900293,2.739304967960593,2.080769581378934
2017-04-18,5.684393772856626,4.906588409336686,1.1598919626738577,1.4700490292976112,7.656820622835325,11.334953764277307,2.750321752221706,2.074559377649416
2017-04-19,5.777502773009007,4.98695714507313,1.164659865793713,1.4700490292976112,7.782237499467372,11.520617575395544,2.7652473941686884,2.0707452737435665
2017-04-20,6.054393010613091,5.225960015875998,1.178838793991517,1.4700490292976112,8.155205834573279,12.072749986772248,2.80505077912902,2.087599350074941
2017-04-21,5.96938327084096,5.152582304810592,1.1744856358347946,1.4700490292976112,8.04069857933399,11.903236489232453,2.793678509963173,2.080946577584314
2017-04-24,6.226036593813656,5.374117312770241,1.1876282770114799,1.4700490292976112,8.386407996165785,12.41501552242242,2.834192274226487,2.103832922467915
2017-04-25,6.420345958706773,5.541838993517038,1.1975784238885245,1.4700490292976112,8.648140735271221,12.80247771364967,2.8626236852742135,2.1160741427871104
2017-04-26,6.255184213284838,5.399276613404895,1.1891208612470057,1.4700490292976112,8.42566954327028,12.473137273350764,2.840944715896994,2.1147434630927298
2017-04-27,6.521546930816116,5.629192462788708,1.2027606987476984,1.4700490292976112,8.784457415863951,13.004277304880814,2.87897067633365,2.116517494024812
2017-04-28,6.18879275080526,5.3419696087711355,1.1857211033227442,1.4700490292976112,8.33624091826523,12.340749513526275,2.8324154402092976,2.1119054204892267
2017-05-01,6.369340357790937,5.49781257658232,1.1949665414352848,1.4700490292976112,8.579436709375383,12.700770099574646,2.8619124202115,2.117227356790155
2017-05-02,6.164502258087798,5.3210028258938324,1.18447724165716,1.4700490292976112,8.303521871519031,12.292313106256483,2.8466309981065394,2.1180254829152094
2017-05-03,6.232512357906211,5.379706986939164,1.187959886370079,1.4700490292976112,8.395130784563952,12.427928506552405,2.8629785796724625,2.115452699876799
2017-05-04,6.217128318448291,5.3664279720240735,1.1871721042050107,1.4700490292976112,8.374408639812758,12.397251994169324,2.8601355861943114,2.117936906564861
2017-05-05,6.283518566190654,5.423733928135198,1.1905717999253034,1.4700490292976112,8.463835628579128,12.529637331749559,2.871507560106916,2.12627529013254
2017-05-08,6.213890436402013,5.363633134939612,1.1870062995257114,1.4700490292976112,8.370047245613673,12.390795502104332,2.864399633531674,2.1259202022545503
2017-05-09,6.40253244481908,5.526462933331294,1.1966662337855087,1.4700490292976112,8.624146113161867,12.766956712754121,2.8931859389776498,2.1239688621264503
2017-05-10,6.808158102982321,5.876586135980774,1.217437414207215,1.4700490292976112,9.170519750999182,13.575793725918032,2.929790845555094,2.1277828095369817
2017-05-11,6.876976003048633,5.935987564578598,1.220961424559502,1.4700490292976112,9.26321676276569,13.71301991864435,2.9361878023208665,2.1234369345384
2017-05-12,6.939317531653783,5.98979879474618,1.2241537944512049,1.4700490292976112,9.347190168014691,13.837331916118556,2.9443615931038276,2.119888559683598
2017-05-15,7.257498509297656,6.264442522707744,1.2404471288603809,1.4700490292976112,9.775776710180505,14.471800043131053,2.977057051488917,2.131597695919424
2017-05-16,7.581352309735044,6.54398285137628,1.2570309558046644,1.4700490292976112,10.212004486977616,15.117580050820163,3.0125952080989133,2.1296458863053687
2017-05-17,6.5863191485882515,5.685101786749578,1.206077538781318,1.4700490292976112,8.866598932466296,13.133436213111743,2.899228001345173,2.091857587695086
2017-05-18,6.963607417002639,6.0107650533621655,1.2253976250148042,1.4700490292976112,8.862165633000064,13.885767112266219,2.942229274181904,2.100284704108433
2017-05-19,7.192731150474381,6.208537392837415,1.2371305376426371,1.4700490292976112,9.153757670701687,14.342650823877147,2.9763460816794463,2.1139453369676766
2017-05-22,7.422663898931236,6.407008048387792,1.2489048781138063,1.4700490292976112,9.446379293267636,14.801147750162729,3.0047766069674444,2.124678411901156
2017-05-23,7.336845751542598,6.332932545508576,1.244510323215732,1.4700490292976112,9.337163682603203,14.63002224907041,2.9983802407081583,2.1293800007590025
2017-05-24,7.473669499847072,6.4510344653225085,1.2515167605670463,1.4700490292976112,9.511291063340023,14.902855364237755,3.011529048637952,2.134347318667897
2017-05-25,7.599163394148306,6.559356814516752,1.2579430214997422,1.4700490292976112,9.67099961820661,15.153096207227199,3.0321412680477224,2.144548153022688
2017-05-26,7.690650720118816,6.638325772535036,1.2626278823210173,1.4700490292976112,9.787430052537427,15.335526322263364,3.0378275502572687,2.144104801784986
2017-05-30,7.844480182063082,6.771106484982219,1.2705051441359803,1.4700490292976112,9.983199585388572,15.642269645895862,3.0595056338747586,2.1422428204838293
2017-05-31,7.842051922370525,6.769010488234202,1.2703807984020017,1.4700490292976112,9.980109284872373,15.63742757962765,3.0559522610936236,2.1417094844379103
2017-06-01,7.86148225149123,6.785782132047565,1.2713757819877216,1.4700490292976112,10.004837099733239,15.676172587628248,3.061638543303169,2.1587419654325317
2017-06-02,8.095464326453907,6.987748037802802,1.2833574793894653,1.4700490292976112,10.30261205735209,16.142744065141986,3.085448945842583,2.1659266655112104
2017-06-05,8.165901471227663,7.048547147073516,1.2869644076323938,1.4700490292976112,10.39225318820856,16.283199109461865,3.093623622385274,2.1643299437751446
2017-06-06,8.24686735081144,7.1184343262859215,1.2911104887764027,1.4700490292976112,10.495293608571863,16.444648955872655,3.1007309584540304,2.1574108162521957
2017-06-07,8.440367700719444,7.285457690957592,1.3010192078101108,1.4700490292976112,10.741549901932283,16.830497932425256,3.123830686437217,2.1614023858493807
2017-06-08,8.8824227205885,7.66702556317919,1.3236558541593562,1.4700490292976112,11.3041268208168,17.711976839711507,3.1650554205100025,2.1624673364927136
2017-06-09,7.762707109600015,6.700522562478642,1.2663177284545883,1.4700490292976112,9.873479835635367,15.479210218176807,3.045290666484003,2.159185473165553
2017-06-12,7.6323585180194895,6.588009792572317,1.259642869359889,1.4700490292976112,9.86854309571755,15.21928887601732,3.026810765996156,2.158741965432532
2017-06-13,7.7797097863967695,6.715198733805304,1.2671883974083142,1.4700490292976112,10.05906642330452,15.513114371031318,3.046356825944965,2.169298200655951
2017-06-14,7.528726249374553,6.498557705246039,1.254336093256814,1.4700490292976112,9.734547882204582,15.012641162907324,3.020058619578892,2.1665474824402478
2017-06-15,7.347369627403762,6.342016421359727,1.2448611061391164,1.4700490292976112,9.500056062226907,14.6510073621843,2.9923381783406353,2.162378447151727
2017-06-16,7.262357458157202,6.2686366132490505,1.2447869801889495,1.4700490292976112,9.390136401890011,14.481489020155994,2.9905613443234462,2.1628510630140148
2017-06-19,7.6760775177518346,6.625746646479028,1.2532325552511066,1.4700490292976112,9.925071209791554,15.306466657921325,3.043513537213571,2.180856788395247
2017-06-20,7.421047083698226,6.405612464760174,1.2480264294566632,1.4700490292976112,9.59532008198019,14.797923743057686,3.005487576776915,2.166148732368358
2017-06-21,7.67364865069067,6.623650125469693,1.253182972982601,1.4700490292976112,9.92193071538078,15.301623380530984,3.039959869179193,2.16561414435989
2017-06-22,7.616167285682279,6.5740340343660515,1.2520095631572972,1.4700490292976112,9.847608036952254,15.187002782325973,3.0321412680477238,2.164633231702666
2017-06-23,7.686601393612997,6.634830522330178,1.253447386950632,1.4700490292976112,9.938678448265044,15.327451771035213,3.044579991927776,2.167218690861888
2017-06-26,7.49553173287198,6.469905251451796,1.249546939958842,1.4700490292976112,9.691627791924002,14.946449705239338,3.0328516473507072,2.1686448327006365
2017-06-27,6.889930568076787,5.947169534223039,1.237184353286059,1.4700490292976112,8.90859314025136,13.73885194251497,2.9461384271210176,2.15117400831851
2017-06-28,7.242117506682776,6.251166129099244,1.244373807016735,1.4700490292976112,9.36396640045349,14.441129586358619,2.9887845103062567,2.170427314379926
2017-06-29,6.698858477861339,5.782242166299386,1.2332838566996014,1.4700490292976112,8.661539342630586,13.357845032230582,2.921616464265647,2.151352412981758
2017-06-30,6.598463483894073,5.695584391796254,1.2312344190720277,1.4700490292976112,8.531729884358786,13.157652600063452,2.9091783308920807,2.1553633879984537
2017-07-03,6.315094445354396,5.450989225517874,1.2253853389241358,1.4700490292976112,8.165337299128593,12.592601148946121,2.875771902697522,2.159018023174611
2017-07-05,6.71585993992088,5.796917289103413,1.225318278503605,1.4700490292976112,8.683522018186073,13.391746762840839,2.930501520111322,2.1640097543532124
2017-07-06,6.626800873642927,5.720044327833147,1.223539701079387,1.4700490292976112,8.568369771137752,13.214158714072887,2.9180627962312693,2.1442213907973726
2017-07-07,6.952272096681935,6.00098076439062,1.2300396094404642,1.4700490292976112,8.989199948781163,13.863163939989173,2.9571555066353743,2.1581269388302853
2017-07-10,7.201636388996711,6.216224112276996,1.2350196043949697,1.4700490292976112,9.311624826940587,14.36040829651961,2.987718941351782,2.1604444780039977
2017-07-11,7.370847460924468,6.362281742593999,1.2383988784547175,1.4700490292976112,9.530412604224527,14.697823288046676,3.0115290486379527,2.158839931502001
2017-07-12,7.722227206651164,6.665581594179028,1.2454161997583848,1.4700490292976112,9.984742174236128,15.398491350582054,3.054885806379419,2.175062705717989
2017-07-13,7.657456810984851,6.609673843002112,1.2441226855963314,1.4700490292976112,9.900994871295548,15.269336075717508,3.0477787655639057,2.1787174973894645
2017-07-14,7.963495882797333,6.873837062962271,1.2502345190884494,1.4700490292976112,10.296699523012903,15.879592660266814,3.0854489458425833,2.188879677400552
2017-07-17,7.861482251491232,6.785782132047567,1.2481972291281296,1.4700490292976112,10.164797187120518,15.676172587628251,3.0769196701548873,2.1886116009197254
2017-07-18,7.935157278311264,6.849376078402742,1.2496685755604153,1.4700490292976112,10.26005806559407,15.823084124013121,3.0886480147319557,2.1897706052495596
2017-07-19,8.14809099418301,7.033173708194363,1.2539210241401297,1.4700490292976112,10.535378668871608,16.24768416417696,3.1192105636886343,2.2016259081129936
2017-07-20,8.218528138956765,7.093972817465078,1.2553277076004075,1.4700490292976112,10.626453006784063,16.38813920849684,3.1259633006123853,2.2026065077795804
2017-07-21,8.008025112252007,6.912273281466745,1.2511238017357518,1.4700490292976112,10.354275253877097,15.968386079089726,3.108549264332257,2.2006457779323627
2017-07-24,7.929489921835216,6.8444841960476275,1.2495553941325772,1.4700490292976112,10.252730245302264,15.81178314343566,3.0985986395321063,2.200110720437939
2017-07-25,7.9246334024501035,6.840292202551592,1.249458405739372,1.4700490292976112,10.24645082712058,15.802099010899234,3.09006936384441,2.205458478466442
2017-07-26,8.16104312973673,7.044353580793528,1.2541796881577756,1.4700490292976112,10.552125616435939,16.273511343559054,3.1227645269762556,2.2055475243027467
2017-07-27,7.792664958793528,6.726381227711059,1.246822895348277,1.4700490292976112,10.075817297468513,15.538947606024058,3.0833172174271457,2.203498374600499
2017-07-28,7.716559242806509,6.660689187562594,1.2453030062009327,1.4700490292976112,9.977413568624387,15.387189158882462,3.0687461746251685,2.200913228431915
2017-07-31,7.5433000591101464,6.511137355563367,1.2418428882641575,1.4700490292976112,9.753391633989157,15.041702038371497,3.0506214637888136,2.19966470877982
2017-08-01,7.669599324184851,6.6201548752648325,1.2443651808385725,1.4700490292976112,9.91669498738962,15.293548829302827,3.0637708622250934,2.2045675506174347
2017-08-02,7.506055001364537,6.4789886030416275,1.241099076077049,1.4700490292976112,9.705234245077555,14.967433607231095,3.0470675005011927,2.205637509110964
2017-08-03,7.416995935086584,6.402115641771362,1.2392464371222256,1.4700490292976112,9.590081998029234,14.789845558463144,3.036406201144816,2.2013586141087593
2017-08-04,7.42509155125519,6.409103520874494,1.2391001457329396,1.4700490292976112,9.600549527411882,14.805988605308817,3.0452906664840036,2.205370058611411
2017-08-07,7.811286272929119,6.742454555449294,1.254317995096434,1.4700490292976112,10.099894421284448,15.576079399350004,3.0989538291835985,2.209470235959731
2017-08-08,7.729513807834659,6.671871157207033,1.2510957836418202,1.4700490292976112,9.99416365746845,15.413021182753074,3.089714174192918,2.2040329626089665
2017-08-09,7.65340809184764,6.606179117058569,1.2480968681813205,1.4700490292976112,9.895759928624326,15.26126273561148,3.0836721118253947,2.2039434472867057
2017-08-10,7.014611803181264,6.054790421774249,1.222925354565731,1.4700490292976112,9.069804401351169,13.987472304096991,2.999090620011143,2.1728343688759
2017-08-11,7.13039083660645,6.154727211192471,1.2274875813162123,1.4700490292976112,9.219505228197738,14.218341248647203,3.0268107659961565,2.1760434618798947
2017-08-14,7.682554496581607,6.631337369170589,1.24924537066423,1.4700490292976112,9.933445861553615,15.319382064295565,3.0865156958100317,2.1976147766009784
2017-08-15,7.739229276079313,6.680257241244372,1.2514786178027901,1.4700490292976112,10.006725635111545,15.432394292314434,3.0978876697226365,2.1973474825967445
2017-08-16,7.7740430372893305,6.7103073757115075,1.252850440212932,1.4700490292976112,10.051739388332644,15.501814601575985,3.104284331235166,2.201180052950193
2017-08-17,7.15467707774366,6.17569032424055,1.2284445709861633,1.4700490292976112,9.25090703102575,14.266769178062097,3.0307199189352696,2.166862038030711
2017-08-18,7.220256488395087,6.232296391492595,1.231028701572709,1.4700490292976112,9.335700380116656,14.397537667601295,3.037472655859021,2.1634751663447447
2017-08-21,7.065617404097099,6.0988168387089665,1.2249352099777038,1.4700490292976112,9.135753998657496,14.089179918172018,3.026100386693174,2.1651686021877286
2017-08-22,7.4008053101179785,6.388140407826415,1.238143156062989,1.4700490292976112,9.56914772458387,14.757560675893922,3.066613560450002,2.187809562411705
2017-08-23,7.498769614918258,6.472700088536259,1.2420034005194338,1.4700490292976112,9.695814332485098,14.952906197304328,3.073010812469018,2.1799657040509226
2017-08-24,7.489865591133146,6.465014417619317,1.2416525410045667,1.4700490292976112,9.684301542272058,14.935151146906131,3.072655622817526,2.17488445755006
2017-08-25,7.378134669476567,6.3685718298833205,1.2372498284878228,1.4700490292976112,9.53983487277678,14.71235433133982,3.063060482922111,2.1799657040509226
2017-08-28,7.435618463959387,6.418190018032232,1.2395149545400121,1.4700490292976112,9.614160692485035,14.826979774033342,3.071944357754813,2.1800544368965906
2017-08-29,7.488245739057096,6.4636162126851096,1.2415887113779533,1.4700490292976112,9.68220709401161,14.93192108419044,3.0804733381892664,2.182550224238232
2017-08-30,7.869578475028446,6.792770535412017,1.2566149761291345,1.4700490292976112,10.175265501823098,15.69231684559605,3.12347579203897,2.192890182931293
2017-08-31,8.100320845839024,6.99194003129884,1.2657072874521664,1.4700490292976112,10.473612470846653,16.152428197678415,3.147997164387854,2.206083364273764
2017-09-01,8.206383196282337,7.083489688157084,1.2698866321754412,1.4700490292976112,10.610749749410259,16.363921610423002,3.1629231015880803,2.20920262896486
2017-09-05,7.859054599167282,6.783686659560867,1.2562002869876538,1.4700490292976112,10.16165826334961,15.671331732482162,3.1227645269762565,2.19333635108473
2017-09-06,7.906011480945905,6.824218350552041,1.2580506042327713,1.4700490292976112,10.222372917984714,15.764966006451159,3.133781606490612,2.200823400119017
2017-09-07,7.942444486863365,6.855666165692066,1.2594862323364078,1.4700490292976112,10.269480334146328,15.83761516730627,3.1458642549594433,2.2005564191054203
2017-09-08,7.648550357725311,6.6019860750399,1.247905451100836,1.4700490292976112,9.88947893980278,15.251576180830797,3.1117477427151434,2.1979714294321555
2017-09-11,8.097083571161352,6.989145718475695,1.265579723931413,1.4700490292976112,10.469426715605488,16.14597291673555,3.168254194146132,2.221414428164152
2017-09-12,8.205574788665832,7.082791896343276,1.2698547771949305,1.4700490292976112,10.609704488579869,16.362309606870483,3.1803365473617204,2.228902259675032
2017-09-13,8.238769305168406,7.11144435013752,1.271162793911577,1.4700490292976112,10.652624578860449,16.42850106453847,3.181047812424434,2.2299722181685615
2017-09-14,8.353735072028226,7.210679153651391,1.275692974216601,1.4700490292976112,10.801273862317164,16.657748316559132,3.1949075901636976,2.229258599515571
2017-09-15,8.777170599867514,7.576175270918708,1.2923782827311243,1.4700490292976112,11.348770647861803,17.502099063885822,3.237198188444201,2.2322597102410953
2017-09-18,9.12531124881072,7.876679236896642,1.3060966264981322,1.4700490292976112,11.798912106672443,18.196308212111955,3.2823320754561,2.237007778208577
2017-09-19,9.220037671564722,7.958444080522023,1.3098292835007055,1.4700490292976112,11.92139217401257,18.385197241457366,3.2908613511437967,2.2392475392089266
2017-09-20,8.83141590493545,7.62299809772184,1.294515797396324,1.4700490292976112,11.418909141689028,17.61026680339222,3.2471496990040825,2.240052864118639
2017-09-21,8.723736131890515,7.530052332974657,1.2902727187789091,1.4700490292976112,11.279680556144703,17.39554817242045,3.2411079318898013,2.234051112153546
2017-09-22,8.848418581732206,7.637674269048504,1.2951857811111394,1.4700490292976112,11.440893387884381,17.644170956246732,3.2542576255793243,2.2344994712414445
2017-09-25,8.333496335291017,7.193209718024222,1.274895474847269,1.4700490292976112,10.775105431520512,16.617391305006006,3.1888661183026605,2.22993090340444
2017-09-26,8.31892131081821,7.180629019184258,1.2743211518064592,1.4700490292976112,10.756260109096067,16.588328007297577,3.1927749759885304,2.2312745722102676
2017-09-27,8.901854871815027,7.683798779776509,1.2972914168627097,1.4700490292976112,11.50998583556128,17.750725481078483,3.2649186296824584,2.2399638182823325
2017-09-28,9.10183037844698,7.8564112943557864,1.3051713721431004,1.4700490292976112,11.768551638075161,18.149486230638942,3.285886038743721,2.2426509993986685
2017-09-29,9.331767378484086,8.054885619735387,1.3142319481512128,1.4700490292976112,12.065857272867984,18.607991634779417,3.316449178206886,2.2505341380844284
2017-10-02,9.493693063965566,8.19465473554702,1.3206125653669454,1.4700490292976112,12.275225137559465,18.930879216379715,3.3384827467291114,2.2602986634908566
2017-10-03,9.587610471734454,8.275721263097275,1.3243133434558898,1.4700490292976112,12.396659158749268,19.118155031050478,3.3494998262434668,2.2651360902852806
2017-10-04,9.65076040795611,8.330230285078667,1.3268017415690747,1.4700490292976112,12.478311228109465,19.244079032077206,3.3544754338967855,2.2678235843922545
2017-10-05,9.67099975206193,8.347700244967157,1.3275992648715251,1.4700490292976112,12.504480444226052,19.284437254752458,3.358029101931163,2.281260115955208
2017-10-06,9.796492431625948,8.456021545638766,1.332544253983621,1.4700490292976112,12.660488652533807,19.534675675497645,3.3715339852721784,2.27866291964709
2017-10-09,10.001328709223266,8.632829723543303,1.3406157460100883,1.4700490292976112,12.654158408207541,19.943129035449424,3.396055357621062,2.2749006156917093
2017-10-10,10.195638074116381,8.800551404290099,1.3482724292294834,1.4700490292976112,12.900007890315669,20.330591226676674,3.4134696891544336,2.2809018981708458
2017-10-11,10.3956190470658,8.973168637221235,1.3561525999079393,1.4700490292976112,13.153033361620865,20.729362876336282,3.437635576598583,2.2844856409676595
2017-10-12,10.29036328213317,8.882315199392846,1.3520050383658204,1.4700490292976112,13.019858744371634,20.51947783377783,3.43052765002334,2.2810813983013234
2017-10-13,10.492772514775144,9.057028429071998,1.3599808936514002,1.4700490292976112,13.275956565731432,20.923091549705653,3.453982862911262,2.283858564225876
2017-10-16,10.643365916778954,9.187015877218673,1.3659149667451416,1.4700490292976112,13.466494525195731,21.223382014639544,3.472462763399109,2.286904276117212
2017-10-17,10.619883831677999,9.166746886155181,1.364989664523873,1.4700490292976112,13.436783870415585,21.176557610922277,3.471752384096125,2.288516960375779
2017-10-18,10.724325722676657,9.256897813817902,1.3691051556874165,1.4700490292976112,13.568928735520453,21.384819749829052,3.4845462976276695,2.290755782404216
2017-10-19,10.630407100170554,9.175830237745012,1.3654043297322356,1.4700490292976112,13.45009841194786,21.197541512914036,3.477438075799184,2.2913830156413177
2017-10-20,10.783427547129707,9.307912634117068,1.3714340395668643,1.4700490292976112,13.64370718452326,21.50267162187188,3.4962737564450093,2.3032076454222983
2017-10-23,10.956689160300499,9.457466563161566,1.3782613445032983,1.4700490292976112,13.86292604662334,21.848163586871355,3.5094231548812886,2.2942496968881314
2017-10-24,11.180143715190368,9.650345447497747,1.387066482339366,1.4700490292976112,14.14565141410419,22.293742684538437,3.5307460488472864,2.2982807033056134
2017-10-25,10.743757873903183,9.273671030415215,1.369870871875593,1.4700490292976112,13.593515220674766,21.42356839119603,3.485967646740123,2.286904276117212
2017-10-26,10.936444349877213,9.439991884921216,1.3774636058027832,1.4700490292976112,13.837311346268162,21.807794464096954,3.504802736879461,2.2898596902096937
2017-10-27,11.606816517707326,10.018635877588208,1.4038793543746426,1.4700490292976112,14.685498207315204,23.144548712807993,3.575169261302957,2.308582946626882
2017-10-30,11.716117357565526,10.112980895792234,1.4081863104849073,1.4700490292976112,14.823790846416275,23.362499828739704,3.5765909056686533,2.2999830593817596
2017-10-31,11.979250088842422,10.340108723488713,1.4185549510759032,1.4700490292976112,15.156718936350112,23.887199112792423,3.6110631980709313,2.30356601970198
2017-11-01,11.867517345080023,10.243664562968766,1.4141521667598043,1.4700490292976112,15.015349336363943,23.664398663859732,3.6014674676690297,2.3066118880886344
2017-11-02,12.024585296439172,10.379240636761727,1.420341366895052,1.4700490292976112,15.214079204678178,23.977599690679344,3.618526314297665,2.307507667292519
2017-11-03,12.665811059535319,10.932726377316701,1.4456086129840027,1.4700490292976112,16.025388643409002,25.2562346107063,3.6583294040047534,2.3152119318290763
2017-11-06,13.205024406062577,11.398158235479604,1.4668561003827705,1.4700490292976112,16.707627104033055,26.331451880338946,3.7055953146853327,2.3187948921492967
2017-11-07,13.16858836330208,11.36670779903299,1.465420352613542,1.4700490292976112,16.66152648377903,26.258796663873195,3.698132198458598,2.3171826773766857
2017-11-08,13.301367644049591,11.481318662732605,1.4706524673463657,1.4700490292976112,16.829525166829754,26.523564916789407,3.7066620646527806,2.321123698985951
2017-11-09,12.491741646116623,10.782475180719707,1.4387494770001759,1.4700490292976112,15.805147713882048,24.90913185327642,3.6345187062120954,2.31270284238535
2017-11-10,12.728962817862794,10.987236972082044,1.4480970828965423,1.4700490292976112,16.105291262037642,25.382162245099412,3.655485820020115,2.311986406816625
2017-11-13,12.83259204966469,11.07668643810173,1.4521805515477464,1.4700490292976112,16.236407911941644,25.588803902598762,3.6707675373783193,2.3141368089900323
2017-11-14,12.796971095575383,11.045939560343422,1.4507769220233306,1.4700490292976112,16.191338580775486,25.51777401202895,3.6707675373783193,2.3087621337667232
2017-11-15,12.45773872199754,10.753124935111652,1.4374096053030183,1.4700490292976112,15.762125591456625,24.84132839205591,3.636650729880776,2.2972057369618883
2017-11-16,13.018812479443886,11.23742600661989,1.4595184934970868,1.4700490292976112,16.472022887289597,25.960136369323756,3.72691820865133,2.3167344747841074
2017-11-17,12.84635866652099,11.088569345127882,1.4527230196080452,1.4700490292976112,16.253826092616382,25.61625519675467,3.6693461882658656,2.309926302442072
2017-11-20,13.299749614079364,11.47992203058235,1.4705887095191075,1.4700490292976112,16.82747795808902,26.520338487440107,3.7137691054682933,2.3138679500326123
2017-11-21,13.77662143200147,11.891542658577668,1.489379653785201,1.4700490292976112,17.430838941398296,27.47124375959854,3.7517953611581922,2.3290066811763936
2017-11-22,13.50781830740549,11.659520327219488,1.4787875736013811,1.4700490292976112,17.090736399210893,26.93523743935772,3.727273693556065,2.3269467332971594
2017-11-24,13.868919595062918,11.971211505455036,1.4930166261806503,1.4700490292976112,17.54761898234316,27.655290722675748,3.7589029924801918,2.3323214085204684
2017-11-27,13.346708925332413,11.520455818618794,1.4724391224966975,1.4700490292976112,16.886893119875314,26.613977605897613,3.7006200022852567,2.331156770359164
2017-11-28,13.334562767920767,11.509971640788164,1.4719605079961304,1.4700490292976112,16.871525221828303,26.58975758557952,3.6974215239023707,2.3548064994070814
2017-11-29,11.581720046847781,9.996973399942364,1.4028904379248253,1.4700490292976112,14.645309192013901,23.094505146474184,3.5406969689006775,2.3533723763070813
2017-11-30,11.796270577952539,10.182166613361604,1.411344716246026,1.4700490292976112,14.637986537417895,23.52232919374307,3.5627308326761455,2.3739763934636633
2017-12-01,11.392270845551423,9.833446858259508,1.3954252675183885,1.4700490292976112,14.136663462050254,22.716734354516127,3.531812208308246,2.369049607842297
2017-12-04,10.565634882398411,9.119920913784139,1.3626438389404139,1.4700490292976112,13.110891289394694,21.068382604683094,3.456826151642653,2.3661827701001643
2017-12-05,10.579402713991927,9.131804869332928,1.3625727680146265,1.4700490292976112,13.127975785056567,21.095836321083254,3.456826151642653,2.357672867663258
2017-12-06,10.686269220471498,9.224048648175762,1.3640085960583261,1.4700490292976112,13.260586382008501,21.308933259525475,3.4646444575208792,2.358121070255838
2017-12-07,10.998787093219573,9.493804163611435,1.368207497478715,1.4700490292976112,13.648389661338062,21.932108883815406,3.498761265018422,2.365555693358381
2017-12-08,10.828768828412525,9.347049790003258,1.365923180337705,1.4700490292976112,13.437414077579225,21.593084310980075,3.482768873103991,2.378455602473725
2017-12-11,11.0174114441982,9.509880112656257,1.3684577289713662,1.4700490292976112,13.67150060959003,21.96924673275199,3.5040920623232323,2.3856224620860784
2017-12-12,10.687084309142685,9.224752206864066,1.3640195473583239,1.4700490292976112,13.26159782515206,21.310558585421408,3.4696200651741984,2.3898323426527637
2017-12-13,10.685461420223598,9.22335138062327,1.3639977426835141,1.4700490292976112,13.259583983065925,21.30732246709508,3.4717523840961224,2.3895636401906617
2017-12-14,10.661175179086388,9.202388267575191,1.3636714396419944,1.4700490292976112,13.229447198014945,21.258894537680188,3.4703307397304246,2.3797995842701893
2017-12-15,11.135615093104297,9.61190975325459,1.3700458796423105,1.4700490292976112,13.818179461175127,22.20495047683765,3.5271920855596632,2.3996167429646587
2017-12-18,11.886140481321428,10.259739463490952,1.3801297256985752,1.4700490292976112,14.749506057671319,23.701534090552055,3.5894069631934324,2.414833095786485
2017-12-19,11.843272405008115,10.222737099690288,1.3795537623946574,1.4700490292976112,14.696311082207455,23.61605309074955,3.5876041468908477,2.405559026708669
2017-12-20,12.091224565310581,10.436761540013093,1.3828851772315995,1.4700490292976112,15.003994799738894,24.110481588332103,3.6110345585063466,2.404298613412357
2017-12-21,11.699853240995417,10.098942226227848,1.3776268232209439,1.4700490292976112,14.518342309945705,23.330068400392975,3.572826131565433,2.4092505947800245
2017-12-22,11.669062082072493,10.072364274467597,1.3772131219506774,1.4700490292976112,14.480133575515042,23.268669352985945,3.5742675578984198,2.4086208576178243
2017-12-26,11.331978578627785,9.781404485777722,1.3726841636899616,1.4700490292976112,14.061846816763385,22.596508683102186,3.5338969914580254,2.4057391528204217
2017-12-27,11.446229472636647,9.880022233720705,1.3742192062682181,1.4700490292976112,14.203620696680604,22.824330444378056,3.545431649907598,2.4069098942991536
2017-12-28,11.519157436069523,9.942971338655155,1.3751990456820467,1.4700490292976112,14.294116971742907,22.96975230054534,3.558407734690157,2.4118621886574583
2017-12-29,11.173971635401529,9.645017903987654,1.3705612272559262,1.4700490292976112,13.865776076228883,22.2814352614725,3.5256059851375396,2.40276761971012
2018-01-02,12.09527692865944,10.440259411524544,1.3829396236351663,1.4700490292976112,15.009023375486908,24.1185621951709,3.6178832527341163,2.419965672751861
2018-01-03,12.697328631312738,10.959931345612878,1.3910286194010384,1.4700490292976112,15.756109046337816,25.319082160178553,3.669067469204346,2.4352721668772226
2018-01-04,12.920153952325297,11.15226709522396,1.3940224371583108,1.4700490292976112,16.032612880971268,25.763406535320907,3.6878107355850696,2.4455359123501066
2018-01-05,13.153524407100278,11.35370506983231,1.3971579363392534,1.4700490292976112,16.32220216706411,26.22875841285163,3.711600765650707,2.461833178337766
2018-01-08,13.449281335757359,11.608993069945749,1.4011316424729479,1.4700490292976112,16.68920679886036,26.81851191089404,3.737193316765687,2.4663357051503048
2018-01-09,13.06277017503895,11.275368895224444,1.3959385882406705,1.4700490292976112,16.20958528375776,26.047790122224104,3.7022294277135885,2.471917580175491
2018-01-10,12.579835603677349,10.85851509075621,1.3894500164357555,1.4700490292976112,15.61031200434882,25.0847954289828,3.6532073507428393,2.4681361837912372
2018-01-11,12.802669427850411,11.050858180025738,1.392443948439079,1.4700490292976112,15.886826390550087,25.529136759834945,3.670509486043819,2.486143943611612
2018-01-12,13.001185427718676,11.22221089465867,1.3951111530584088,1.4700490292976112,16.13316480016277,25.924987182921534,3.6892527524245424,2.502351224791055
2018-01-16,13.140559516805801,11.342514187745468,1.3969837437537416,1.4700490292976112,16.306114040877485,26.20290579990484,3.7061940882624116,2.493797660160249
2018-01-17,14.270918655271114,12.318204343776745,1.4121709282507953,1.4700490292976112,17.7087761570066,28.456896125612666,3.816853527523357,2.5175674211175627
2018-01-18,14.474304536633856,12.4937605856547,1.414903563215418,1.4700490292976112,17.961157600244523,28.8624573259225,3.844968722347686,2.5133353182156304
2018-01-19,14.5132004222545,12.52733428043785,1.415426157292818,1.4700490292976112,18.009423486171222,28.94001758700713,3.84857376444637,2.5247704311485215
2018-01-22,14.849473695976876,12.817594704529961,1.4199442295369933,1.4700490292976112,18.42670483124664,29.610562619971976,3.8864216871774153,2.545299174056838
2018-01-23,15.186554769947154,13.108552396174566,1.4244731551559802,1.4700490292976112,18.844988575264633,30.282718445367223,3.9116528483227975,2.550701548951546
2018-01-24,14.141268537589148,12.206294474385732,1.4104289860748116,1.4700490292976112,17.547893387773563,28.19836757390052,3.832352846521753,2.5497112465752036
2018-01-25,13.405524071802747,11.57122318757602,1.4005437322963046,1.4700490292976112,16.634908430876248,26.73125782829597,3.7703549800216876,2.5507916902550822
2018-01-26,14.676878973537058,12.66861641441226,1.4176252958426365,1.4700490292976112,18.212532122439384,29.26640046706918,3.890386642979482,2.5803239218352894
2018-01-29,14.629880790693129,12.628049073651484,1.4169938415998318,1.4700490292976112,18.15421209975032,29.17268383679547,3.8831771492885996,2.563216636078359
2018-01-30,13.73936665635814,11.859385517874845,1.4050291464908584,1.4700490292976112,17.049173534922957,27.3969559505041,3.8071213901231276,2.53692510955651
2018-01-31,14.09184330978988,12.163632185399576,1.4097649227449787,1.4700490292976112,17.486561646156286,28.099811299602862,3.8392021312560085,2.5381856793481408
2018-02-01,13.883600909042025,11.983883950025588,1.4069670369645702,1.4700490292976112,17.228153750328268,27.684565966756605,3.8157720148937533,2.5353046005320117
2018-02-02,12.724066212149586,10.98301037733904,1.3913878579468735,1.4700490292976112,15.789287697653636,25.372398178502536,3.7094386261512278,2.4801108925827933
2018-02-05,11.02163630023157,9.513526874381917,1.3684404511494253,1.4700490292976112,13.668848587579214,21.97767129827518,3.542187112018784,2.3763867343613314
2018-02-06,12.154430986812727,10.491319318297023,1.3683885615809424,1.4700490292976112,13.662014163285425,24.236518223716754,3.6726719207965446,2.4232062213149037
2018-02-07,11.345754913381802,9.793295780984954,1.3614837788661847,1.4700490292976112,12.75303339892794,22.623979355212146,3.5757092794846512,2.4100613970258906
2018-02-08,9.904239567923128,8.553922104099179,1.3492240118470953,1.4700490292976112,11.132718709773242,19.760840621702243,3.433329898553936,2.319662502195831
2018-02-09,9.904239567923128,9.333079274410164,1.3569313607745537,1.4700490292976112,11.127152350418356,21.56081032851001,3.5230830461749476,2.3545074368531673
2018-02-12,9.904239567923128,9.825467601004672,1.361802019462526,1.4700490292976112,11.714191179136641,22.698301075726185,3.59769708375419,2.3890819475998963
2018-02-13,9.904239567923128,9.810779895929022,1.3616567300751274,1.4700490292976112,11.696680095468587,22.664370278184855,3.5904881805697952,2.395024544334543
2018-02-14,9.904239567923128,10.469635870198477,1.3681740709661938,1.4700490292976112,12.482186206273894,24.186426212497828,3.6669047391983796,2.4273478699226625
2018-02-15,9.904239567923128,10.856413851395011,1.3720000421208325,1.4700490292976112,12.94331349299493,25.079941251493306,3.713042487236938,2.458322518854758
2018-02-16,9.904239567923128,10.733316245485067,1.370782372262896,1.4700490292976112,12.796553160776678,24.795567353567133,3.7051128708860497,2.459041927834538
2018-02-20,9.904239567923128,11.289358284224965,1.3762826874421725,1.4700490292976112,13.459481685905603,26.080107705090786,3.77864569108893,2.4436454489009596
2018-02-21,9.904239567923128,10.906775442092368,1.3724982142057938,1.4700490292976112,13.003355958704544,25.196284065364495,3.737553820975556,2.431490301007015
2018-02-22,9.904239567923128,10.825643906138728,1.3716956687368664,1.4700490292976112,12.90662872276915,25.008858071549856,3.724937354643136,2.4346419602290688
2018-02-23,9.904239567923128,11.528559850067229,1.3786488466744684,1.4700490292976112,13.744664334346538,26.63269913175405,3.8085634069626004,2.4734482608870927
2018-02-26,9.904239567923128,12.262254127433096,1.3859064809711292,1.4700490292976112,14.619394716768587,28.32764274985574,3.8853401745478098,2.5021706291933477
2018-02-27,9.904239567923128,12.14894762589183,1.3847856637902007,1.4700490292976112,14.484307606944133,28.06588776879429,3.870921777672534,2.4709271213038315
2018-02-28,9.904239567923128,11.8146251350954,1.3814785773780502,1.4700490292976112,14.085719190421942,27.2935527654497,3.84028334863237,2.4458960080782948
2018-03-01,9.904239567923128,11.244595804400248,1.3758399012316196,1.4700490292976112,13.406114633301879,25.97669967554788,3.7790056047923124,2.410331351450542
2018-03-02,9.904239567923128,11.825817065704872,1.3815892868955468,1.4700490292976112,14.099062516169571,27.319407800640743,3.838120618626403,2.4227570797504114
2018-03-05,9.904239567923128,12.148246164248796,1.3847787249980699,1.4700490292976112,14.483471305189852,28.064267287386865,3.8824561408688636,2.4507581611330638
2018-03-06,9.899287448139166,12.69729141144316,1.3902098285781095,1.4700490292976112,15.138058064091126,29.332644002988665,3.939408424696987,2.4569719642549104
2018-03-07,9.977267337169657,12.797312082672205,1.3911992235840145,1.4700490292976112,15.25730544367872,29.56370672707937,3.9563494652816122,2.456071646686785
2018-03-08,10.019801004627576,12.851867763910871,1.391738883215349,1.4700490292976112,15.32234821883096,29.68973851797551,3.9581516910777106,2.467956214174804
2018-03-09,10.644161661332284,13.65270209118459,1.3996606605262365,1.4700490292976112,16.27712480488783,31.539785702536662,4.034568249706295,2.510904319935906
2018-03-12,10.975700444818518,14.077949319348612,1.4038671658280955,1.4700490292976112,16.784116179893935,32.52217046104913,4.075660119819669,2.507752973704489
2018-03-13,10.463124423360735,13.42049521984259,1.3973636921494044,1.4700490292976112,16.000281422519826,31.003353067306744,4.018708426498032,2.491546318506321
2018-03-14,10.458759962739995,13.414897157492582,1.397308316646883,1.4700490292976112,15.99360725949129,30.99042070522271,4.020870565997512,2.478760337982946
2018-03-15,10.428225905218746,13.375732740017874,1.3969209059388512,1.4700490292976112,15.946914369916106,30.899945037763842,4.017266409658558,2.4760600112598445
2018-03-16,10.420045504875652,13.36524017400616,1.3968171144697124,1.4700490292976112,15.934404845768029,30.8757056394917,4.015824983325571,2.4787453144323566
2018-03-19,9.816402752267607,12.590979604402152,1.3891582022526447,1.4700490292976112,15.011310220339599,29.087047813360552,3.950582283683447,2.445206333209056
2018-03-20,10.045973053931501,12.885437264603475,1.392070949536519,1.4700490292976112,15.362370695609687,29.767289090083107,3.9772557569215454,2.4493647268159093
2018-03-21,10.114135154601794,12.972865178982254,1.392935778184439,1.4700490292976112,15.466604646095819,29.969260660656442,3.985546763242032,2.4446631379580634
2018-03-22,9.28364999040129,11.907645869211004,1.3823987296690587,1.4700490292976112,14.196621053549803,27.508444586885787,3.878130680856929,2.3835540634596404
2018-03-23,8.355012284100798,10.716531495138758,1.3705633356450675,1.4700490292976112,12.769443611860533,24.756792067513327,3.7523324268074574,2.332749892702903
2018-03-26,9.405794395164355,12.064314024336191,1.3705041542332177,1.4700490292976112,12.763058890054603,27.870371479163815,3.9015607972191853,2.3965713440639624
2018-03-27,8.357192470741651,10.719327905007173,1.3573085133870717,1.4700490292976112,11.333791897526085,24.763252192944705,3.7671107373861155,2.3558016531383044
2018-03-28,7.827164329075551,10.03948889575957,1.3506386219507895,1.4700490292976112,11.328125001577323,23.192722306575977,3.6834855708263796,2.348840741365279
2018-03-29,8.333201425546385,10.688555862705616,1.3570066092912016,1.4700490292976112,12.060504091021315,24.69216416851274,3.758820912078602,2.378853100583068
2018-04-02,7.368029448022406,9.450580915015367,1.344860853620209,1.4700490292976112,10.65759645787928,21.832256708840653,3.6211269048632033,2.3275066735472496
2018-04-03,7.790088076696125,9.991933151634344,1.3501720531805776,1.4700490292976112,10.65226765965034,23.082861418334463,3.6878107355850713,2.357337811186056
2018-04-04,8.087273593067534,10.373117264571414,1.3539118454195367,1.4700490292976112,11.058642996333601,23.963453784222935,3.7328681520069975,2.382559848700331
2018-04-05,7.838617870517246,10.054179746403129,1.3507827536901666,1.4700490292976112,10.718627930312321,23.22666037085008,3.6917759866403808,2.4013626047393872
2018-04-06,7.123189665194466,9.136537900508785,1.3417797818008679,1.4700490292976112,9.74034210615593,21.1067703316559,3.585081207928257,2.347846839596607
2018-04-09,7.253516105236234,9.303700718690953,1.343419813976562,1.4700490292976112,9.918552173716948,21.492941466694578,3.6095919511603887,2.359417790466075
2018-04-10,7.950949391726948,10.198261435813857,1.352196337219875,1.4700490292976112,10.87223151203831,23.559510643076266,3.719891476717952,2.396932848250015
2018-04-11,7.954221715357747,10.202458671923068,1.3522375162472626,1.4700490292976112,10.87670612989129,23.569206886833975,3.71808895566861,2.38436752612592
2018-04-12,8.407360470047687,10.78367573913715,1.3579398291279585,1.4700490292976112,11.496333951091103,24.911905322949814,3.7797269084652925,2.403984370812533
2018-04-13,8.20996406632557,10.530485832816998,1.3554557863399654,1.4700490292976112,11.226411543693601,24.32699873566413,3.7444019246968403,2.396932848250016
2018-04-16,8.262859138235239,10.598331538458423,1.3561214196515154,1.4700490292976112,11.298740952335821,24.483732472508034,3.7519716273443455,2.41664030372612
2018-04-17,8.728539484017784,11.19563503994368,1.3619815563239124,1.4700490292976112,11.935518308159764,25.863592980003016,3.820458274368798,2.442494895318331
2018-04-18,8.458073720380888,10.848722937864887,1.3585780063255697,1.4700490292976112,11.565679908559302,25.062174089873825,3.7772033789962136,2.4443025727439207
2018-04-19,7.365845174042519,9.447779262533775,1.3448333666451457,1.4700490292976112,10.066369562040355,21.825784472187998,3.608871533247137,2.4307428793651984
2018-04-20,7.101378806640054,9.10856226807564,1.3415053132448536,1.4700490292976112,10.066369562040355,21.04214243265531,3.567419454177137,2.4101313504333217
2018-04-23,6.815646422976437,8.74206848152081,1.3378667634432166,1.4700490292976112,10.066369562040355,20.195486919918814,3.521280820378849,2.4097695332566302
2018-04-24,6.649876213765513,8.525072784675404,1.3378098553766535,1.4700490292976112,10.061336377259336,19.704292118418326,3.5032582671646186,2.377316942535315
2018-04-25,6.626427149726184,8.525072784675404,1.3374085122976864,1.4700490292976112,10.025857683604377,19.634810041928244,3.485595922907014,2.3831930287595413
2018-04-26,7.031034884393294,8.520810248283066,1.3443335867370283,1.4700490292976112,10.638033668309141,20.83370589216209,3.558768238900026,2.4074189735706844
2018-04-27,6.875626079634121,8.332472548635932,1.3416736832075717,1.4700490292976112,10.40289842512475,20.37321303660937,3.5356992172541255,2.4096792354577756
2018-04-30,6.647692348519528,8.052076695534986,1.337772477372977,1.4700490292976112,10.058032164949795,19.697821092887796,3.5021770497882576,2.391147685805919
2018-05-01,6.976506511805551,8.048050657187218,1.3434003049263457,1.4700490292976112,10.555531636530848,20.672132511294233,3.5584077346901584,2.3953965337069456
2018-05-02,6.8805333388786085,7.9373366549656215,1.3417576735336323,1.4700490292976112,10.410323162723174,20.38775376887955,3.532815774081665,2.3793055285492506
2018-05-03,7.004862835089368,8.080762319658048,1.3438856383313733,1.4700490292976112,10.59843506778423,20.756155320054493,3.5414663988522905,2.3740621528982793
2018-05-04,7.509804524699032,8.663259632607957,1.3525279812439501,1.4700490292976112,11.36241743779405,22.252351374687905,3.6333825717325126,2.404797676983496
2018-05-07,7.715382146232047,8.900412584344195,1.3560465504906556,1.4700490292976112,11.673458656516129,22.861499782489982,3.65284655127973,2.4129335556088565
2018-05-08,7.879513332490248,9.089753209081657,1.3588557421725465,1.4700490292976112,11.92179095953313,23.34783798425672,3.67843910239471,2.4129335556088565
2018-05-09,8.219779402282352,9.482281842427707,1.364679575136173,1.4700490292976112,12.436617292519527,24.356082622448742,3.730704831494546,2.4362569919174133
2018-05-10,8.658743265201611,9.988667581403313,1.372192672801985,1.4700490292976112,13.100774479859249,25.656779343161478,3.7927032885010967,2.4590366069937026
2018-05-11,8.452075141614266,9.750256633883632,1.3686554390383772,1.4700490292976112,12.788083319448635,25.044399661521584,3.763506581047163,2.4665408705130396
2018-05-14,8.784704427154832,10.13397552464428,1.3743485644181197,1.4700490292976112,13.291355113263876,26.030015693871867,3.8291091943926685,2.4677159938606943
2018-05-15,8.473885182700874,9.775416549552501,1.369028729376423,1.4700490292976112,12.821082153219399,25.10902513827792,3.786215393736439,2.450719976275315
2018-05-16,8.81578537063886,10.169830290523068,1.3748805311326193,1.4700490292976112,13.338380925062907,26.122111842738157,3.8399231396757476,2.461025662493594
2018-05-17,8.712727204229997,10.050943087810388,1.3731166363456089,1.4700490292976112,13.182452777631124,25.81673950935469,3.8146910927706372,2.458946778680805
2018-05-18,8.346287450198352,9.628220669611046,1.3668448269935431,1.4700490292976112,12.628025370444117,24.730939454566556,3.7685527542255906,2.452799955555335
2018-05-21,8.60693951281408,9.9289071235378,1.3713060243007749,1.4700490292976112,13.022394828626602,25.50327930239965,3.822621299628011,2.4712407379223813
2018-05-22,8.751986095653695,10.096231879039678,1.3737885729454835,1.4700490292976112,13.24185191525634,25.933067789760344,3.85001519077936,2.464370593434166
2018-05-23,8.892127054184437,10.25789753956671,1.376187159246916,1.4700490292976112,13.453886737963352,26.34832038933937,3.8543409460445375,2.4711498141422523
2018-05-24,8.98428183498561,10.364206670495605,1.3777644368476876,1.4700490292976112,13.59331794218545,26.621384828833186,3.865515395537484,2.466087816565582
2018-05-25,9.205675006177643,10.619604333193072,1.3815536975550444,1.4700490292976112,13.928288262742718,27.27739639626063,3.9040834409285363,2.4602125128179497
2018-05-29,9.029543392514967,10.416420096685783,1.3785391122388766,1.4700490292976112,13.661799180124714,26.755499648812375,3.8727237082153922,2.4319167507503017
2018-05-30,9.208400443845662,10.622748379626357,1.3816003448559082,1.4700490292976112,13.932411880126217,27.28547215861092,3.8961535293244047,2.464370593434165
2018-05-31,9.008819766143658,10.392513461673733,1.378184416460773,1.4700490292976112,13.630444103853254,26.694093334672576,3.863713464994628,2.4492744290170534
2018-06-01,9.612462518751705,11.088871652354499,1.3885160800411032,1.4700490292976112,14.54376227556779,28.48275116080373,3.9480590494676138,2.4733205607070814
2018-06-04,9.847484513219447,11.359991433269034,1.3925386052355628,1.4700490292976112,14.899353156718243,29.179146384471117,3.9750930269155806,2.4850725766602144
2018-06-05,9.978355386820574,11.510963186611471,1.394778529151934,1.4700490292976112,15.097362238234835,29.56693073418445,3.997441335394988,2.4868800975904852
2018-06-06,10.170845348766013,11.733018302895738,1.3980730962130283,1.4700490292976112,15.388601683018761,30.137299011444217,4.023033886509968,2.5076720656247513
2018-06-07,9.900923201220667,11.421637941784386,1.3934532365207353,1.4700490292976112,14.980206483645848,29.337490913745413,3.9909540311368166,2.507400546246914
2018-06-08,9.639725887577773,11.120322489965911,1.3889827069550527,1.4700490292976112,14.585012054619094,28.563535428993408,3.963919167929121,2.5148134165001665
2018-06-11,9.568296368083525,11.037921880099718,1.3877601531151684,1.4700490292976112,14.476938400344155,28.35188214812791,3.9595931174107,2.518158660431376
2018-06-12,9.714979521472438,11.207134572302083,1.3902707125266227,1.4700490292976112,14.698871636344544,28.786519968489575,3.971488870576627,2.52141376305905
2018-06-13,9.681716756411943,11.168762871831083,1.3897014027869268,1.4700490292976112,14.64854470433059,28.6879588497034,3.9631984547626273,2.5133678692419066
2018-06-14,9.847484513219447,11.359991433269036,1.392538605235563,1.4700490292976112,14.899353156718247,29.17914638447112,3.969325845317417,2.5196960704416784
2018-06-15,9.82839990980086,11.337975564033451,1.3922119621983808,1.4700490292976112,14.870477940330982,29.12259667006507,3.975814330588561,2.516480717624939
2018-06-18,9.526307134184965,10.989483384285196,1.3870414852660784,1.4700490292976112,14.41340822430835,28.227463571906426,3.927873766247417,2.5113051044469374
2018-06-19,9.211638433828574,10.626483702938366,1.3816557647595442,1.4700490292976112,13.937310994840086,27.295066668109865,3.8810144192826352,2.50167954688346
2018-06-20,9.356434871519296,10.793519892690819,1.3841340320383066,1.4700490292976112,14.156389609088498,27.724113948728153,3.9051649535581414,2.5059470177274044
2018-06-21,9.005648808520911,10.38885546643837,1.3780530756404794,1.4700490292976112,13.625646409842883,26.68469744920265,3.856503676050504,2.4902372351659126
2018-06-22,8.796923935931545,10.14807186720119,1.3778916164147375,1.4700490292976112,13.309843365408009,26.066223401014067,3.842084983921985,2.494778572817473
2018-06-25,8.019955119173911,9.25176590292826,1.3493705596241736,1.4700490292976112,12.127626016885312,23.76398196972205,3.703310645089954,2.4608165847478936
2018-06-26,8.104099532935816,9.348834328698262,1.352459342020264,1.4700490292976112,12.12156220387687,24.01331083774902,3.7375538209755588,2.466265438752237
2018-06-27,7.507987293764421,8.656488870146314,1.3304393863618784,1.4700490292976112,11.22387718269224,22.246966725706304,3.645998152305205,2.445834192427432
2018-06-28,7.697583419673629,8.652160625711241,1.3303429876664719,1.4700490292976112,11.218265244100895,22.808760258299,3.682764562406645,2.4598192400822128
2018-06-29,7.731461737992679,8.690240193784026,1.3311915203839422,1.4700490292976112,11.267638656535222,22.909145327010126,3.7007871156208747,2.46336010316172
2018-07-02,7.874068996896669,8.850532176755745,1.3347633306429172,1.4700490292976112,11.475470903215436,23.33170583751021,3.702229427713591,2.4686257011479382
2018-07-03,7.4287591313928765,8.345574175327938,1.3236098847506579,1.4700490292976112,10.826487460662728,22.012205234636326,3.637347232281336,2.4599095378810665
2018-07-05,8.029790074358056,8.341401388240275,1.3386635959329864,1.4700490292976112,11.702414900547666,23.793123990368812,3.7353905004631045,2.4799764631040824
2018-07-06,8.333037114517216,8.656416507980575,1.3462588677120577,1.4700490292976112,12.144359540250994,24.69167729741726,3.7829708558476227,2.5009534086049787
2018-07-09,8.488760644382024,8.818183186332977,1.3501591944262072,1.4700490292976112,12.371307111654534,25.153102717008633,3.811446850135063,2.5234719894897797
2018-07-10,8.754307704225136,9.094035306140174,1.3568102142962881,1.4700490292976112,12.758308744465351,25.939946963448058,3.8525387202484374,2.532553099839715
2018-07-11,8.07459303244777,8.387943010542488,1.339785752452698,1.4700490292976112,11.767709609311222,23.925879931320246,3.746564949956052,2.5140284359818788
2018-07-12,8.247801381233172,8.567873039551229,1.3441240123834093,1.4700490292976112,12.020139117798413,24.43911473330821,3.791981689574873,2.536820257693022
2018-07-13,8.142347216682449,8.458326525080308,1.3414827564635583,1.4700490292976112,11.866452860108563,24.12664280200972,3.784052663730471,2.538817920435438
2018-07-16,8.109015784326179,8.42370160293988,1.3406479213159548,1.4700490292976112,11.817876465576381,24.027878214706018,3.772518005280899,2.5365488948105037
2018-07-17,8.468544665518763,8.797182687865012,1.3496528552590854,1.4700490292976112,12.341844850488572,25.09320061655195,3.8222605001648984,2.546809979862971
2018-07-18,8.651588786956115,8.987330185436896,1.3542374667004644,1.4700490292976112,12.608608767643325,25.635579861430926,3.8611896402723054,2.5521671276105926
2018-07-19,8.58820642055244,8.921488145456564,1.3526499613497645,1.4700490292976112,12.516236894634725,25.447771153023794,3.8485737644463716,2.542541883037752
2018-07-20,8.462534642202844,8.790939434135272,1.3495023253134049,1.4700490292976112,12.333085993064708,25.075392276780114,3.844608513391063,2.539636547447235
2018-07-23,8.498050348539003,8.827833395172037,1.3503918688417018,1.4700490292976112,12.384845693777054,25.180629100736475,3.8420849839219837,2.5443580112105484
2018-07-24,8.223759653033882,8.542898326249864,1.3435218516513001,1.4700490292976112,11.985101305388755,24.36787652973236,3.794144714834083,2.557160736733018
2018-07-25,8.352709477288926,8.676852294298069,1.346751591208087,1.4700490292976112,12.173029548943225,24.74996860544354,3.8132493711844044,2.5789552137784804
2018-07-26,8.806762978454723,9.1485262073004,1.3581240344206673,1.4700490292976112,12.83475574707341,26.095377532882104,3.8694797608330624,2.572870049808554
2018-07-27,8.679996610711761,9.016840428957327,1.3549489827698806,1.4700490292976112,12.650009618342002,25.719755271579327,3.8503756949892276,2.5554372537888566
2018-07-30,8.433028959182606,8.760288726828247,1.3487633117307887,1.4700490292976112,12.290085149776226,24.98796379259559,3.824063021214241,2.542087733623065
2018-07-31,8.590390694532328,8.9237571843529,1.3527046697304583,1.4700490292976112,12.519420200814887,25.45424338967645,3.8168535275233597,2.5546186267770596
2018-08-01,8.543400192591498,8.874943126389537,1.3515277229312803,1.4700490292976112,12.450937420442756,25.315005523095333,3.8334343591513593,2.5503509994377973
2018-08-02,8.808399549004028,9.150226288090245,1.358165024756801,1.4700490292976112,12.837140843994328,26.10022686588309,3.8720026997956545,2.5642446538264934
2018-08-03,8.851567571480055,9.195069527985021,1.3592462318897656,1.4700490292976112,12.900052838551177,26.22813831832206,3.878130680856931,2.5752326596340342
2018-08-06,9.011113580809667,9.36080702440601,1.3632422982701289,1.4700490292976112,13.132571195770003,26.70089015205558,3.89867676354024,2.5846759001512982
2018-08-07,9.231854412691838,9.590114125146183,1.368771079721725,1.4700490292976112,13.454273354388853,27.354968768566554,3.9249903230749563,2.5932109983345053
2018-08-08,9.30234057433699,9.663335636686831,1.370536510157839,1.4700490292976112,13.556998120625606,27.563826779560365,3.9372453994377787,2.5921214779261463
2018-08-09,9.01439244418292,9.364213130324128,1.3633244222652492,1.4700490292976112,13.137349729111559,26.71060577376734,3.899036972496866,2.5885793628840905
2018-08-10,8.335224658368332,8.658688943641728,1.3463136579915258,1.4700490292976112,12.147547611859572,24.698159223046947,3.807481599079755,2.5712360821866533
2018-08-13,8.368010022229635,8.692746606058076,1.3471348160439558,1.4700490292976112,12.195328179846719,24.795305751187495,3.8118073543449325,2.561610681118494
2018-08-14,8.342874522104784,8.66663567492613,1.346505260172113,1.4700490292976112,12.158696331632768,24.720826584796797,3.8027959301111953,2.577955365187701
2018-08-15,7.999192254347878,8.305282843647625,1.3377970523443705,1.4700490292976112,11.657822404169107,23.70245938785797,3.7397165509815253,2.5587047195467023
2018-08-16,7.943461386616266,8.305282843647625,1.337682456737653,1.4700490292976112,11.576601633647906,23.537322885689193,3.7339487788768744,2.579408267725938
2018-08-17,7.76206037547067,8.305282843647625,1.3324485271143787,1.4700490292976112,11.312232344270893,22.99981235176524,3.7065545924722825,2.588488282608643
2018-08-20,7.7440286705873,8.305282843647625,1.3319282616883414,1.4700490292976112,11.2859533892851,22.946382487961227,3.7015084192938548,2.5940283733837526
2018-08-21,8.20245235464849,8.301130202225801,1.3451550749506596,1.4700490292976112,11.954048582489825,24.30474073319363,3.7779243874159527,2.6001122853911305
2018-08-22,8.31008834077568,8.410061080048019,1.3482606760317324,1.4700490292976112,12.110914572288527,24.623677634412008,3.7919816895748735,2.598567989586809
2018-08-23,8.33850352174159,8.438818103767169,1.3490805339612386,1.4700490292976112,12.152326145201135,24.707874844758717,3.7966682443031616,2.5951175808014746
2018-08-24,8.696935361137387,8.801561980695826,1.359422301133819,1.4700490292976112,12.67469572888062,25.769946594812772,3.854701450254405,2.6107361265922004
2018-08-27,9.104545246325133,9.21407552937133,1.371182993311611,1.4700490292976112,13.268736164540819,26.977738137077637,3.9148970909583705,2.6313485944959885
2018-08-28,9.210000228343663,9.320799164981734,1.3742256662869325,1.4700490292976112,13.422423613587773,27.290212490620387,3.9296759920435154,2.6326205884458793
2018-08-29,9.286495595836927,9.398214793622213,1.3764327728925563,1.4700490292976112,13.533906045891285,27.516876419141774,3.9520243005229228,2.6467859187077316
2018-08-30,9.025321171292623,9.133898366059547,1.3688971558150584,1.4700490292976112,13.15327698222631,26.74298875722894,3.909850917779943,2.636070684240577
2018-08-31,9.179399955930059,9.289830762539879,1.373342762320442,1.4700490292976112,13.377827543137899,27.199540621376762,3.9267925488710542,2.636162390497299
2018-09-04,9.390308285031507,9.503276379156329,1.3794280610985916,1.4700490292976112,13.6852000585176,27.824484483973748,3.9552685431584944,2.6316215223316943
2018-09-05,9.255348437460544,9.366692926023047,1.3755340897271349,1.4700490292976112,13.488512957539267,27.42458406849073,3.9336409478455807,2.624538074724175
2018-09-06,8.51280237258132,8.615213819628773,1.3541095462746295,1.4700490292976112,12.4063449240642,25.224340920584492,3.8316324286085033,2.616639599497188
2018-09-07,8.40953575188171,8.510704871949788,1.3511300136812785,1.4700490292976112,12.255846737982926,24.91835091491568,3.814691092770636,2.611553658136766
2018-09-10,8.683822360047795,8.78829122645305,1.3590439541531745,1.4700490292976112,12.655585169585708,25.73109137469851,3.8518180070819437,2.616093274339823
2018-09-11,8.4242853235206,8.5256318851536,1.3515555803274835,1.4700490292976112,12.277342394198751,24.962055468030915,3.8035169385309313,2.6247197657891133
2018-09-12,8.135242603973168,8.228849083086523,1.3432158845194107,1.4700490292976112,11.856098775523316,24.1055910771788,3.759902129454965,2.6253560757546963
2018-09-13,8.421556615981354,8.22473465854498,1.3514768494365546,1.4700490292976112,12.273365644187756,24.953970016703607,3.8060395822402806,2.640884480241887
2018-09-14,8.69474863475408,8.49154184962578,1.359359207924342,1.4700490292976112,12.671508848629152,25.76346709142735,3.8453292265575567,2.641337690684663
2018-09-17,8.305172089385318,8.111070179012032,1.3481188283450798,1.4700490292976112,12.103749750668953,24.60911025745501,3.7934242969208327,2.6273535820017937
2018-09-18,8.538483123733332,8.338928452479148,1.354850508209481,1.4700490292976112,12.443771407466086,25.300435723894093,3.8222605001648984,2.6416096795484556
2018-09-19,8.587110196223469,8.386419051508577,1.3562535360845298,1.4700490292976112,12.51463928475914,25.444522923476203,3.8309111249355237,2.644424717340118
2018-09-20,8.882710642517404,8.675110958073857,1.3647824407622948,1.4700490292976112,12.945439970117686,26.32041855775183,3.8802937061161407,2.6658545602931536
2018-09-21,8.802935594183083,8.597200349044966,1.3624807061355786,1.4700490292976112,12.829177813115516,26.084036585274433,3.860829136062437,2.663419493135143
2018-09-24,8.896371347037581,8.688452395417404,1.3651765905281172,1.4700490292976112,12.965348738671846,26.360896681517765,3.8882236177202727,2.654571560809979
2018-09-25,8.452668623242046,8.255119540590222,1.3523745183933753,1.4700490292976112,12.318707504184335,25.046158210851644,3.8262254559669637,2.652108950475889
2018-09-26,8.214324439607289,8.022345748618871,1.3454976180090668,1.4700490292976112,11.971350661701846,24.33991898652692,3.7923427842912276,2.6441740118396595
2018-09-27,8.320619778531254,8.126156836990667,1.3485645376458246,1.4700490292976112,12.126262825851047,24.654883407165073,3.8161325191036224,2.6515615298512927
2018-09-28,8.471298714560023,8.273314224155497,1.3529120489518751,1.4700490292976112,12.345858532569782,25.101361157451212,3.837039401250043,2.651835083668272
2018-10-01,8.541981068478817,8.342344646027893,1.3549514337583988,1.4700490292976112,12.448869224511341,25.31080050706652,3.847131747606898,2.6610482760671377
2018-10-02,8.555677741582493,8.355721211325665,1.3553466213190684,1.4700490292976112,12.468830412778047,25.351385209579725,3.844248009181194,2.6594970944687963
2018-10-03,8.569920483181141,8.369631082837637,1.3557575644924225,1.4700490292976112,12.489587427589795,25.393587971256096,3.859026615013095,2.660956882801053
2018-10-04,8.109126142480104,7.915421247309629,1.3423453655612512,1.4700490292976112,11.818037298785342,24.02820521768062,3.7721575010710304,2.640159593925953
2018-10-05,7.532502413074583,7.915421247309629,1.342240650355376,1.4700490292976112,10.983589339167903,22.331621740217447,3.6863693092520844,2.625382836454182
2018-10-08,7.532502413074583,7.915421247309629,1.334810537834258,1.4700490292976112,10.593916683731363,21.539346822155537,3.643114709132743,2.625382836454182
2018-10-09,7.532502413074583,7.915421247309629,1.3346430051901181,1.4700490292976112,10.585130425094123,21.521482770765807,3.6362660149049733,2.621551048577327
2018-10-10,7.532502413074583,7.915421247309629,1.3078608618790997,1.4693140047829625,9.175246896740129,18.665695548573574,3.4711778212849826,2.5385443666184586
2018-10-11,7.532502413074583,7.915421247309629,1.3022035100876541,1.4225394326227807,9.175246896740129,18.07148633222182,3.4405390969915755,2.4826293717456367
2018-10-12,7.532502413074583,7.915421247309629,1.3021334518926517,1.501774972687803,9.17065927329176,19.078069310854065,3.5086649445529163,2.517109046329271
2018-10-15,7.532502413074583,7.915421247309629,1.2983894075272937,1.4616461046493714,8.925610459390766,18.568284995809105,3.4704562223587603,2.502971102748181
2018-10-16,7.532502413074583,7.915421247309629,1.3117440573320605,1.6040511334778227,9.79521344381905,20.386637114277434,3.5879649463539613,2.5577003325916823
2018-10-17,7.532502413074583,7.915421247309629,1.3098481211343898,1.6040511334778227,9.79031583709714,20.12848885491351,3.5703028973496,2.5581568294361494
2018-10-18,7.532502413074583,7.915421247309629,1.2987828924747309,1.6040511334778227,9.052610646294848,18.62186140539062,3.4773055070930163,2.5212142315277877
2018-10-19,7.532502413074583,7.915421247309629,1.2923321036087272,1.6040511334778227,9.052610646294848,17.743530204515345,3.427202212745905,2.5198458364616156
2018-10-22,7.532502413074583,7.915421247309629,1.29487187251353,1.6040511334778227,9.048084340971702,18.089341905756644,3.4455849749167604,2.5085349808117243
2018-10-23,7.532502413074583,7.915421247309629,1.2927375433399282,1.6040511334778227,8.902725732704639,17.798734362237052,3.4318881769677074,2.4957632413623454
2018-10-24,7.532502413074583,7.915421247309629,1.2668343206875317,1.6032491079110838,7.137705014135765,14.278923999739881,3.201557578958836,2.4201462683495714
2018-10-25,7.532502413074583,7.915421247309629,1.2668343206875317,1.7122589725679482,7.137705014135765,15.24979219793608,3.2920317349995845,2.463564173057225
2018-10-26,7.532502413074583,7.915421247309629,1.2668343206875317,1.6211139664420045,7.137705014135765,14.43803274707702,3.2325568074621116,2.4202375051203373
2018-10-29,7.532502413074583,7.915421247309629,1.2668343206875317,1.573353316357795,7.137705014135765,14.012664855483957,3.1954304836572893,2.4068289862194194
2018-10-30,7.532502413074583,7.915421247309629,1.2668343206875317,1.7691339328846745,7.137705014135765,15.756334339044066,3.3313213793168597,2.4424944258323755
2018-10-31,7.532502413074583,7.915421247309629,1.2668343206875317,1.8318689484436055,7.137705014135765,16.32294571546241,3.368808502584794,2.4685820389540387
2018-11-01,7.532502413074583,7.915421247309629,1.2668343206875317,1.8318689484436055,7.137705014135765,18.569905477216512,3.531373757242192,2.494852438607871
2018-11-02,7.532502413074583,7.915421247309629,1.2668343206875317,1.8318689484436055,7.137705014135765,17.737039801030754,3.4751430723402916,2.4800748986595065
2018-11-05,7.532502413074583,7.915421247309629,1.2668343206875317,1.8318689484436055,7.137705014135765,17.28082947332306,3.4430617407009247,2.49375744086336
2018-11-06,7.532502413074583,7.915421247309629,1.2668343206875317,1.8318689484436055,7.134136161628698,17.907506451685375,3.4787475239324896,2.5095376463182393
2018-11-07,7.532502413074583,7.915421247309629,1.2668343206875317,1.8318689484436055,7.3902670453312425,18.550424577785744,3.521641324588719,2.563263897664588
2018-11-08,7.532502413074583,7.915421247309629,1.2668343206875317,1.8318689484436055,7.293248568051862,18.306896984752452,3.5054209971705874,2.5586128567946615
2018-11-09,7.532502413074583,7.915421247309629,1.2668343206875317,1.8318689484436055,6.8864156753751615,17.285699395400215,3.441980818577806,2.533618989454961
2018-11-12,7.532502413074583,7.915421247309629,1.2668343206875317,1.8318689484436055,5.9806937773881526,15.020875582256382,3.291310431326605,2.4862786860809605
2018-11-13,7.532502413074583,7.915421247309629,1.2668343206875317,1.8318689484436055,5.9806937773881526,15.576122999746604,3.33384402302621,2.4816262367531667
2018-11-14,7.532502413074583,7.915421247309629,1.2668343206875317,1.8318689484436055,5.977703430499459,15.757959664939992,3.3511467488336755,2.4646596402876915
2018-11-15,7.532502413074583,7.915421247309629,1.2668343206875317,1.8318689484436055,6.579505014280848,17.35226145643941,3.4571202238728183,2.4903830888028837
2018-11-16,7.532502413074583,7.915421247309629,1.2668343206875317,1.8318689484436055,6.579505014280848,16.732074881561676,3.3983654189953527,2.49685902158345
2018-11-19,7.532502413074583,7.915421247309629,1.2668343206875317,1.8318689484436055,6.579505014280848,14.785461296359353,3.2707649391497817,2.4546260994285247
2018-11-20,7.532502413074583,7.915421247309629,1.2668343206875317,1.8318689484436055,6.579505014280848,14.855276431434667,3.2678812007240783,2.4092000467921064
2018-11-21,7.532502413074583,7.915421247309629,1.2668343206875317,1.8318689484436055,6.576215261773708,15.032244385673021,3.2822995975993545,2.4174094782172273
2018-11-23,7.532502413074583,7.915421247309629,1.2668343206875317,1.8318689484436055,6.5733727003468845,15.025746715455673,3.277613928630795,2.401264325679284
2018-11-26,7.532502413074583,7.915421247309629,1.2668343206875317,1.8318689484436055,6.9448332232935694,15.874849906013097,3.342856037766432,2.440031659002967
2018-11-27,7.532502413074583,7.915421247309629,1.2668343206875317,1.8318689484436055,6.98957985567772,15.977134014221106,3.3479019156916165,2.4482406209421317
2018-11-28,7.532502413074583,7.915421247309629,1.2668343206875317,1.8318689484436055,7.46970940912609,17.074638353255363,3.436574141189509,2.5046117996687842
2018-11-29,7.532502413074583,7.915421247309629,1.2668343206875317,1.8318689484436055,7.292147074391967,16.668757416703706,3.4041334863532464,2.4991396278619638
2018-11-30,7.532502413074583,7.915421247309629,1.2668343206875317,1.8318689484436055,7.591872791348142,17.353885571213212,3.4873978534498704,2.514372412692247
2018-12-03,7.532502413074583,7.915421247309629,1.2668343206875317,1.8318689484436055,8.205529614713349,18.75661327560918,3.548675302036685,2.547666635237197
2018-12-04,7.532502413074583,7.915421247309629,1.2668343206875317,1.8318689484436055,7.004654446106874,16.020970579648303,3.3742154752263325,2.4651161371321595
2018-12-06,7.532502413074583,7.915421247309629,1.2668343206875317,1.8318689484436055,7.004654446106874,15.757959664939989,3.354390696216004,2.461376055512026
2018-12-07,7.532502413074583,7.915421247309629,1.2668343206875317,1.8318689484436055,7.004654446106874,13.993181533808924,3.2271498348205725,2.4041826503812485
2018-12-10,7.532502413074583,7.915421247309629,1.2668343206875317,1.8318689484436055,7.004654446106874,14.585772690997512,3.26463725334175,2.4087437064429578
2018-12-11,7.532502413074583,7.915421247309629,1.2668343206875317,1.8318689484436055,7.00115211888382,14.843912472506538,3.2808572855066376,2.4092915965535098
2018-12-12,7.532502413074583,7.915421247309629,1.2668343206875317,1.8318689484436055,7.311276641943423,15.501441575960515,3.3306006661503664,2.4214231136543405
2018-12-13,7.532502413074583,7.915421247309629,1.2668343206875317,1.8318689484436055,7.230108648818183,15.329348388287832,3.3194259214041764,2.4206018262221276
2018-12-14,7.532502413074583,7.915421247309629,1.2668343206875317,1.8318689484436055,6.921514444094207,14.675063881015083,3.2678812007240783,2.375906450228431
2018-12-17,7.532502413074583,7.915421247309629,1.2668343206875317,1.8318689484436055,6.661929840804255,14.124690018968405,3.2368822674740456,2.329294945553329
2018-12-18,7.532502413074583,7.915421247309629,1.2668343206875317,1.8318689484436055,6.9253450953665885,14.683185666006235,3.275811407581453,2.326740941953154
2018-12-19,7.532502413074583,7.915421247309629,1.2668343206875317,1.8318689484436055,6.046639728416629,12.827487385595285,3.1337925308606063,2.2918963202864555
2018-12-20,7.532502413074583,7.915421247309629,1.2668343206875317,1.8318689484436055,6.046639728416629,12.499537313499458,3.10873704539489,2.254588931790348
2018-12-21,7.532502413074583,7.915421247309629,1.2668343206875317,1.8318689484436055,6.046639728416629,11.926429477985891,3.055100160233934,2.208393235176868
2018-12-24,7.532502413074583,7.915421247309629,1.2668343206875317,1.8318689484436055,6.046639728416629,10.890623333524307,2.974277242204797,2.1500409822115745
2018-12-26,7.532502413074583,7.915421247309629,1.2668343206875317,1.8318689484436055,6.046639728416629,12.762550650452027,3.1414336847929514,2.258671738158299
2018-12-27,7.532502413074583,7.915421247309629,1.2668343206875317,1.8318689484436055,6.046639728416629,13.048184115391441,3.168987012695593,2.2760123584353193
2018-12-28,7.532502413074583,7.915421247309629,1.2668343206875317,1.8318689484436055,6.043616408552421,13.32354847580655,3.1906618485274083,2.273076819248305
2018-12-31,7.532502413074583,7.915421247309629,1.2668343206875317,1.8318689484436055,6.158179826804488,13.576111039915595,3.2064590780481264,2.292985684199496
2019-01-02,7.532502413074583,7.915421247309629,1.2668343206875317,1.8318689484436055,6.321519608144597,13.936204293291656,3.22997097955873,2.295371298836816
2019-01-03,7.532502413074583,7.915421247309629,1.2668343206875317,1.8318689484436055,5.194927453581483,11.45952615300905,3.035996684896584,2.2405973113321846
2019-01-04,7.532502413074583,7.915421247309629,1.2668343206875317,1.8318689484436055,5.194927453581483,12.940644948269531,3.1774362747543994,2.3156477712914882
2019-01-07,7.532502413074583,7.915421247309629,1.2668343206875317,1.8318689484436055,5.194927453581483,13.699938588538553,3.238788422411727,2.333905923621684
2019-01-08,7.532502413074583,7.915421247309629,1.2668343206875317,1.8318689484436055,5.192329989854693,13.489745920959558,3.2200522421088387,2.3558337346786256
2019-01-09,7.532502413074583,7.915421247309629,1.2668343206875317,1.8318689484436055,5.591123084044385,14.532560829176557,3.302344340275818,2.3668438063260946
2019-01-10,7.532502413074583,7.915421247309629,1.2668343206875317,1.8318689484436055,5.591123084044385,14.941537393887684,3.3365107503182077,2.375192205594166
2019-01-11,7.532502413074583,7.915421247309629,1.2668343206875317,1.8318689484436055,5.591123084044385,15.358659966032526,3.3640637829676066,2.3761100506379784
2019-01-14,7.532502413074583,7.915421247309629,1.2668343206875317,1.8318689484436055,5.591123084044385,14.631955199986882,3.306385471414613,2.3616137327772075
2019-01-15,7.532502413074583,7.915421247309629,1.2668343206875317,1.8318689484436055,5.588327522502364,14.728086807784054,3.315202323761124,2.3886797546309957
2019-01-16,7.532502413074583,7.915421247309629,1.2668343206875317,1.8318689484436055,5.451696587566661,14.367994765530124,3.2891187665028094,2.3944605352061714
2019-01-17,7.532502413074583,7.915421247309629,1.2668343206875317,1.8318689484436055,5.640261073173032,14.864958141726834,3.3298973729252173,2.4126261988030517
2019-01-18,7.532502413074583,7.915421247309629,1.2668343206875317,1.8318689484436055,6.027281645969554,15.88495429792798,3.4121894710921965,2.4447384122063283
2019-01-22,7.532502413074583,7.915421247309629,1.2668343206875317,1.8318689484436055,5.517308833578304,14.548858899654634,3.313365848588821,2.4117086667498766
2019-01-23,7.532502413074583,7.915421247309629,1.2668343206875317,1.8318689484436055,5.517308833578304,14.245791331680975,3.3001402748158126,2.416754545308727
2019-01-24,7.532502413074583,7.915421247309629,1.2668343206875317,1.8318689484436055,5.517308833578304,16.6817309569401,3.494482159765662,2.418039371874747
2019-01-25,7.5287361618680455,7.915421247309629,1.2668343206875317,1.8318689484436055,5.517308833578304,17.747354928195932,3.559507553020838,2.4384995698335
2019-01-28,7.069767584397033,7.915421247309629,1.2668343206875317,1.8318689484436055,5.517308833578304,16.665436519828415,3.493012389121334,2.4199662987331387
2019-01-29,6.764251447663961,7.915421247309629,1.2668343206875317,1.8318689484436055,5.517308833578304,15.945248801954168,3.44672347142229,2.4167545453087276
2019-01-30,7.351092948850945,7.915421247309629,1.2668343206875317,1.8318689484436055,5.517308833578304,17.32859976342239,3.551057995708789,2.4550143643140676
2019-01-31,7.356622752649275,7.915421247309629,1.2668343206875317,1.8318689484436055,5.517308833578304,17.341635070887314,3.5484863399610793,2.4765750373534843
2019-02-01,7.613755289707874,7.915421247309629,1.2668343206875317,1.8318689484436055,5.514550179161515,17.947768995712508,3.593673077303498,2.4777681576627812
2019-02-04,7.728498076299426,7.915421247309629,1.2668343206875317,1.8318689484436055,5.597656981295185,18.21825011170705,3.6113079630094913,2.4952003277012054
2019-02-05,7.836326938361189,7.915421247309629,1.2668343206875317,1.8318689484436055,5.675756112141337,18.47243315722352,3.631513028196979,2.5056593793317496
2019-02-06,8.466024804319511,7.911463536685974,1.2668343206875317,1.8318689484436055,6.131838603291552,19.95680865988651,3.72152038886033,2.5023567021272095
2019-02-07,7.900611485518195,7.3791315057399,1.2668343206875317,1.8318689484436055,5.722316626309844,18.62396996901567,3.6414326514065998,2.4785016512212388
2019-02-08,7.868124209314905,7.37544193998703,1.2668343206875317,1.8318689484436055,5.698786488028476,18.547388294610563,3.6315130281969785,2.4815292096556125
2019-02-11,7.980791328588308,7.481054125895688,1.2668343206875317,1.8318689484436055,5.78038990961659,18.812976477207513,3.647310257717697,2.4829054294877166
2019-02-12,8.483997308887885,7.9527506056182595,1.2668343206875317,1.8318689484436055,6.14485586934704,19.99917492305018,3.7285004707812943,2.5148342303775495
2019-02-13,8.55795939802625,8.022081373624482,1.2668343206875317,1.8318689484436055,6.198425709247264,20.173524431247547,3.7373179136342904,2.523000156104089
2019-02-14,8.625008076413865,8.08493163137909,1.2668343206875317,1.8318689484436055,6.2469882499838665,20.33157708008897,3.748339126694051,2.51740372701427
2019-02-15,8.764632668092226,8.215813280158732,1.2668343206875317,1.8318689484436055,6.348116640345465,20.660711629626096,3.767442602031399,2.5448367303902653
2019-02-19,8.707954619609778,8.162684269389027,1.2668343206875317,1.8318689484436055,6.3070654204781915,20.527105480940723,3.763033880604901,2.5492397261801503
2019-02-20,8.947804143570538,8.387515015732843,1.2668343206875317,1.8318689484436055,6.480785508004193,21.09249846849818,3.7972002906472904,2.554377780481678
2019-02-21,8.750806874148802,8.198659465362596,1.2668343206875317,1.8318689484436055,6.338102786266016,20.628120333158463,3.773687798630201,2.545295105178556
2019-02-22,9.023839331131857,8.194560135629915,1.2668343206875317,1.8318689484436055,6.5358568678304865,21.2717348544825,3.827324979044399,2.5610765625959844
2019-02-25,9.250556662852043,8.400442436987069,1.2668343206875317,1.8318689484436055,6.700065468538553,21.806171560445286,3.8622250933959803,2.564561869837375
2019-02-26,9.059089711007676,8.226571051061404,1.2668343206875317,1.8318689484436055,6.5613882884321555,21.35482994369262,3.837244011747534,2.5627272752169796
2019-02-27,8.739058802639686,7.93183728486816,1.2667361040426544,1.8318689484436055,6.329593801227716,20.600426814576934,3.797934880716212,2.5616258611644036
2019-02-28,8.76048441613016,7.93183728486816,1.2672177009557763,1.8318689484436055,6.345112111997731,20.650933029563678,3.796098110290666,2.5568546318897645
2019-03-01,8.98927947028465,7.93183728486816,1.2723604704670148,1.8318689484436055,6.5108255817469445,21.190267513412568,3.8309991104019763,2.5728198148112735
2019-03-04,8.993423612014402,7.927871366225727,1.2724536209322501,1.8318689484436055,6.513827133103496,21.20003642449796,3.8328355855742777,2.563460768775437
2019-03-05,8.8648586279327,7.810574988975093,1.2695637853857973,1.8318689484436055,6.420709081757661,20.896972489890683,3.814833700087068,2.5599743660668164
2019-03-06,8.431463915914225,7.810574988975093,1.2598221014165467,1.8318689484436055,6.106806572960215,19.875338896572323,3.7505431921540566,2.5444694358774216
2019-03-07,8.14460977522006,7.810574988975093,1.2533743015093932,1.8318689484436055,5.8990416143074755,19.199142767757678,3.7097648809848915,2.523182942636259
2019-03-08,8.131478096758523,7.810574988975093,1.253079132560602,1.8318689484436055,5.889530499613436,19.16818769728513,3.7086621101217805,2.5181370640774086
2019-03-11,8.711408242310911,7.810574988975093,1.2661145851066222,1.8318689484436055,6.309566837316614,20.53524664388592,3.7876479624721293,2.5546532122424814
2019-03-12,8.813017295324771,7.810574988975093,1.268398515333334,1.8318689484436055,6.383161036260655,20.774767844919403,3.80638443802826,2.564286438076572
2019-03-13,8.920847184944611,7.810574988975093,1.270822275194693,1.8318689484436055,6.461260911354601,21.028953312680123,3.8218140772612745,2.5812603898220225
2019-03-14,8.768777837380052,7.810574988975093,1.2674041173715747,1.8318689484436055,6.351118935949808,20.67048296295574,3.80050653646392,2.5796084252384786
2019-03-15,9.524276556189468,7.810574988975093,1.2843859345320514,1.8318689484436055,6.898317451877763,22.451406563176736,3.902269700255952,2.5923540299696444
2019-03-18,9.462071272803886,7.810574988975093,1.2829877074767702,1.8318689484436055,6.853262923122096,22.304771162637074,3.891615486977409,2.601753138807053
2019-03-19,9.84520246764365,7.810574988975093,1.2915995869376606,1.8318689484436055,7.130760178911499,23.2079194670396,3.9364361102983403,2.602397743024523
2019-03-20,9.564759261799951,7.810574988975093,1.2852958896222757,1.8318689484436055,6.927638582250709,22.546835720139597,3.902636995290412,2.5945654653173205
2019-03-21,10.556339449097033,7.8066697014806055,1.3075842575855814,1.8318689484436055,7.645828029041024,24.884269938230442,4.037096503227262,2.6238696832182726
2019-03-22,9.65823930285644,7.1385994710540075,1.2873970989636718,1.8318689484436055,6.991522122875324,22.767194546862008,3.9217404706277605,2.573370365342243
2019-03-25,9.289860759346718,7.1385994710540075,1.2791168240724278,1.8318689484436055,6.991522122875324,21.89882240324624,3.8721447166055993,2.571435144231963
2019-03-26,9.572375522276255,7.135030171318481,1.2854670850718977,1.8318689484436055,6.991522122875324,22.56478939456681,3.9081476018202914,2.590601751886853
2019-03-27,9.15275574007633,6.818687650748436,1.2760350288144526,1.8318689484436055,6.991522122875324,21.5756271966254,3.851204175589462,2.577056456077446
2019-03-28,9.104973261877658,6.815278306923062,1.2749609921707863,1.8318689484436055,6.988026361813887,21.462990416466248,3.8438567986340373,2.5868245808762027
2019-03-29,9.523905607723206,7.128858637868565,1.2843775964914,1.8318689484436055,7.309555068421148,22.450532133000234,3.906310536141503,2.603136087937858
2019-04-01,10.22535477161445,7.653909193491113,1.3001445080056142,1.8318689484436055,7.847914172589837,24.104045685343305,4.002563093403656,2.6340071369690152
2019-04-02,10.257898563512043,7.678268957387767,1.3008760151676442,1.8318689484436055,7.872891387695559,24.180760583182497,4.005869929726773,2.635296971385231
2019-04-03,10.956578458382289,8.201246652548017,1.3165806800902868,1.8318689484436055,8.409125090244157,25.827746187255016,4.099183536206755,2.6394434713478674
2019-04-04,10.998122631487648,8.232343405234758,1.3175144944491917,1.8318689484436055,8.44101005777674,25.92567752253457,4.103591371873523,2.6464469498475625
2019-04-05,11.249481833483362,8.42049144997197,1.3231644524221466,1.8318689484436055,8.633927124011848,26.51820206800611,4.1344512408460385,2.6592567176593707
2019-04-08,11.330500677724398,8.48113588633949,1.324985563650002,1.8318689484436055,8.696108725547194,26.709186338633167,4.142900798158089,2.66128395801701
2019-04-09,10.948268596203139,8.195026532860219,1.3163938941214404,1.8318689484436055,8.4027473080914,25.80815749795485,4.0977137655624265,2.6476447650164188
2019-04-10,11.229401293517371,8.405460711881336,1.3227130895677879,1.8318689484436055,8.618515399165899,26.47086657075078,4.130777995248192,2.656676109855028
2019-04-11,11.201703465517005,8.384728261506094,1.3220905081667422,1.8318689484436055,8.597257439733777,26.40557497682399,4.126736273602911,2.6559383909229672
2019-04-12,11.667719550067984,8.733551835213387,1.3325654431264697,1.8318689484436055,8.954922705760046,27.504106347422887,4.1847824706968515,2.6739090613528247
2019-04-15,11.419128589535191,8.547475881788026,1.3269777086480212,1.8318689484436055,8.76413025249879,26.918107327977644,4.154656601286771,2.6721581917279003
2019-04-16,12.506966307374379,9.361747004459415,1.3514297173208185,1.8318689484436055,9.59904084816901,29.482447699015488,4.256052765297585,2.6739090613528242
2019-04-17,13.076154360776302,9.787797129082179,1.3642237131439106,1.8318689484436055,10.03589014004512,30.824184504161607,4.318874388345997,2.667366618061837
2019-04-18,13.101080864639519,9.806455180694226,1.3647840017592536,1.8318689484436055,10.055021120564671,30.882943305329345,4.325119289691555,2.6726192269366082
2019-04-22,13.106621457797665,9.81060243991972,1.3649085411365278,1.8318689484436055,10.059273501097334,30.89600404635895,4.321813339128168,2.6749231510175995
2019-04-23,13.49992958784484,10.105002466097742,1.3737491739343115,1.8318689484436055,10.361135736387258,31.823142257875226,4.356713748732991,2.6989749165390986
2019-04-24,13.891166160806176,10.397851884968901,1.3825432430480102,1.8318689484436055,10.661408060854878,32.74539722497093,4.393818814304307,2.692984588732267
2019-04-25,13.135013915058964,9.831854835999053,1.3655467361538638,1.8318689484436055,10.081064585388527,30.962933077402973,4.30711799471083,2.6913269903172514
2019-04-26,12.806101822220294,9.585656699361605,1.3581535733550463,1.8318689484436055,9.82862602138971,30.18759449118065,4.254582994653256,2.7038581964618835
2019-04-29,12.738933433316559,9.535379641907381,1.3566437874733117,1.8318689484436055,9.777074582539788,30.02925965088338,4.232173273499276,2.7080976546437916
2019-04-30,13.02145127892033,9.746850635734873,1.3629941177639782,1.8318689484436055,9.993905768747453,30.69523390893671,4.2707475192084345,2.7094804472792786
2019-05-01,12.702232141434193,9.507907895290701,1.3558188295841949,1.8318689484436055,9.74890650474208,29.942744352783453,4.23805147031686,2.6891135205304337
2019-05-02,13.125318904590277,9.824597901504879,1.3653288153406988,1.8318689484436055,10.0736237081026,30.940079202845396,4.278095486670346,2.6833081701902324
2019-05-03,13.388447756814752,10.021555795494479,1.3712433271021003,1.8318689484436055,10.275573928384661,31.560348134027855,4.316302732598288,2.7095724665266383
2019-05-06,12.730624598695487,9.529160291370033,1.3564570246015308,1.8318689484436055,9.77069758903327,30.00967338382747,4.247235322444588,2.698421862083032
2019-05-07,11.801362726172602,8.833586773568195,1.335436791065672,1.8318689484436055,9.057493247247065,27.81914101314447,4.150248765620002,2.6533593480718105
2019-05-08,11.518148196191753,8.621594295735719,1.3353394133449963,1.8318689484436055,8.840127358887854,27.151524473485416,4.120491372257353,2.6496729443459692
2019-05-09,11.108222396902436,8.314755568483,1.3284081533367176,1.8318689484436055,8.525511136584896,26.18521372785732,4.062445470416657,2.641655689172137
2019-05-10,11.140769271474266,8.339117639831004,1.3289584745180272,1.8318689484436055,8.550490717629344,26.261935892429285,4.0580370442434015,2.654925553220741
2019-05-13,9.568222132523799,7.162030558468957,1.3023689475493965,1.8318689484436055,7.339292558153734,22.55499868328311,3.8699403558923526,2.588206747530415
2019-05-14,10.253050544498661,7.674640105565457,1.3139484182552752,1.8318689484436055,7.339292558153734,24.169332434781584,3.9691318639366746,2.6116135958438065
2019-05-15,10.504405636262062,7.86278507370087,1.3181984739932584,1.8318689484436055,7.339292558153734,24.7618472912761,4.005869929726774,2.6269103872594126
2019-05-16,9.971225273039657,7.46368751914115,1.3091831552814084,1.8318689484436055,7.339292558153734,23.504990769356947,3.9492937985304053,2.651238836504264
2019-05-17,9.381953596997512,7.022604348976406,1.2992194125522525,1.8318689484436055,7.339292558153734,22.115911200222733,3.8732468969622267,2.634098843225738
2019-05-20,8.257420238845382,6.177354407841318,1.280135348386897,1.8309530139693837,7.339292558153734,19.465068853428363,3.719316028147081,2.6166810707566293
2019-05-21,8.77675785341607,6.174265730637398,1.2800852339291908,1.946107958632686,7.339292558153734,20.689294111849655,3.804180372568256,2.6402738355085624
2019-05-22,8.227645202189745,5.784889323150409,1.2738144712636836,1.8243508680777136,7.339292558153734,19.39488069273759,3.7373179136342913,2.6321639351060955
2019-05-23,7.807371385438334,5.784889323150409,1.2690620028068609,1.7320739373241512,7.339292558153734,18.413874191206922,3.6752311759080425,2.600002112686811
2019-05-24,7.807371385438334,5.784889323150409,1.2667450689701703,1.6870868858263255,7.339292558153734,17.935611751790468,3.6528211595008195,2.605899795265008
2019-05-28,7.807371385438334,5.784889323150409,1.2643807042077182,1.6411788855012042,7.335622911874657,17.447558601090314,3.6204921103904626,2.5816636782581535
2019-05-29,7.807371385438334,5.784889323150409,1.2655273075273636,1.663442060120875,7.435133242694718,17.684240931855488,3.6326155038068464,2.5643391769989528
2019-05-30,7.807371385438334,5.784889323150409,1.267480494744372,1.7013663773909644,7.6046446184145635,18.087418643817188,3.660536126743949,2.5713431249846046
2019-05-31,7.807371385438334,5.784889323150409,1.263676938165754,1.6275141193042155,7.2745451263354965,17.302286924066912,3.6087360120085394,2.536693809475566
2019-06-03,7.807371385438334,5.784889323150409,1.2644835220631172,1.643175261954634,7.34454617123528,17.46878230526344,3.6046948808697445,2.5302424464600266
2019-06-04,7.807371385438334,5.784889323150409,1.2752220385511697,1.8508594963752212,8.272838170303707,19.685431313517153,3.7523802578328462,2.585165730498639
2019-06-05,7.807371385438334,5.784889323150409,1.2733242030602414,1.8508594963752212,8.272838170303707,19.293679327712113,3.7237244543203367,2.6075588021378926
2019-06-06,7.807371385438334,5.784889323150409,1.2772068385623399,1.8508594963752212,8.268701751218556,20.095134551505147,3.775157864527773,2.624515382902975
2019-06-07,7.807371385438334,5.784889323150409,1.2802591395006373,1.8508594963752212,8.527956309920997,20.72519177172704,3.8240184379745266,2.6507793662487433
2019-06-10,7.807371385438334,5.784889323150409,1.2880877417038286,1.8508594963752212,9.19289756259358,22.341175071564013,3.919536405167758,2.6629428083945763
2019-06-11,7.807371385438334,5.784889323150409,1.2889021759943966,1.8508594963752212,9.262073507843308,22.50929093416796,3.9338641592973915,2.662298360672424
2019-06-12,7.807371385438334,5.784889323150409,1.2812081100514372,1.8508594963752212,8.608559417655968,20.921078664728718,3.8486331103482416,2.65759880625372
2019-06-13,7.807371385438334,5.784889323150409,1.283129625801689,1.8508594963752212,8.771768002897636,21.317718739442842,3.8677356999258614,2.6685634942587844
2019-06-14,7.807371385438334,5.784889323150409,1.274945285788027,1.8508594963752212,8.072225415345166,19.628303893856,3.7714840284234388,2.665615435446279
2019-06-17,7.807371385438334,5.784889323150409,1.2730316262982397,1.8508594963752212,8.068189302637494,19.233285511671426,3.7483391266940527,2.6666285861391428
2019-06-18,7.807371385438334,5.784889323150409,1.2851856074050585,1.8508594963752212,9.116586615897058,21.742115311089158,3.9007999296116265,2.694551419862476
2019-06-19,7.807371385438334,5.784889323150409,1.285391219646818,1.8508594963752212,9.116586615897058,21.784557874946895,3.9099846674990832,2.70063345392603
2019-06-20,7.807371385438334,5.781996878488834,1.2883170224703928,1.8508594963752212,9.11202832258911,22.38850330208658,3.9551719953479894,2.726436089072453
2019-06-21,7.807371385438334,5.662698350984074,1.2860791792917015,1.8508594963752212,8.924022070716026,21.926566788957146,3.9364361102983434,2.722472688632623
2019-06-24,7.807371385438334,5.700215838050923,1.2867829453336657,1.8508594963752212,8.983147042923699,22.071838465980548,3.943782896747283,2.719139025354993
2019-06-25,7.807371385438334,5.458066213443699,1.2822406186429331,1.8508594963752212,8.601535934496047,21.134209514590527,3.8754509624222337,2.6924703451152263
2019-06-26,7.807371385438334,5.970987450573854,1.291862173206311,1.8508594963752212,9.409864430378759,23.120294781070317,3.990072404952814,2.6897851984380328
2019-06-27,7.807371385438334,6.234413707890547,1.2968036143569646,1.8508594963752212,9.825006044604379,24.140309104103384,4.043709585367012,2.699322649137117
2019-06-28,7.807371385438334,6.260165614926827,1.2972866775657468,1.8508594963752212,9.86558927410218,24.240023211155528,4.047750716505807,2.713213486610077
2019-07-01,7.807371385438334,6.766752405896331,1.3067894083898222,1.8508594963752212,10.663935119693518,26.20158083229669,4.162004568748683,2.737844910791812
2019-07-02,7.807371385438334,6.483063552728398,1.3014678744345323,1.8508594963752212,10.216861051825008,25.103107595559937,4.113143404795443,2.7449751504996045
2019-07-03,7.807371385438334,6.382169074803567,1.2995752608045552,1.8508594963752212,10.057858312846674,24.71243350844892,4.098080765343646,2.7669208020228715
2019-07-05,7.807371385438334,6.2804282107780685,1.2976667703703832,1.8508594963752212,9.89752172774507,24.31848212485922,4.067956667453023,2.7637733681744208
2019-07-08,7.807371385438334,6.128452173487218,1.2948159511231605,1.8508594963752212,9.65801797406767,23.730014838516873,4.041505224653762,2.748586436472499
2019-07-09,7.807371385438334,6.269874970927171,1.2974688090350055,1.8508594963752212,9.880890549548797,24.277618864256546,4.0697931426253255,2.7520124319881254
2019-07-10,7.807371385438334,6.401586535679198,1.2999395002740348,1.8508594963752212,10.0884588920531,24.78761997016244,4.1102041587600295,2.7651621076320154
2019-07-11,7.807371385438334,6.450136443493554,1.3008502162929239,1.8508594963752212,10.159925969057163,24.975610346888793,4.121593257360737,2.7716438307393707
2019-07-12,7.807371385438334,6.818678474675436,1.3077634556077053,1.8508594963752212,10.159925969057163,26.40264406127394,4.197272568641211,2.784052657544828
2019-07-15,7.807371385438334,6.977409961708425,1.3107409959255114,1.8508594963752212,10.159925969057163,27.017269163339364,4.231071093142654,2.784978170859254
2019-07-16,7.807371385438334,6.7515562409610625,1.3065043534544936,1.8508594963752212,10.159925969057163,26.142739674824245,4.187353240684833,2.7759959655506976
2019-07-17,7.807371385438334,6.80812523482454,1.3075654942723278,1.8508594963752212,10.154846006072635,26.36178080067127,4.2024158801366305,2.757105728628523
2019-07-18,7.803467699745616,7.120099523268004,1.313417616238313,1.8508594963752212,10.620179816442695,27.569778233697917,4.278095486670349,2.767198111727498
2019-07-19,7.75164576033094,7.072815754010744,1.3125306508858618,1.8508594963752212,10.549652412960446,27.386690479346182,4.278463076958053,2.751828080502769
2019-07-22,8.205532343334925,7.486954412311304,1.320299207555376,1.8508594963752212,11.167372292537854,28.990279155324,4.364061716194906,2.7585868003241147
2019-07-23,8.517837241334993,7.771910029598863,1.3256445039116227,1.8508594963752212,11.592405662564442,30.09365743667963,4.412555289860442,2.7783111572946315
2019-07-24,9.294205118056928,8.480289529793199,1.3389325324027666,1.8508594963752212,12.649008543712466,32.836577765508366,4.530115387919948,2.791368187709888
2019-07-25,8.822739690735315,8.050111448269341,1.3308631026663238,1.8508594963752212,12.007364622311377,31.170882746800697,4.4481905847874295,2.7780332216087302
2019-07-26,8.816260748504364,8.04419988237776,1.3307522114618593,1.8508594963752212,11.998547063994925,31.14799253857928,4.439006142153215,2.7966464618169162
2019-07-29,8.88427318747289,8.10625631073869,1.3319162874802823,1.8508594963752212,12.091109032518757,31.388281591041988,4.454068191098527,2.7915528521858812
2019-07-30,8.824128721101442,8.051378837951493,1.3308868768017998,1.8508594963752212,12.009255032168426,31.175790213663827,4.434229830439014,2.7847014871359024
2019-07-31,7.971880432813902,7.273763953822493,1.3163001069522928,1.8508594963752212,10.843377586806987,28.164783157287843,4.301607388180952,2.754234978503425
2019-08-01,7.493476024082823,6.837254553950625,1.3081119121491425,1.8508594963752212,10.843377586806987,26.474572604462825,4.214906568587474,2.7302511319502147
2019-08-02,7.142305014322927,6.516836422501386,1.3020402751062525,1.8508594963752212,10.843377586806987,25.233879718465527,4.157595847322184,2.7096942198845433
2019-08-05,6.2090912018214235,5.665346357165987,1.3019870830423563,1.8508594963752212,10.843377586806987,21.936820148893794,3.9783166018241314,2.6282055425164654
2019-08-06,6.458472201513081,5.892888471176986,1.3062598790567657,1.8508594963752212,10.843377586806987,22.81788727465649,4.041505224653762,2.6650598770651155
2019-08-07,6.594499821859546,6.017003830148962,1.3085905228298864,1.8508594963752212,10.843377586806987,23.298475068558925,4.063547650773281,2.666634532961252
2019-08-08,7.133514220959407,6.508815459764681,1.3178257836518044,1.8508594963752212,10.843377586806987,25.202821702612088,4.167515175278562,2.7189537348977257
2019-08-09,6.734689734087926,6.1449169792296985,1.3109924816758707,1.8508594963752212,10.843377586806987,23.79376830734096,4.095509700102421,2.7004340788900856
2019-08-12,6.493171222174528,5.924548816292209,1.306854398436227,1.8508594963752212,10.843377586806987,22.940479478708767,4.047015831183642,2.6675600462756788
2019-08-13,7.066425973962025,6.447602289691776,1.3166763200008504,1.8508594963752212,10.843377586806987,24.965797835406786,4.163106158598821,2.7090453902934697
2019-08-14,6.4038756293779135,5.843073050368063,1.3053244428522914,1.8508594963752212,10.843377586806987,22.624996697799777,4.0290142409496745,2.6289457653736243
2019-08-15,6.351132240401505,5.794948525072891,1.3044207583595535,1.8508594963752212,10.843377586806987,22.438653447167667,4.024605519523177,2.6358913406054225
2019-08-16,6.870713926422628,6.269029210389034,1.3133230667147855,1.8508594963752212,10.843377586806987,24.27434399002212,4.123062732751821,2.6747829312121048
2019-08-19,7.265375435809841,6.629129275252727,1.3200850418710144,1.8508594963752212,10.843377586806987,25.66868951816939,4.191026781535924,2.7070087602167128
2019-08-20,7.150170244510597,6.52401287582501,1.3181111614116718,1.8508594963752212,10.837955898013584,25.26166770457305,4.167147880244103,2.6862653057312236
2019-08-21,7.352823330266517,6.708919150163347,1.3215833397179433,1.8508594963752212,11.145129731770233,25.97764435080783,4.209763847598542,2.7081195639884057
2019-08-22,7.344956728874144,6.70174144571467,1.3214485564621306,1.8508594963752212,11.133205836807978,25.949851520211798,4.204253241068662,2.7072863829119767
2019-08-23,6.393235080867399,5.833364319930249,1.3051421318770247,1.8508594963752212,9.685055785446393,22.587403466943016,4.030116126053057,2.637743306206187
2019-08-26,6.5514686758083895,5.9777410236284085,1.3078532440894446,1.8508594963752212,9.685055785446393,23.146445330060626,4.071630208304116,2.666912155656517
2019-08-27,6.48299414085429,5.915262966123464,1.3066800283256046,1.8508594963752212,9.685055785446393,22.904523684969217,4.062078470635441,2.6564488786523692
2019-08-28,6.6019008992545825,6.023756777640985,1.3087173299805315,1.8508594963752212,9.68021325755367,23.324623195304966,4.088161732640512,2.6751541381079145
2019-08-29,7.048845072837339,6.431560989780895,1.3163750957522184,1.8508594963752212,10.33555707148318,24.90368422594416,4.176699617912778,2.7093239519606453
2019-08-30,7.169139490399056,6.541320939855514,1.3184361730137135,1.8508594963752212,10.51194196932709,25.328686358654537,4.203517765240012,2.7081195639884053
2019-09-03,6.796223230825501,6.201061841699048,1.3120467724195046,1.8508594963752212,9.96514355854076,24.011167151582253,4.137022896593752,2.6922847416673212
2019-09-04,7.351897081488314,6.7080740151877345,1.321567469735496,1.8508594963752212,10.774932589387243,25.974371898817655,4.258992011333,2.722843582537796
2019-09-05,8.03850658382571,7.334555494751382,1.3333315670350903,1.8508594963752212,10.774932589387243,28.40017443186444,4.388307912521188,2.757845951485682
2019-09-06,8.070893753354587,7.36410644302148,1.3338864760660594,1.8508594963752212,10.774932589387243,28.514598828284694,4.3919826343852515,2.759976478753622
2019-09-09,8.184248503904486,7.467534449185561,1.3358286518010303,1.8508594963752212,10.76954512309255,28.915083004633463,4.408881158502865,2.761365531201854
2019-09-10,8.29205124660399,7.5658966499962,1.3376757016160457,1.8508594963752212,10.911401336444522,29.295951846995248,4.4176983061026185,2.760717327592055
2019-09-11,8.663577790209063,7.904887732907984,1.3440412913631627,1.8508594963752212,11.400288235940863,30.60856116496014,4.473906847011284,2.7803490393339376
2019-09-12,8.73991961215789,7.974544120424135,1.3453493021296563,1.8508594963752212,11.500745436851215,30.87827806289184,4.480887224185492,2.789979135261656
2019-09-13,8.66080315748857,7.902356081356319,1.343993751896867,1.8508594963752212,11.396637133183035,30.59875834245516,4.478682863472242,2.788127169660892
2019-09-16,8.484524508630262,7.74151457191568,1.3409734628243293,1.8508594963752212,11.164674374206248,29.975963010513457,4.448557584568648,2.7795152322762338
2019-09-17,8.56179189375494,7.812015468844915,1.3422973318264295,1.8508594963752212,11.266349511544343,30.248949938191075,4.466559174802614,2.7865528267553916
2019-09-18,8.578447231703775,7.827212259342713,1.3425826978394557,1.8508594963752212,11.288266052017761,30.307793517907776,4.471335191263573,2.7882198148895254
2019-09-19,8.447972990412412,7.708163956849236,1.340347203479973,1.8508594963752212,11.116576711412053,29.846825902480834,4.453334191536092,2.7880348374228943
2019-09-20,7.976971030281078,7.27840875559445,1.332277241050933,1.8508594963752212,10.496791417712883,28.182768320890382,4.369939027252759,2.774861687481209
2019-09-23,8.220798650917635,7.5008838131269515,1.3364548876517042,1.8508594963752212,10.817640981536481,29.044215268177577,4.407411978365022,2.7742100409743995
2019-09-24,7.822800314880894,7.137739135438462,1.3296357406194044,1.8508594963752212,10.293920198031609,27.638080677235216,4.342018994822142,2.752441542151831
2019-09-25,8.222792382558652,7.5027029489589845,1.3364890474658844,1.8508594963752212,10.820264506819347,29.051259154474707,4.416228830711532,2.7687220631403964
2019-09-26,8.248748602021251,7.526386120714475,1.3369337711264924,1.8508594963752212,10.854419955128865,29.14296289977148,4.431658469944546,2.762953958686031
2019-09-27,7.647598747318335,6.977880384729639,1.326633905834376,1.8508594963752212,10.063374756186658,27.019090691020054,4.326589060335884,2.7480700019209925
2019-09-30,7.889542332690271,7.198636396434619,1.3307792721155571,1.8508594963752212,10.381745142748454,27.873881311091115,4.376552109392506,2.7608131027270604
2019-10-01,7.673555652383287,7.001564182047658,1.327078641241825,1.8508594963752212,10.097531106671308,27.110796858561084,4.346795306536344,2.72797506403594
2019-10-02,7.3115706367177,6.671279052840968,1.3208138954950306,1.8508594963752212,9.621199778482278,25.8318979139102,4.275891125957099,2.679786086548965
2019-10-03,7.685605113728152,7.012558443480945,1.320731358307041,1.8508594963752212,10.113386834610237,27.153367801364407,4.341651995040925,2.7017414407819875
2019-10-04,8.10228474266531,7.392748448938091,1.329680963277921,1.8508594963752212,10.661690086102581,28.62550370380064,4.418066191643564,2.7383012511409603
2019-10-07,7.917814516899556,7.224432718410405,1.3257188409785814,1.8508594963752212,10.418948138652723,27.97376739748546,4.396023765524045,2.7264864805650535
2019-10-08,7.189670538446471,6.560054035325283,1.3100794851845337,1.8508594963752212,9.460793040073114,25.401222885151736,4.280666551911572,2.6841579397704405
2019-10-09,7.5521203925070415,6.890763295926099,1.3178643222399693,1.8508594963752212,9.93773604300141,26.681764111408345,4.355979158664073,2.7096485232514986
2019-10-10,7.77181343913154,7.091217301340562,1.3225829738024502,1.8508594963752212,10.226827237840308,27.457943216387573,4.397492650408644,2.727975064035939
2019-10-11,8.293706290682879,7.5674067579393,1.3337923887441507,1.8508594963752212,10.913579187212344,29.301799144629793,4.497786338809591,2.7562553330670414
2019-10-14,8.292315889112047,7.56613811713209,1.3337625251656466,1.8508594963752212,10.911749576045336,29.29688683327815,4.504399125696095,2.7531858338872723
2019-10-15,8.835991698606431,8.062202946377107,1.3454398028372458,1.8508594963752212,11.627165433700478,31.21770230602945,4.594039191324986,2.7804426235344812
2019-10-16,8.45175751539811,7.711617062004955,1.337187073600651,1.8508594963752212,11.121556718138814,29.86019669077525,4.527176437137777,2.77597718611246
2019-10-17,8.540284547957592,7.792391572334977,1.3390884911781615,1.8508594963752212,11.238048277664161,30.172964135873002,4.530115387919947,2.7841643952023336
2019-10-18,8.255237142685136,7.532306444481452,1.3329661336209424,1.8508594963752212,10.862958140574895,29.165887019412484,4.485662945393206,2.7719771657680683
2019-10-21,8.724752031313937,7.960704800612551,1.3430505545749796,1.8508594963752212,11.480786616413493,30.82469075321116,4.56979181398573,2.790769123630138
2019-10-22,8.520816869158876,7.774628724346462,1.3386703569022123,1.8508594963752212,11.212431014800671,30.104184510217227,4.535258699415366,2.7816523323475537
2019-10-23,8.025345761067474,7.32254719645987,1.3280284383058727,1.8508594963752212,10.560447090652552,28.353677031121766,4.4562728470650175,2.7897462702275195
2019-10-24,8.60748866175254,7.8537104624751475,1.3405319269237892,1.8508594963752212,11.326481288419744,30.410397362357603,4.574200535412229,2.7943046658688115
2019-10-25,9.137259769936247,8.337088258085544,1.3519105540847163,1.8508594963752212,12.02360013222969,32.28208729934822,4.666779256570046,2.8057476035676343
2019-10-28,9.616508840765583,8.774368350992166,1.3622040495395433,1.8508594963752212,12.654237690587602,33.97528205709692,4.737683141896048,2.821561455516021
2019-10-29,9.364370348412246,8.544310224492708,1.3567885222427774,1.8508594963752212,12.322451959818022,33.08447266493565,4.705353797532448,2.820724205561307
2019-10-30,9.365760064380726,8.54557823973739,1.356818371095651,1.8508594963752212,12.324280668809896,33.08938255404304,4.710497109027868,2.829376518738173
2019-10-31,9.189632933642317,8.384874979615484,1.3530354449929667,1.8508594963752212,12.092517290537206,32.46712253808196,4.68367866644739,2.8218403301738335
2019-11-01,9.823225491664662,8.962982334435203,1.3666439890949493,1.8508594963752212,12.926253416709569,34.705615345038396,4.780297928237517,2.847982560161701
2019-11-04,10.466553603092246,9.5499726771555,1.380461637148983,1.8508594963752212,13.772800429751506,36.97850402043336,4.882062273042522,2.859423932907337
2019-11-05,10.526805023430683,9.604947737697099,1.3817557402764595,1.8508594963752212,13.852084482496927,37.1913732679155,4.884633338283745,2.856261475508297
2019-11-06,10.28949816676858,9.388422405370402,1.3766587725427015,1.8508594963752212,13.53981550635055,36.35296428574936,4.854875649667854,2.8569131220151065
2019-11-07,10.491580145764882,9.57280758612274,1.380999166836427,1.8508594963752212,13.805732528582492,37.066923202518694,4.883531453180363,2.866959495490402
2019-11-08,10.65890002868331,9.725474870007263,1.3845929274906579,1.8508594963752212,14.025906565113875,37.65806706876418,4.8938183714244445,2.874030266977112
2019-11-11,10.485555072291273,9.567310142624834,1.3808697579962426,1.8508594963752212,13.797804213525463,37.04563651999491,4.873979420258445,2.868541350171197
2019-11-12,10.578252623960902,9.651889949813956,1.3828607515836349,1.8508594963752212,13.9197837043767,37.373138476903335,4.884266043249283,2.874589268255287
2019-11-13,10.572228236089643,9.646393131878575,1.3827313574690807,1.8508594963752212,13.911856291494798,37.35185421662379,4.892714419548359,2.875518537457361
2019-11-14,10.485090919498642,9.566886636793235,1.380859788744444,1.8508594963752212,13.797193440961328,37.04399666063343,4.883898452961579,2.879705100221569
2019-11-15,10.757624025031252,9.81555337181935,1.3867133593694956,1.8508594963752212,14.155816175372404,38.006860552684905,4.9334947974902255,2.9005427648888773
2019-11-18,10.692273094395057,9.755925377192927,1.3853097270029096,1.8508594963752212,14.069821743997693,37.77597465242489,4.936433453019153,2.9026823688852983
2019-11-19,10.526805023430681,9.604947737697099,1.3817557402764598,1.8508594963752212,13.852084482496924,37.191373267915495,4.919534633648296,2.901846057902496
2019-11-20,10.16481932216274,9.274661982927881,1.3739808724728229,1.8508594963752212,13.375752252132763,35.91247190102036,4.87140746925749,2.8910544537198457
2019-11-21,9.817664570983682,8.957908396768897,1.3665245495065632,1.8508594963752212,12.918935874216674,34.685968521876084,4.818138764890724,2.886402473878008
2019-11-22,9.812566431890628,8.953256713809129,1.3663096706850195,1.8508594963752212,12.91222729993765,34.667956713586726,4.809688912325431,2.8928222248391826
2019-11-25,10.526341556240402,9.60452485742803,1.3661874252897315,1.8508594963752212,13.851474612107923,37.189735830798284,4.9206368140049195,2.9152417441872855
2019-11-26,10.384050272801664,9.47469435919833,1.3628824870835983,1.8508594963752212,13.66423538093292,36.687018413370886,4.904838993977714,2.921846785605728
2019-11-27,10.606525493772535,9.677686897352269,1.3680498229873546,1.8508594963752212,13.956987602456099,37.47302698554192,4.937903223663478,2.9348709520040703
2019-11-29,10.263542632908328,9.364739859177439,1.3600835081610003,1.8508594963752212,13.50566096021616,36.261262962696826,4.8827971583646805,2.9239860766115116
2019-12-02,9.812103650302701,8.952834459102586,1.3495981298209163,1.8508594963752212,12.911618331723776,34.66632169871376,4.819240059487617,2.899148704590449
2019-12-03,9.363442728429334,8.543463838392041,1.3391772762980325,1.8508594963752212,12.321231316864884,33.08119536845696,4.751643010484732,2.8797051002215692
2019-12-04,9.803297088085078,8.944799108427734,1.349393583602523,1.8508594963752212,12.900029892157605,34.63520797124243,4.821445601213839,2.8974735786997465
2019-12-05,9.921022553632044,9.052215075709151,1.3521279421627823,1.8508594963752212,13.05494328619009,35.05113395472469,4.850467518747838,2.9026823688852987
2019-12-06,10.382197775245261,9.47300408924711,1.3628394599226716,1.8508594963752212,13.661797703727178,36.680473509390545,4.922472993923978,2.929196118759613
2019-12-09,10.206997578887409,9.313146589663345,1.3587701606045979,1.8508594963752212,13.431254066232492,36.0614883676639,4.8894084689849695,2.9199869952390323
2019-12-10,10.320552525324231,9.416757260085664,1.3614076523181085,1.8508594963752212,13.580679528939092,36.462679839335486,4.908880125116508,2.9167306406488094
2019-12-11,10.997249588849447,10.034194356616457,1.377125002848477,1.8508594963752212,14.471136307814056,38.85346156492564,5.013949829978414,2.9250108079579547
2019-12-12,11.889470551093725,10.84828141282767,1.3978482339218943,1.8508594963752212,15.645198154552299,42.00569272817287,5.157961961343668,2.9502222037905628
2019-12-13,11.693876427158955,10.66981593027978,1.3933052536530748,1.8508594963752212,15.387818415591253,41.31465550880028,5.1381227149244255,2.951989348928625
2019-12-16,12.02573538985415,10.972613216434409,1.4010131984994034,1.8508594963752212,15.824507266320008,42.48711861858797,5.180003796956702,2.9722692642803072
2019-12-17,12.183788671376437,11.116825397187649,1.4046842338297767,1.8508594963752212,16.032487503771872,43.045523431466194,5.209394485791376,2.972920597796479
2019-12-18,12.166172804531774,11.100752193587828,1.404275077696231,1.8508594963752212,16.009307015938997,42.983286287546505,5.191392305050922,2.9731062012443843
2019-12-19,12.452149886594192,11.361685584229605,1.410917343910616,1.8508594963752212,16.385620502506793,43.99364796721847,5.221516993448031,2.9852921787161004
2019-12-20,12.852137155055482,11.72664501881243,1.42020767550056,1.8508594963752212,16.91195849606861,45.406809488748166,5.271848223298842,2.9983805081950847
2019-12-23,12.938811004456207,11.805728633628702,1.422220811579134,1.8508594963752212,17.026011476213082,45.713029607621316,5.298024785328744,3.002961439162261
2019-12-24,13.034857038015351,11.893363688205596,1.4244516313327122,1.8508594963752212,17.152397190407342,46.052361805477176,5.308838730611823,3.003055023362807
2019-12-26,13.084031181144745,11.938231534978911,1.4255937779242296,1.8508594963752212,17.217104799550533,46.22609485251134,5.3230085242563785,3.0190410201616955
2019-12-27,12.938348908470635,11.805307004484687,1.422210078675187,1.8508594963752212,17.02540341017434,45.711397014992606,5.3047370725581855,3.0182932855292424
2019-12-30,12.665992002742614,11.556801039028324,1.4158841624160066,1.8508594963752212,16.667012534772102,44.749155639714985,5.266329349678156,3.0016521993265344
2019-12-31,12.750898369278639,11.63427195364687,1.4178562459331931,1.8508594963752212,16.77873970742715,45.04913121289556,5.273041636907596,3.0089439422031607
2020-01-02,13.546149105992622,12.359880696993159,1.4363271914451383,1.8508594963752212,17.82519970789365,47.8587649930295,5.394976502270641,3.0370836784381265
2020-01-03,12.814464676991323,11.69227160901236,1.4193326731176663,1.8508594963752212,16.862385776934147,45.27371201135658,5.306601301535342,3.0140863783736114
2020-01-06,12.408024519188475,11.321424379914024,1.4098924630530223,1.8508594963752212,16.327556511033144,43.8377523268872,5.249921536450633,3.025585341396506
2020-01-07,13.047842346571354,11.905211842489889,1.4247532354881325,1.8508594963752212,17.16948438740098,46.09823911169024,5.337550927493772,3.0170782558753357
2020-01-08,13.076610221281483,11.931460446173569,1.4254214144934876,1.8508594963752212,17.20733965592544,46.19987648068184,5.346500053293207,3.033158149865407
2020-01-09,13.30256555979355,12.1376283397207,1.4306695815848316,1.8508594963752212,17.504671318416925,46.99818036469752,5.3770770696587995,3.0537238256689223
2020-01-10,13.030676234869919,11.889549007908574,1.4243545256231165,1.8508594963752212,17.146895726454478,46.037590960002646,5.332330850155138,3.044936926518027
2020-01-13,13.541508949271027,12.355646889802236,1.4362194165283548,1.8508594963752212,17.81909378660258,47.8423712439033,5.406908276332231,3.0658788170675484
2020-01-14,13.628736765372551,12.435235959141297,1.4382454193523129,1.8508594963752212,17.933875724253426,48.150548536135474,5.418095421714634,3.061203049937277
2020-01-15,13.137394354647792,11.986921568799584,1.4268332213156214,1.8508594963752212,17.28732469874816,46.41462781195106,5.337923537086611,3.068121081992996
2020-01-16,13.795767324098232,12.587639255638916,1.4421249660243476,1.8508594963752212,18.153669042879248,48.740670215304824,5.424061308745429,3.0936439035096934
2020-01-17,14.063479959490543,12.831907660529186,1.4483430118216054,1.8508594963752212,18.50594858393962,49.68650330799071,5.446435009003746,3.103272747474863
2020-01-21,14.03749563033149,12.808198840710038,1.447739485026969,1.8508594963752212,18.471756146449703,49.59470025067943,5.4509098671567076,3.0971957212615058
2020-01-22,14.372486424572818,13.113853696493527,1.4555201715724508,1.8508594963752212,18.91256613317988,50.778228172229596,5.495657267673342,3.097569432082414
2020-01-23,14.700511498912935,13.413152836990406,1.4631390683492382,1.8508594963752212,19.34421002057239,51.93714609213642,5.529962151486762,3.1011225017967745
2020-01-24,14.20359788347191,12.95975512554446,1.451597470345971,1.8508594963752212,18.690327919947254,50.18154221112584,5.505724222251287,3.073542392821259
2020-01-27,12.556030983837493,11.45646956737888,1.4133301453055962,1.8508594963752212,16.51297111014569,44.36066157243455,5.2838549916841915,3.024275475579505
2020-01-28,13.454745971564474,12.276481951857294,1.4342042103051034,1.8508594963752212,16.51297111014569,47.53583623327682,5.416231192737478,3.055968594519469
2020-01-29,12.712852923534726,11.599558237831456,1.416972580791031,1.8508594963752212,16.51297111014569,44.914716034628576,5.33382246953946,3.0534443250298353
2020-01-30,12.665529906757035,11.55637940988431,1.4158734295120603,1.8508594963752212,16.51297111014569,44.747523047086254,5.321517495378548,3.0633536086060036
2020-01-31,11.302842439818715,10.313025716752843,1.3840916129374767,1.8508594963752212,16.51297111014569,39.93312607501271,5.129850900064748,3.0077285995586176
2020-02-03,11.734336564388295,10.706732877319546,1.3840292892491661,1.8508594963752212,16.51297111014569,41.45760183133765,5.199953468088881,3.030072062181863
2020-02-04,12.82884861434638,11.705395910854202,1.3956556862729088,1.8508594963752212,16.51297111014569,45.32453069585236,5.367382724673693,3.0762541437026223
2020-02-05,13.668638822286974,12.471643698283103,1.4045763138480396,1.8508594963752212,16.51297111014569,48.2915231518483,5.474028786600699,3.111778894024122
2020-02-06,13.67745566853989,12.479688432395882,1.4046699703363694,1.8508594963752212,16.51297111014569,48.32267321298349,5.477757244555014,3.1222496828035644
2020-02-07,12.712389456344447,11.599135357562389,1.3944186049561405,1.8508594963752212,16.51297111014569,44.913078597511365,5.352465940324006,3.105608596600857
2020-02-10,13.288182993643183,12.124505289003917,1.4005349417005342,1.8508594963752212,16.51297111014569,46.94736652469022,5.436740073512154,3.128793691047738
2020-02-11,14.085748323899145,12.85222593144544,1.4090070377202017,1.8508594963752212,16.51297111014569,49.76517780143321,5.551590042052921,3.1342153148666383
2020-02-12,14.704692302058369,13.416967517287432,1.4155817377665005,1.8508594963752212,16.51297111014569,51.951916937610946,5.629896516690815,3.1544094707837065
2020-02-13,14.737167914290719,13.446599163123672,1.4159267082594402,1.8508594963752212,16.504714624590616,52.06665380354026,5.643321091149698,3.1510438824610736
2020-02-14,14.642519138325923,13.36023900497926,1.4149213065854978,1.8508594963752212,16.39871386203223,51.732258139478574,5.619083161914224,3.156091795459066
2020-02-18,14.03424998879484,12.805237427701496,1.4084599993481643,1.8508594963752212,15.717490116307127,49.58323334637042,5.5348102097390495,3.1479584207588043
2020-02-19,15.12458809163102,13.800092036564411,1.4200420588368408,1.8508594963752212,16.938601210127135,53.43541558785318,5.677253955876768,3.163009514524148
2020-02-20,14.44857594485593,13.183279876999297,1.4128611551532488,1.8508594963752212,16.181509506336454,51.047053684275,5.587760926362959,3.150015395226984
2020-02-21,13.151313453607873,11.9996217392473,1.3990810521677794,1.8508594963752212,14.720565168333254,46.46380421484113,5.423689289659084,3.1175751676358416
2020-02-24,11.2750035562962,10.287624750294889,1.3791500483870909,1.8508594963752212,14.720565168333254,39.83477084698832,5.177953558436378,3.0141799625741563
2020-02-25,10.239415600522145,9.342725688247215,1.368095185644529,1.8508594963752212,14.720565168333254,36.176021765075674,5.028797525069218,2.9228436607854538
2020-02-26,10.32525027264343,9.421043614528957,1.368042531221994,1.8508594963752212,14.720565168333254,36.479277056979186,5.059001931841974,2.912092432395012
2020-02-27,8.867913344137968,8.091329137690554,1.3531789235837675,1.8508594963752212,14.720565168333254,31.330481998599712,4.825945851145719,2.7813064776933643
2020-02-28,9.511444393861886,8.678504646919201,1.3597423975745913,1.8508594963752212,14.720565168333254,33.60408765829452,4.921032748603973,2.769620033278741
2020-03-02,10.453307080039945,9.537886183547966,1.3693486026618344,1.8508594963752212,14.720565168333254,36.93170383915865,5.091443177184724,2.8895633663238622
2020-03-03,9.394985921462304,8.572244719189914,1.3585546193703635,1.8508594963752212,14.720565168333254,33.19263798219778,4.924388301712208,2.8068283602381503
2020-03-04,10.770200714585169,9.82702869083683,1.3725806504846823,1.8508594963752212,14.720565168333254,38.05129420132125,5.176835729657869,2.9248070510530884
2020-03-05,9.804208939213874,8.945631106590254,1.3627283490367272,1.8508594963752212,14.720565168333254,34.63842955610321,5.014255121831828,2.827582143414669
2020-03-06,9.214965254964152,8.407988889470307,1.356718560390959,1.8508594963752212,14.720565168333254,32.55662204110555,4.917676900242497,2.780838243699999
2020-03-09,6.875645914927567,6.273529292961808,1.3329064684044944,1.8508594963752212,14.720565168333254,24.308047096603342,4.508616523021048,2.563670003016458
2020-03-10,6.875645914927567,6.270392528315327,1.3463031196489892,1.8508594963752212,14.720565168333254,28.948684376955924,4.786419118474207,2.6963270157477437
2020-03-11,6.875645914927567,5.203493212437496,1.3321256715148702,1.8508594963752212,14.720565168333254,24.03757688070796,4.528006394004238,2.56488550215632
2020-03-12,6.875645914927567,5.203493212437496,1.3110203562973202,1.8499340666270336,14.720565168333254,16.726636943206422,4.049960982283924,2.319484097532587
2020-03-13,6.875645914927567,5.203493212437496,1.324213527373362,2.3553840499630527,14.720565168333254,21.29678812682471,4.442614136784337,2.5177678916207427
2020-03-16,6.875645914927567,5.203493212437496,1.3004866293123032,1.4463713372153202,14.720565168333254,13.077724595218344,3.802362203097033,2.242264768952277
2020-03-17,6.875645914927567,5.203493212437496,1.3042392037331898,1.5901380380010615,14.720565168333254,14.377626819815035,4.110369500576191,2.363329390955441
2020-03-18,6.875645914927567,5.203493212437496,1.2934925356381946,1.1784172183266122,14.720565168333254,10.65495107861398,3.7688016527095574,2.243667123502594
2020-03-19,6.875645914927567,5.203493212437496,1.2958254793506736,1.2677957577088346,14.720565168333254,11.463089274309967,3.8355489628786987,2.248434753384905
2020-03-20,6.875645914927567,5.203493212437496,1.2929956648902519,1.1593813618353805,14.720565168333254,10.482833668498733,3.768428747863477,2.15154036385945
2020-03-23,6.875645914927567,5.203493212437496,1.2958112844421028,1.267251929673916,14.720565168333254,11.45817211846981,3.908262455331879,2.0965292859470814
2020-03-24,6.875645914927567,5.203493212437496,1.307142884162424,1.7007487229081322,14.720565168333254,15.383469802826996,4.311729555115369,2.2864815822615787
2020-03-25,6.875645914927567,5.203493212437496,1.3054042246320263,1.7007487229081322,14.720565168333254,14.781193301979856,4.279288605025863,2.3207107078400733
2020-03-26,6.875645914927567,5.203493212437496,1.3139364310494321,1.7007487229081322,14.720565168333254,17.73677335416256,4.538820044034073,2.4562167178471674
2020-03-27,6.875645914927567,5.203493212437496,1.3060532606043098,1.7007487229081322,14.720565168333254,15.006021169355018,4.287865121232461,2.383056564841694
2020-03-30,6.875645914927567,5.203493212437496,1.310714948993506,1.7007487229081322,14.720565168333254,16.620843003071126,4.456038415989974,2.460448038272506
2020-03-31,6.875645914927567,5.203493212437496,1.30761664098412,1.7007487229081322,14.720565168333254,15.547580484553261,4.368036120100756,2.423773986330927
2020-04-01,6.875645914927567,5.203493212437496,1.3003540607536128,1.7007487229081322,14.720565168333254,13.031802477486522,4.151387262125537,2.314692523866524
2020-04-02,6.875645914927567,5.203493212437496,1.3037982140748259,1.7007487229081322,14.720565168333254,14.224866774673481,4.2632542871509065,2.368105002099004
2020-04-03,6.875645914927567,5.203493212437496,1.301339090620835,1.7007487229081322,14.720565168333254,13.379709420009464,4.177862620437491,2.333876033015828
2020-04-06,6.875645914927567,5.203493212437496,1.3013207308433243,1.7007487229081322,14.720565168333254,17.48404971081047,4.593262084789058,2.4906330118267537
2020-04-07,6.875645914927567,5.203493212437496,1.300858890153203,1.7007487229081322,14.720565168333254,17.26414384376398,4.579092586397746,2.4931724613622954
2020-04-08,6.875645914927567,5.200891465831278,1.3044915602508884,1.7007487229081322,14.720565168333254,18.993843033576255,4.730858658434222,2.5768647493121164
2020-04-09,6.875645914927567,4.857226210257578,1.3018756228737776,1.7007487229081322,14.713204885749088,17.748262058669876,4.618991633408853,2.6160766858360507
2020-04-13,6.875645914927567,4.857226210257578,1.3032197738140954,1.7007487229081322,15.24377662447177,18.38828075839553,4.679399561194634,2.5921926832961315
2020-04-14,6.875645914927567,4.85479759715245,1.3083482423635266,1.7007487229081322,17.268118083187165,20.83020574921181,4.884116645108263,2.668642993880654
2020-04-15,6.875645914927567,4.4608450664350565,1.30479829672096,1.7007487229081322,15.858227085321072,19.13989588437229,4.752485958493893,2.611939732087851
2020-04-16,6.875645914927567,4.789012196664125,1.3077554435423522,1.7007487229081322,15.858227085321072,20.547944048277078,4.878523958176792,2.62454026565864
2020-04-17,6.875645914927567,4.9133167901758075,1.3088755646627426,1.7007487229081322,15.850297971778412,21.081290744324555,4.926252530689364,2.6954431301880764
2020-04-20,6.875645914927567,4.596242326443449,1.3060183749682226,1.7007487229081322,14.827419752436096,19.72083725781052,4.821844193092082,2.647956190700512
2020-04-21,6.875645914927567,3.948320981589463,1.300200599548663,1.7007487229081322,12.73723366902591,16.95069817027448,4.605940259049295,2.567555155796969
2020-04-22,6.875645914927567,3.9463468210986683,1.3061631370416529,1.7007487229081322,12.73723366902591,19.789765851488053,4.866217507749665,2.6245402656586396
2020-04-23,6.875645914927567,3.8462068538820073,1.3051084873560856,1.7007487229081322,12.73723366902591,19.287593439018313,4.821470697739517,2.6243521582856366
2020-04-24,6.875645914927567,4.090992769539057,1.3076865128553394,1.7007487229081322,12.73723366902591,20.515122638605106,4.9187953195274945,2.6609327825219884
2020-04-27,6.875645914927567,4.256254605102986,1.3094270101588454,1.7007487229081322,12.730865052191398,21.343862021700367,4.979575856906112,2.6992994878299577
2020-04-28,6.875645914927567,4.189822281119863,1.3087273611420975,1.7007487229081322,12.532159610388502,21.010723502407686,4.946389097124445,2.686885653174304
2020-04-29,6.875645914927567,4.790987162430495,1.3150586828977417,1.7007487229081322,14.324035250983783,24.02538814761059,5.178699958635026,2.757225291051962
2020-04-30,6.875645914927567,4.287344235234297,1.30975443855286,1.7007487229081322,14.324035250983783,21.49976735100864,4.98666075372839,2.731553798982558
2020-05-01,6.875645914927567,3.6357835677623,1.3028923606814884,1.7007487229081322,14.324035250983783,18.23238269582004,4.7517404440549775,2.659239816164961
2020-05-04,6.875645914927567,3.7378863202632595,1.3039676819424562,1.7007487229081322,14.324035250983783,18.744397897824992,4.804317370073077,2.6665750647401687
2020-05-05,6.875645914927567,3.9273662261075257,1.305963238049316,1.7007487229081322,14.316873233358292,19.69458376343933,4.866963022188581,2.6912121227533747
2020-05-06,6.875645914927567,4.063502665909183,1.307396993795615,1.7007487229081322,14.813146827128223,20.377267873494297,4.924015987372613,2.672969150469087
2020-05-07,6.875645914927567,4.182623711145235,1.3086515475606548,1.7007487229081322,15.247392274556226,20.97462479625703,4.968762502129518,2.7052237746123247
2020-05-08,6.875645914927567,4.548165481142485,1.312501344235295,1.7007487229081322,16.5799431193841,22.807709004291777,5.095545425744848,2.749984252658575
2020-05-11,6.875645914927567,4.535729435878661,1.3123703708428351,1.7007487229081322,16.53460859407732,22.745345903670767,5.098155464414166,2.750549513749496
2020-05-12,6.875645914927567,4.151207070890268,1.3083206751758578,1.7007487229081322,15.132865635059668,20.817079607587292,4.957949147352927,2.695724821761626
2020-05-13,6.875645914927567,3.9276929947170562,1.3059666794965312,1.7007487229081322,14.318064440006703,19.696222411678676,4.869946851463709,2.648049461910422
2020-05-14,6.875645914927567,4.24152948897358,1.3092719288309058,1.7007487229081322,15.462128182879356,21.270019905549066,5.006424415317389,2.67973976393465
2020-05-15,6.875645914927567,3.9757987439563456,1.3064733175025076,1.7007487229081322,14.493429780034397,19.937458561645567,4.892319961215539,2.6920575104646596
2020-05-18,6.875645914927567,4.532129426348976,1.3123324564214105,1.7007487229081322,16.514238356422158,22.72729291722905,5.103002932159963,2.7740573015434093
2020-05-19,6.875645914927567,4.477804688421279,1.311760321544933,1.7007487229081322,16.514238356422158,22.454870372463137,5.083985670769609,2.7455648248602333
2020-05-20,6.872208091970104,4.987012101030325,1.3171231696916146,1.7007487229081322,16.514238356422158,25.008395422896903,5.268193578655321,2.7922060636458768
2020-05-21,6.338268509378801,4.599543746759557,1.3130424475847782,1.7007487229081322,16.514238356422158,23.06535585909466,5.134698367810551,2.7729295962773026
2020-05-22,6.430265614200264,4.666304046922829,1.3137455507665803,1.7007487229081322,16.514238356422158,23.400139082237324,5.145512903600117,2.778194724777565
2020-05-26,6.629590455902984,4.810949753849095,1.315268924036699,1.7007487229081322,16.505981237243947,24.125494658232245,5.189886513510942,2.8124236938607416
2020-05-27,6.912795793911314,5.016465714486869,1.3174333679574437,1.7007487229081322,17.211089950451196,25.156096610909305,5.268193578655322,2.854270855055224
2020-05-28,6.459125702114838,4.6872471856841464,1.31396611879075,1.7007487229081322,16.08156768615751,23.505162748699135,5.15558044868455,2.8490044745924124
2020-05-29,6.949771824718605,5.043298416671702,1.317715963425654,1.7007487229081322,17.303150791130953,25.29065470158739,5.258870662250078,2.86169937484034
2020-06-01,6.863640190968297,4.980794561426661,1.3170576880825204,1.7007487229081322,17.088705096472715,24.977216294830658,5.2510399557356395,2.873265630850249
2020-06-02,7.3055813374918674,5.301501649477663,1.3204352968332842,1.7007487229081322,18.18902529287172,26.58546779100173,5.3543313503141405,2.89705636218026
2020-06-03,7.945949400108195,5.766202839348859,1.325329416308279,1.7007487229081322,19.78337765849393,28.915807255666063,5.5019957642969795,2.935610861870595
2020-06-04,8.155194023401183,5.918047116249752,1.3269286031598408,1.7007487229081322,20.304343146338354,29.677261537811646,5.562776596928841,2.9279009635025672
2020-06-05,8.74911090987455,6.349039696830914,1.3314677117917448,1.7007487229081322,21.783043987637384,31.838562264810406,5.6940337881906435,3.002941407761478
2020-06-08,8.695897002673608,6.310423520544825,1.3310610156512335,1.7007487229081322,21.65055499609838,31.644913525501494,5.676881346283933,3.039238305985139
2020-06-09,8.710779004739985,6.321223066105634,1.3311747538283727,1.7007487229081322,21.68760736735934,31.69907006258238,5.6873220914676885,3.016575592911872
2020-06-10,8.791049161157948,6.379473374601926,1.331788231855651,1.7007487229081322,21.887459485609845,31.991178186418704,5.716408078955447,2.9997442084017005
2020-06-11,7.113473847448764,5.162093417840594,1.3189670833741827,1.7007487229081322,17.699783145258756,25.88637660947715,5.365518495696541,2.826811873456334
2020-06-12,7.408402140121783,5.376116471975863,1.3212211219266374,1.7007487229081322,17.699783145258756,26.95963912799502,5.441214341158632,2.8606649407841416
2020-06-15,7.733543066920971,5.612064178271661,1.323706065562746,1.7007487229081322,17.699783145258756,28.14284731330336,5.511690109282088,2.8873699279378324
2020-06-16,8.143467740620817,5.90953760761102,1.326838983092453,1.7007487229081322,17.69093325368613,29.634588860749556,5.597828471447393,2.942945797455166
2020-06-17,8.368948243438055,6.0731639095284295,1.328562255354909,1.7007487229081322,18.18076886824254,30.455126524793215,5.6571182752014195,2.9307213221350645
2020-06-18,8.330167708310077,6.045021717764237,1.3282658686621605,1.7007487229081322,18.09652172926646,30.314001729936486,5.649286978180495,2.9318490274011713
2020-06-19,8.162410709437667,5.923284108510702,1.3269837578837222,1.7007487229081322,17.732085107864158,29.70352351003774,5.622811029362054,2.915094325597132
2020-06-22,8.380673860595284,6.081672935138913,1.328651870335161,1.7007487229081322,18.206241691012142,30.49779677961104,5.674271307614615,2.9337948901931186
2020-06-23,8.453948317857792,6.134846616752475,1.3292118825675685,1.7007487229081322,18.365423697243347,30.764447116314344,5.692914778399159,2.947301062172867
2020-06-24,7.885901540173754,5.722627412044216,1.324870490546841,1.7007487229081322,17.131394417695457,28.697289334578382,5.573590542211917,2.872120085117819
2020-06-25,8.079912712384754,5.863417104469545,1.3263532532136812,1.7007487229081322,17.552865811378727,29.40330813467579,5.611625064992624,2.9029108520505145
2020-06-26,7.596236329634151,5.512423662263062,1.322656675975361,1.7007487229081322,16.502123440172017,27.643179501394567,5.506470622449938,2.833961518583638
2020-06-29,7.8574741072973415,5.701998241643867,1.3246532291607935,1.7007487229081322,17.069638439332373,28.593840126883133,5.562403987336001,2.875613686611097
2020-06-30,8.491848233577333,6.162349762145034,1.329501538979954,1.7007487229081322,18.44775777170284,30.90236728202007,5.697763427157928,2.9124498677027844
2020-07-01,8.136762253152495,5.90467158104426,1.3267877352886916,1.7007487229081322,17.676366200065498,29.61018717211225,5.63250714586662,2.932850910431093
2020-07-02,8.43951095204601,6.124369734061091,1.3291015425969923,1.7007487229081322,18.334059850406796,30.711908638396615,5.718644327018952,2.949001853295826
2020-07-06,9.116295922035698,6.615497882389097,1.3342739843463158,1.7007487229081322,19.804312832617637,33.174771508563786,5.8763774670991955,2.99452602849703
2020-07-07,8.779256981687155,6.370916046166677,1.3316981081618418,1.7007487229081322,19.07212679252845,31.948265707175256,5.803291069799936,2.963641364373151
2020-07-08,9.142464895612926,6.634488137945192,1.3344739850813647,1.7007487229081322,19.86116251626812,33.27000204149764,5.8864450121836285,2.9863093982872515
2020-07-09,9.506124102024653,6.89838772287561,1.337253311078806,1.7007487229081322,20.651178631347356,34.593380657425755,5.988617396970646,2.9693086858423134
2020-07-10,9.411375311160503,6.82963058393658,1.3365291776785457,1.7007487229081322,20.445345614206015,34.24858387652782,5.965125867933819,2.9996268369127224
2020-07-13,8.941684336112587,6.488786048241329,1.332939486245748,1.7007487229081322,19.424985252491364,32.53934901731433,5.879360705867837,2.9736533088783466
2020-07-14,9.415435612287837,6.832577056247204,1.3365602092055404,1.7007487229081322,20.454166244252256,34.26335956649085,5.978176061280405,3.0121896551117193
2020-07-15,9.3211354514171,6.764145478347086,1.3358395045346565,1.7007487229081322,20.249307834430777,33.920195378221614,5.950955483782777,3.039863035297143
2020-07-16,9.207437701127882,6.681637491254148,1.334970550558907,1.7007487229081322,20.00230994906708,33.5064421478372,5.946481216136303,3.029850464810673
2020-07-17,9.377984992184844,6.8053999549218025,1.336273986609667,1.7007487229081322,20.372808223117552,34.12707441565808,5.974074993733255,3.038634234055196
2020-07-20,9.955960870183047,7.224824492000154,1.3406912634317354,1.7007487229081322,21.628407558140808,36.230364814964275,6.093399820426983,3.0631914794558965
2020-07-21,9.745253872861085,7.07191900203919,1.33908090014332,1.7007487229081322,21.17066602290839,35.46358886218775,6.062822213554905,3.0697101354584504
2020-07-22,9.862110670551994,7.156719441195443,1.3399739976644984,1.7007487229081322,21.424526647649046,35.88883806381225,6.107197004478702,3.08718189881249
2020-07-23,9.402800088304204,6.823407731022191,1.3364636401109602,1.7007487229081322,20.426716732749338,34.21737810377475,6.006516239076005,3.0503463437020764
2020-07-24,8.9547678244665,6.498280451477007,1.333039478982569,1.7007487229081322,19.45340792530922,32.58696065041488,5.94610801603698,3.030700860372153
2020-07-27,9.803007329847013,7.1138294309742065,1.3395222905484383,1.7007487229081322,21.296130086284144,35.67375730732418,6.1858766792159185,3.052801129270234
2020-07-28,9.223227613151256,6.69309588734474,1.3350912275889673,1.7007487229081322,20.02596401286933,33.56390262608358,6.025160300367034,3.0334404674202324
2020-07-29,9.820601746191077,7.126597316644161,1.339656758803037,1.7007487229081322,20.02596401286933,35.737784489749224,6.176926372403511,3.070748012411658
2020-07-30,10.395417911164456,7.543728918630953,1.344049886992541,1.7007487229081322,20.015951030862897,37.82957649557109,6.23509775687254,3.0597914621631634
2020-07-31,10.21990573713884,7.416363547264125,1.3427085059975428,1.7007487229081322,19.678009534846264,37.190876707842946,6.198181653376831,3.0839699888927594
2020-08-03,10.82811022421847,7.85772432918095,1.3473568099945192,1.7007487229081322,20.849082341554936,39.40417090780178,6.30855617325815,3.105410473527462
2020-08-04,11.293289605653097,8.195294899413673,1.350912020822404,1.7007487229081322,21.74476617061608,41.0969877954465,6.4002878128614125,3.1174055267104404
2020-08-05,11.271177605087523,8.179248701026964,1.3507430261786721,1.7007487229081322,21.702190420001997,41.0165208412544,6.405881090299371,3.136768379494903
2020-08-06,11.230120638835697,8.14945455265583,1.3504292414822645,1.7007487229081322,21.6231369146023,40.86711197104135,6.394695125929942,3.15773499630477
2020-08-07,10.84841372672454,7.8724581398188125,1.3475119828908995,1.7007487229081322,20.888175903294293,39.4780566243497,6.321236119037845,3.1600019874905625
2020-08-10,10.855182448390746,7.877370054069097,1.3475637139725405,1.7007487229081322,20.901208799380825,39.50268842619135,6.32571038668432,3.169447731932924
2020-08-11,10.495583543106349,7.616416941449302,1.3448154195020938,1.7007487229081322,20.20881584890654,38.19408550022626,6.2362167666640245,3.1432848445629964
2020-08-12,11.552721547749325,8.383559023158622,1.3528947726090272,1.7007487229081322,22.244291739786593,42.04107687226791,6.432357039117812,3.1871097935944275
2020-08-13,11.174622313033275,8.10918062342383,1.3500050862924673,1.7007487229081322,21.516277163407196,40.66515008944504,6.371203006386628,3.18134763596217
2020-08-14,11.13537251359468,8.080697896745049,1.34970511316914,1.7007487229081322,21.440703283622103,40.52231761238767,6.364490128650701,3.1814424721252648
2020-08-17,11.556780517630386,8.386504529412749,1.352925793961751,1.7007487229081322,22.2521071198963,42.05584771774242,6.457340778045446,3.1915492527935547
2020-08-18,11.365927727197944,8.248006806022488,1.3514671697532041,1.7007487229081322,21.88462789587236,41.36132246664085,6.417441435781096,3.1984438105514776
2020-08-19,11.145300282662577,8.087902263058648,1.3497809877962101,1.7007487229081322,21.45981879597638,40.558445385469405,6.378287903208905,3.1851266849166446
2020-08-20,10.855182448390744,7.877370054069097,1.347563713972541,1.7007487229081322,20.901208799380818,39.50268842619134,6.327201415562153,3.1950428542868328
2020-08-21,11.094312884850309,8.050901816260925,1.3493913081241904,1.7007487229081322,21.361644651702157,40.37289905319759,6.373067235363784,3.206378123206433
2020-08-24,11.401123216117428,8.273547407644875,1.351736157133757,1.7007487229081322,21.95239536695816,41.4894010539335,6.429746409942008,3.238867490327627
2020-08-25,11.768390099924261,8.54006500567752,1.3545430554060034,1.7007487229081322,22.659552695730884,42.8259082337304,6.5024607881549175,3.2502027592472267
2020-08-26,11.901043465869904,8.636328671206844,1.355556880828598,1.7007487229081322,22.914971313773698,43.308642136043865,6.538631081958467,3.2827875885127904
2020-08-27,11.43721596502374,8.299739131345085,1.352012001973062,1.7007487229081322,22.02189047536569,41.62074482648355,6.446900623368177,3.2899644638255365
2020-08-28,12.085125537766734,8.769913031262078,1.3569637586940975,1.7007487229081322,23.269413796820924,43.978528318571016,6.549443846228573,3.3112159021153245
2020-08-31,12.05128658879766,8.74535684120839,1.3567051388958424,1.7007487229081322,23.204258287798684,43.855386265072575,6.539375710637654,3.299221161922983
2020-09-01,12.729881388093123,9.237798343341739,1.3618914125667887,1.7007487229081322,24.5108647550489,46.32483521737245,6.667650253637303,3.330295498373052
2020-09-02,13.87183775203981,10.066491265563496,1.3706190040983701,1.7007487229081322,26.70965491966468,50.48048590825327,6.8444006551079015,3.3784647574498785
2020-09-03,11.50444523296847,8.34852595041355,1.3525258128401962,1.7007487229081322,22.137982847289475,41.86539634085174,6.480832307082275,3.262197499439567
2020-09-04,11.185452001449946,8.117039493012985,1.3500878539882388,1.7007487229081322,22.137982847289475,40.70456000349398,6.391711887161302,3.2355613702260766
2020-09-08,9.59275229063414,6.96125191719339,1.337878724322276,1.7007487229081322,22.137982847289475,34.908626058397644,6.108314833257213,3.1471577907086528
2020-09-09,10.38594476269819,7.536854460610491,1.3378349765852735,1.7007487229081322,22.137982847289475,37.795103115316365,6.283200415244166,3.20930521164624
2020-09-10,9.954604330232636,7.223840080431456,1.3342011872229713,1.7007487229081322,22.137982847289475,36.22542828117008,6.204147540407626,3.1535797326042894
2020-09-11,9.919865458784194,7.198630836186955,1.3339085326698004,1.7007487229081322,22.12691385586583,36.09901135343722,6.192215175839551,3.1551860005547914
2020-09-14,10.54701890528889,7.653742466257687,1.3391919314678533,1.7007487229081322,23.525820962305513,38.38126200288253,6.331676273715115,3.1967442713910676
2020-09-15,11.089348001881653,8.047298908561752,1.3437607350247125,1.7007487229081322,24.735521764367437,40.35483153329035,6.464797693954076,3.2128949012651633
2020-09-16,10.755469440181072,7.80501049045914,1.3409480045814441,1.7007487229081322,23.990783622125072,39.13982654763041,6.385372800031185,3.2001433497118885
2020-09-17,10.706289874805172,7.769321948382017,1.3405336956781864,1.7007487229081322,23.88108535947597,38.96085903075854,6.370830396793792,3.1719970406735403
2020-09-18,10.207272210024607,7.407195671123852,1.3363297654518553,1.7007487229081322,22.767993561302713,37.14490251185963,6.274624489544055,3.1354791710599623
2020-09-21,10.158092644648708,7.371507129046729,1.3359154565485976,1.7007487229081322,22.658295298653613,36.96593499498775,6.277608318819182,3.1005835319193875
2020-09-22,10.52626411029686,7.638681162467922,1.339017084531229,1.7007487229081322,23.479526023851676,38.305734004728876,6.329066235045798,3.1321608443235585
2020-09-23,9.742547449191616,7.0699550091842704,1.3324147327648874,1.7007487229081322,21.731394346085157,35.45374001704191,6.184384469325113,3.059522916196381
2020-09-24,10.027248442385703,7.2765563342945,1.3348131711273479,1.7007487229081322,22.366438679827272,36.489784752562734,6.238453605234018,3.067677261269341
2020-09-25,10.459938758570312,7.590550295759756,1.338458332465773,1.7007487229081322,23.331582954441014,38.064371898060664,6.31079537385409,3.117273131670873
2020-09-28,11.314043735021981,8.210355720175187,1.3456536643756039,1.7007487229081322,25.236720409816208,41.172513371355905,6.471137371590678,3.16904835587976
2020-09-29,11.408338570907635,8.278783433849325,1.34644804288912,1.7007487229081322,25.44705125748383,41.51565818167109,6.505444026923557,3.1517903651309807
2020-09-30,11.423683846676411,8.289919167070494,1.346577317809005,1.7007487229081322,25.481279906696965,41.57150060075432,6.495748500925475,3.1756862613151164
2020-10-01,12.13295322255417,8.804620542968236,1.3525524949987233,1.7007487229081322,27.0633520069545,44.1525762573585,6.656091679675036,3.1960754103992084
2020-10-02,11.051448086162113,8.019795763169192,1.3434414505333736,1.7007487229081322,24.650983503868325,40.21691136758462,6.456594377846799,3.165729403162082
2020-10-05,12.130246798884706,8.802656550113317,1.3525296949716457,1.7007487229081322,27.044989658791508,44.14272741221264,6.6765993794367375,3.221868029845239
2020-10-06,11.923148810204118,8.652370039311075,1.3507850162641104,1.7007487229081322,27.031467163962112,43.389084867793414,6.618055975881357,3.176065918958133
2020-10-07,12.64234795201918,9.174277230607158,1.356843845889625,1.7007487229081322,28.66199348681447,46.006295564212095,6.759754502833402,3.2313503941921624
2020-10-08,13.081353034891494,9.492853681057806,1.3605422054220704,1.7007487229081322,29.65728019097096,47.60386254096892,6.842535245117771,3.25998747254976
2020-10-09,13.767613150216853,9.990857736491014,1.366323543129244,1.7007487229081322,31.21312907524205,50.10120605812359,6.959996433340828,3.289100609666655
2020-10-12,14.365443900727715,10.424690523168318,1.3713599154656981,1.7007487229081322,32.56849606422158,52.27674958134901,7.082677108396033,3.3420135548420413
2020-10-13,14.348296117507658,10.412246749452532,1.3712154554810498,1.7007487229081322,32.52961961082606,52.214347724819895,7.0614218274227145,3.3202037412553524
2020-10-14,14.120897954436682,10.247228843153666,1.3692997597479808,1.7007487229081322,32.014075766154946,51.38683157507404,7.024133114334167,3.299341663318336
2020-10-15,14.009454004084699,10.166356389707246,1.3683609100348502,1.7007487229081322,31.761416545632283,50.981280063741224,6.996913717849511,3.2952637083052627
2020-10-16,13.809576695179409,10.021309769335438,1.3666770613061,1.7007487229081322,31.308266375446497,50.25391402501363,6.953284736617873,3.293273087852185
2020-10-19,13.587136093222588,9.859889457425018,1.3648031301086128,1.7007487229081322,30.803962024016965,49.444438750488196,6.918979262297968,3.2432039756070914
2020-10-20,13.543822664540981,9.828457843294375,1.3644382399556345,1.7007487229081322,30.705764346222033,49.286818472246516,6.924571949229439,3.2561955909791567
2020-10-21,13.257771122004703,9.620876453869677,1.3620284240095684,1.7007487229081322,30.057244982557584,48.245859003129794,6.880197748812129,3.2500315533686366
2020-10-22,13.30424093559546,9.654598587950645,1.3624199048483323,1.7007487229081322,30.16259863201627,48.41496556363454,6.877587710142811,3.2678585610959843
2020-10-23,13.109326512789416,9.513153426193265,1.3607778655150302,1.7007487229081322,29.720700027567496,47.705659778081426,6.861181077928261,3.27895407918743
2020-10-26,12.27192068956439,8.905466214454707,1.353671522290324,1.7007487229081322,27.822182415001485,44.658287568686596,6.714261883131096,3.218359091810733
2020-10-27,12.145136788428717,8.813461892013102,1.3535572790100046,1.7007487229081322,27.53474535328043,44.196913016224606,6.6911429636871045,3.207264512691199
2020-10-28,10.936394461545623,7.9363038475358065,1.3308171994391127,1.7007487229081322,24.79435529030745,39.79822402565024,6.475239029644317,3.0976432978728137
2020-10-29,11.807191934992582,8.568222654345638,1.3471995196374775,1.7007487229081322,26.768576503565935,42.96711054040333,6.635209008294555,3.12912577411389
2020-10-30,11.232374438772935,8.151090086302352,1.3363854732422613,1.7007487229081322,25.465383821693646,40.875313690092966,6.5237142976087785,3.0965049509250395
2020-11-02,11.4133054507457,8.282387790633242,1.3397893298935892,1.7007487229081322,25.87558005315379,41.53373296831111,6.574427585156207,3.131211856711337
2020-11-03,12.092343555049489,8.77515098957952,1.3525640794660259,1.7007487229081322,27.41505561550339,44.004795135285626,6.71127923486894,3.1864969579266407
2020-11-04,13.359737930151612,9.694871551126152,1.3764075805137976,1.7007487229081322,30.28841817934585,48.61692260074234,6.957385804165024,3.2577126565980348
2020-11-05,15.121637045174733,10.973443458411923,1.409554203396463,1.7007487229081322,34.282893030922075,55.02858376904068,7.233697961246835,3.321246313068119
2020-11-06,15.899486903962549,11.537912200720847,1.4241878993378088,1.7007487229081322,36.046388836520045,57.85922809585319,7.345937891118287,3.320487623763361
2020-11-09,15.292183004985423,11.097204956023083,1.4127626859740443,1.7007487229081322,34.669544878177696,55.649211192373045,7.265766596996747,3.3622120926280306
2020-11-10,13.916957681911516,10.099233818358243,1.3868905603943544,1.7007487229081322,31.55171428195912,50.64468015740638,7.040914127661012,3.357281238128379
2020-11-11,15.433408265671687,11.199689059325555,1.415419557992175,1.7007487229081322,34.97394669035303,56.16313875621829,7.288512906847903,3.3822215840691063
2020-11-12,14.836035463878138,10.76618859608263,1.4041811784433251,1.7007487229081322,34.95645971700786,53.98926173704116,7.209833232110686,3.349410775563429
2020-11-13,15.386483165856164,11.165636533923202,1.414536755694328,1.7007487229081322,36.25341691068422,55.99237538064229,7.316106684444855,3.395781590438465
2020-11-16,16.521226837505186,11.989095362053497,1.4358846979413775,1.7007487229081322,38.927084114008615,60.121778632762556,7.521941301883753,3.4381695994541603
2020-11-17,16.118763133532592,11.69703619634197,1.4283131448905861,1.7007487229081322,37.97880475125505,58.65718802118448,7.435430920632096,3.419677799613238
2020-11-18,15.776760641461667,11.448852418476871,1.4218790491282653,1.7007487229081322,37.17298325222309,57.41261954437721,7.398515407642873,3.378522973708411
2020-11-19,16.509044602876912,11.980254979065126,1.4356555134587654,1.7007487229081322,38.89838050278558,60.07744671838495,7.495094514991933,3.3927471462100707
2020-11-20,16.241038103547517,11.785768485434037,1.4306135049307924,1.7007487229081322,38.266907329206674,59.10215429105474,7.457058811198253,3.3695135382144117
2020-11-23,16.976025826139683,12.319133106764218,1.4444408351430742,1.7007487229081322,39.998675144122124,61.776820621231295,7.571909370245508,3.389713327962951
2020-11-24,17.25035042027246,12.518204504521936,1.4496017060417694,1.7007487229081322,40.64503492450515,62.77510499104168,7.595774099381657,3.4443333240740426
2020-11-25,17.065813062150863,12.384289753145314,1.4461300031699849,1.7007487229081322,40.21023057659382,62.103561993443265,7.595402080295307,3.439022811931375
2020-11-27,17.653264085484736,12.810590197328867,1.4571817242171505,1.7007487229081322,41.59437447965225,64.24133303973696,7.6972012649830015,3.448600951413305
2020-11-30,18.31696223900484,13.292221527279962,1.469667883166361,1.7007487229081322,43.15817080679539,66.65657216558232,7.778864178488859,3.4333332681269657
2020-12-01,19.288825266873058,13.997481411098953,1.487951550490827,1.7007487229081322,45.448060910309884,70.193242559225,7.920188324328607,3.470885258806104
2020-12-02,19.435464706144526,14.103894466167759,1.4907102794962577,1.7007487229081322,45.793570710707584,70.72687265785046,7.951884350485684,3.478186391401849
2020-12-03,19.464789399007767,14.12517475864593,1.4912619651899501,1.7007487229081322,45.862665142793794,70.83358705080312,7.948901111717045,3.4772383427615394
2020-12-04,21.085014623351213,15.300937001590315,1.5217432759746428,1.7007487229081322,49.68021720548189,76.72968806262752,8.180839068381543,3.507204379365012
2020-12-07,21.360691763695588,15.500989912747244,1.5269295923366026,1.7007487229081322,50.32976383637333,77.73289443276657,8.227450107368847,3.499997456951087
2020-12-08,21.63005214048285,15.69645888583404,1.5319970713725877,1.7007487229081322,50.96442699712455,78.71311370491397,8.238264052651923,3.5102385106027687
2020-12-09,19.780172290638642,14.354041270831276,1.4971952661851078,1.7007487229081322,46.605765910756396,71.98128513531506,7.983207767049919,3.4787563473523293
2020-12-10,19.74182174805628,14.326211115315061,1.4964737771046694,1.7007487229081322,46.51540489752144,71.84172511024786,7.989173654080713,3.4776183133951926
2020-12-11,19.06052718132271,13.83181045060927,1.4836565766855467,1.7007487229081322,44.91014814712992,69.3624515352447,7.9242905728887285,3.473539419410207
2020-12-14,19.778369783187365,14.352733230336659,1.4971613555972536,1.7007487229081322,46.60151886785442,71.97472569786919,8.005207676702428,3.457988166606496
2020-12-15,20.603144741790707,14.951254498047936,1.512677853836446,1.7007487229081322,48.54484211524157,74.97613340025771,8.130872181032759,3.5047383261339116
2020-12-16,20.55757351943305,14.918184452101288,1.5118205220466112,1.7007487229081322,48.437467837087624,74.81029686949888,8.12751633267128,3.5102385106027687
2020-12-17,20.667664923573437,14.998075392148497,1.513891672559458,1.7007487229081322,48.69686366715234,75.21092638050303,8.125651513187638,3.529867405428916
2020-12-18,20.39785458554649,14.802279891966295,1.5088157283988832,1.7007487229081322,48.06114031400758,74.22906967123842,8.097685716504337,3.515774376004275
2020-12-21,19.996289472807,14.510872814389089,1.5012610805525242,1.7007487229081322,47.11497819937724,72.76774908940628,8.056832115758173,3.5032024810767965
2020-12-22,19.922334748699882,14.457205477906436,1.4998697697053431,1.7007487229081322,46.94072711050466,72.49862321907311,8.042563117023922,3.497298225695216
2020-12-23,19.50854746394398,14.156929035646,1.492085186033953,1.7007487229081322,45.96576728473469,70.99282538820798,7.982484987110722,3.5004406516934705
2020-12-24,20.071695255349795,14.565593152451603,1.5026796901742705,1.7007487229081322,47.29264825188583,73.04215545221805,8.068096617490275,3.514059187312001
2020-12-28,19.957530237619363,14.482746079528816,1.5005319027346624,1.7007487229081322,47.0236542303292,72.62670180636574,8.051950398636171,3.5442480732492148
2020-12-29,19.80411076108839,14.371412898729517,1.497645620831194,1.7007487229081322,46.66216940075886,72.06839872774628,8.031673586910602,3.537486223521497
2020-12-30,20.82797892454326,15.114411779536885,1.516907661209233,1.7007487229081322,49.07459327898955,75.79431906512859,8.179992282080228,3.542534449510127
2020-12-31,21.049535578975963,15.275190629934432,1.521075808414148,1.7007487229081322,49.59662197624957,76.60057759928172,8.201394599168632,3.5605317241441528
2021-01-04,20.758937830423346,15.064310157578333,1.5156087905243645,1.7007487229081322,48.9119196165211,75.54307420189492,8.217915789641518,3.5120598031210792
2021-01-05,21.961492524637638,15.936977971465534,1.5382324621097703,1.7007487229081322,51.745362204883044,79.91924600986331,8.361728329814413,3.536248345551069
2021-01-06,21.799952445852,15.81975184604499,1.5351934072477256,1.7007487229081322,51.364743725606615,79.33139155131781,8.336194238841575,3.5573902371178105
2021-01-07,24.202374048058914,17.563137005755408,1.5803901850737232,1.7007487229081322,57.02529597794418,88.07395414494792,8.680141237341394,3.6102434010814775
2021-01-08,24.222672891203036,17.57786743519554,1.58077206738067,1.7007487229081322,57.073123828881656,88.14782290578604,8.64897548600899,3.6308153366977383
2021-01-11,25.104849857776696,18.21804409292708,1.5973684700790205,1.7007487229081322,59.15169688637982,91.35812010834371,8.778517846434664,3.606338842881455
2021-01-12,25.598055301336952,18.575952567526823,1.6066471482405422,1.7007487229081322,60.31378066961151,93.15292559039717,8.819447032011071,3.6071009750832226
2021-01-13,25.666196472977493,18.62540113529456,1.6079290886762307,1.7007487229081322,60.474333947292855,93.40089557939639,8.771760090205781,3.6168152654923675
2021-01-14,27.336242257776448,19.83731707651855,1.639347674084164,1.7007487229081322,64.40927251925979,99.47829672931142,8.989917987506665,3.6041488473924317
2021-01-15,25.60167096620968,18.57857637696802,1.6067151697742295,1.7007487229081322,60.322299848726544,93.16608322119704,8.814940877014338,3.5778645196552405
2021-01-19,28.20262531858792,20.46603243999001,1.6556469459004568,1.7007487229081322,66.45063219641153,102.63111892015716,9.117583718318969,3.605958872247801
2021-01-20,27.96752190209891,20.295422998696424,1.6512239433469393,1.7007487229081322,65.89668480744507,101.77556287090114,9.079659029744708,3.655859908520677
2021-01-21,29.21250341497815,21.19887903308841,1.6746457910290398,1.7007487229081322,68.83009287386166,106.30612852776193,9.220091510790187,3.659192319835758
2021-01-22,27.609243593115597,20.035428214119953,1.6444836505040354,1.7007487229081322,65.05251445573987,100.47176567754043,9.046615467785962,3.6462413932465383
2021-01-25,27.727921535705587,20.12155021856176,1.6467163396370166,1.7007487229081322,65.33214176787087,100.90364213945,9.082287964621583,3.6606220610668365
2021-01-26,26.43510834430009,19.183383774294132,1.622394634184153,1.7007487229081322,62.286033368021485,96.19901401033621,8.925334293103216,3.6549077910020826
2021-01-27,22.43394650132154,16.279827557416755,1.547120742750261,1.7007487229081322,52.82740865477192,81.63853560498443,8.489393470120232,3.5655799501327823
2021-01-28,23.78090147857904,17.257283519347688,1.572461018076126,1.7007487229081322,52.80099495044454,86.54018908190031,8.66699892498295,3.5962445818386555
2021-01-29,22.607676802213074,16.405899862164638,1.550389132363402,1.7007487229081322,50.196071404197305,82.27075104483862,8.508918567088777,3.524249223489806
2021-02-01,25.279474756162507,18.344765587639795,1.6006536897623524,1.7007487229081322,56.10319550911363,91.99359104447828,8.842351007094058,3.5829121196625957
2021-02-02,26.43014545820084,19.1797823156797,1.6223012673661905,1.7007487229081322,56.07514391135908,96.18095375716172,8.963258391170992,3.6335756011278773
2021-02-03,24.795300487306456,17.993410840304076,1.5915449151665653,1.7007487229081322,52.60659822512187,90.2316505724934,8.794664655795255,3.6364322666742983
2021-02-04,25.408089120921158,18.43809823776242,1.6030733128892374,1.7007487229081322,53.90671255372189,92.46162676864492,8.896420733509453,3.677762680326637
2021-02-05,24.856215654186617,18.0376156534154,1.592690912713868,1.7007487229081322,52.73583802649155,90.45332467784695,8.831837629612494,3.692238497300667
2021-02-08,27.164761763083323,19.712877407247696,1.6361216100939728,1.7007487229081322,57.63373219385883,98.85426847504331,9.126970999931217,3.718903421652786
2021-02-09,26.81866701997455,19.461723971716086,1.6296105267784287,1.7007487229081322,56.899445182178106,97.5948080405487,9.099935841470279,3.716427352721293
2021-02-10,27.07226677215641,19.64575580195519,1.6343815010510387,1.7007487229081322,57.43749150590995,98.51767341319699,9.123215969185022,3.7148091911265744
2021-02-11,29.893427895248305,21.69301113408851,1.6874560290084113,1.7007487229081322,63.422968060501645,108.78405533495864,9.461154564187035,3.7208079696806124
2021-02-12,30.98137027298502,22.48250728007051,1.7079234981191131,1.7007487229081322,65.73118560305487,112.74314574893454,9.558405667917471,3.739188031864028
2021-02-16,31.529633399831912,22.880369919202316,1.7182379769397842,1.7007487229081322,66.89440030377804,114.73830958688669,9.616982139836084,3.7359495177401305
2021-02-17,29.789188649716362,21.617366978394582,1.6854949752047286,1.7007487229081322,63.201810341046055,108.40472219545529,9.430739937105168,3.736807425076904
2021-02-18,28.892123024844967,20.96638594481976,1.6686184720524897,1.7007487229081322,61.298563758761794,105.14024423337418,9.330484926879073,3.720903118834345
2021-02-19,30.999424634915812,22.495608938259593,1.7082631549821,1.7007487229081322,65.76949038443028,112.80884670214066,9.532121043200581,3.7143321933953657
2021-02-22,27.620527236510764,20.043616508974004,1.6446959297822152,1.7007487229081322,58.60070055779352,100.51282756217212,9.183669070717004,3.6857624080247824
2021-02-23,27.060085868774415,19.63691638502332,1.6341523416131738,1.7007487229081322,57.411648064707705,98.4733463433079,9.095429686473546,3.6902378611471964
2021-02-24,29.609595540246207,21.487040160841456,1.6821162885244447,1.7007487229081322,62.820779163031766,107.75117162819218,9.387934712421877,3.7309031696953228
2021-02-25,24.51508113468455,17.790061744385234,1.5862731461267918,1.7007487229081322,51.980664413417244,89.2119148075498,8.864505038939487,3.6410031819410813
2021-02-26,26.201826072710148,19.014095898286097,1.618005892844952,1.7007487229081322,51.980664413417244,95.35008522136523,9.04736718254299,3.62224346211465
2021-03-01,28.80593015376618,20.903837650975934,1.666996924843309,1.7007487229081322,51.980664413417244,104.82658298014586,9.31959539676575,3.7100473515710526
2021-03-02,26.093068577333565,18.935172946847164,1.6159598371689075,1.7007487229081322,51.980664413417244,94.95430988785058,9.033099955328199,3.6810963436042674
2021-03-03,23.69697438865393,17.196379453658842,1.5708820970268629,1.7007487229081322,51.980664413417244,86.23477314812023,8.748479371984555,3.632337410166812
2021-03-04,20.292353318549395,14.725719914714837,1.506830932174753,1.7007487229081322,51.980664413417244,73.84514395662528,8.323803050733671,3.5873878857756467
2021-03-05,22.167257935800684,16.086297459715997,1.5421035285221218,1.7007487229081322,51.980664413417244,80.66803922128156,8.59077457621565,3.653384152579821
2021-03-08,18.627271751095957,13.51740639816177,1.4753305211194006,1.7007487229081322,51.980664413417244,67.78580790437326,8.11878746579123,3.635193762722596
2021-03-09,21.964206935784716,15.938947760659424,1.4752984944294534,1.7007487229081322,51.980664413417244,79.92912392194025,8.599786886209117,3.687096687111492
2021-03-10,20.79323339686345,15.089197705009907,1.4718836289096473,1.7007487229081322,51.980664413417244,75.66787791495315,8.425184747335573,3.7100473515710535
2021-03-11,23.331470074910243,16.931140914425956,1.4792857918320936,1.7007487229081322,51.980664413417244,84.90468007111386,8.77926956119169,3.7476638183214717
2021-03-12,22.62076561555207,16.415398129626297,1.4772131914936861,1.7007487229081322,51.980664413417244,82.31838205589324,8.669627859859833,3.752710166366278
2021-03-15,24.07601481448376,17.4714408553358,1.4814570792904462,1.7007487229081322,51.980664413417244,87.61412498432144,8.856620005828313,3.775090248894084
2021-03-16,25.030390591332758,18.164010621032713,1.4842402890086626,1.7007487229081322,51.95467408121054,91.08715817686434,8.953494956926997,3.7703287223291992
2021-03-17,26.005075861296042,18.87131854462171,1.487082726527897,1.7007487229081322,53.97779295136649,94.63409888615345,9.037605519818447,3.7831854387365986
2021-03-18,22.817047228278696,16.55783543140433,1.4777856000829441,1.7007487229081322,47.33352862782108,83.03266313114865,8.67563508234467,3.728140714330723
2021-03-19,23.520988956578886,17.068670649207938,1.4798384785264138,1.7007487229081322,47.30986186350717,85.59435114472593,8.774387253563205,3.7212427136757897
2021-03-22,25.043934690896524,18.173839279815756,1.4842797871502174,1.7007487229081322,50.373098381716254,91.1364460029902,8.983535202896569,3.7509564798256174
2021-03-23,23.043609368691328,16.72224665422416,1.478446314621465,1.7007487229081322,46.34966574245499,83.8571369421087,8.758617777847341,3.721433950955165
2021-03-24,22.06850874989141,16.014637321008628,1.4756026658362424,1.7007487229081322,44.38835894265985,80.30868475240368,8.608423043570832,3.702515544875635
2021-03-25,22.21748319512266,16.122744839170167,1.4760371143352418,1.7007487229081322,44.68800452465872,80.85081208388002,8.639963766522017,3.7233447587957373
2021-03-26,25.522009189337677,18.520767556290068,1.4856739775963392,1.7007487229081322,51.312348236050255,92.87618902861094,9.0732768356411,3.7833466289147943
2021-03-29,24.235407593033866,17.587108731629446,1.4819219103779864,1.7007487229081322,51.286692061932236,88.19416528289634,8.927963227980102,3.7814351950929477
2021-03-30,24.052582217617104,17.454436328905764,1.4813887437009396,1.7007487229081322,50.899799095758155,87.52885229752495,8.889662977280574,3.7714035321776045
2021-03-31,25.874126490577613,18.776291431406356,1.4867008438669802,1.7007487229081322,54.754530230189516,94.15756592913596,9.144995029411668,3.7866899949021806
2021-04-01,28.71817706205749,20.840157138919633,1.4949948401959479,1.7007487229081322,60.77307748622893,104.50724398638097,9.497577004260226,3.8275834736248817
2021-04-05,30.47201148716934,22.112876675956958,1.5001094807123172,1.7007487229081322,64.48452181589566,110.88955724327079,9.655656181141424,3.8825199032702598
2021-04-06,29.375027284758243,21.31681907425897,1.4969103874757301,1.7007487229081322,62.163096406816365,106.89756306331819,9.523486066851847,3.8802272468522108
2021-04-07,29.375027284758243,21.31681907425897,1.4969103874757301,1.7007487229081322,62.163096406816365,106.89756306331819,9.501707006625203,3.884718036515852
2021-04-08,30.329813085458785,22.009686385356428,1.4996947929308835,1.7007487229081322,64.18360318631485,110.37208835832293,9.638008304292732,3.9031575669203495
2021-04-09,30.119888860944318,21.85734893661469,1.499082598912625,1.7007487229081322,63.73936394595201,109.60816096479172,9.615479300828527,3.9315348630490083
2021-04-12,29.178647159807543,21.17431028430028,1.4963376915990265,1.7007487229081322,61.74751903487543,106.18292349591285,9.503960379376814,3.932968360167734
2021-04-13,28.907786468472576,20.977752565543295,1.495547790884137,1.7007487229081322,61.174326741127025,105.1972444852119,9.485185816152317,3.9446244444905414
2021-04-14,27.94622462425134,20.279968026884827,1.4927436247114179,1.7007487229081322,59.139480575913225,101.6980607436787,9.394317497031983,3.931153014471531
2021-04-15,29.435966414071288,21.361041276387205,1.4970881019368867,1.7007487229081322,62.29205509453815,107.11932436946495,9.514848728477162,3.973383276206039
2021-04-16,28.9484081171937,21.00723081344047,1.4956662542506987,1.7007487229081322,61.260289809047826,105.34506920768138,9.477676345166408,3.9866634689456735
2021-04-19,26.815365529221843,19.459328151607778,1.4894457434160535,1.7007487229081322,56.74636950692986,97.58279370903782,9.242996666886151,3.967076201874284
2021-04-20,25.535545301423813,18.530590418734143,1.4857134524443174,1.7007487229081322,54.03802859433154,92.92544778780572,9.113453125447506,3.9380319226975904
2021-04-21,27.59409933553378,20.024438355429574,1.4917167351472005,1.7007487229081322,58.39431707163335,100.41665477622263,9.353765054593817,3.9752931450747
2021-04-22,25.71837866431821,18.663268617796803,1.486246642414941,1.7007487229081322,54.42493846351434,93.5907898401082,9.146872249531521,3.9389874831131952
2021-04-23,27.18780563603878,19.729599845181106,1.4905318763103406,1.7007487229081322,57.534522996674504,98.93812657119418,9.357143932708258,3.9816956815508244
2021-04-26,28.582752041375088,20.74188214376712,1.4945999053675547,1.7007487229081322,60.486492608027206,104.01442385898456,9.517102691735255,3.990007460914334
2021-04-27,27.99361965400062,20.314361570230023,1.4928818410310203,1.7007487229081322,59.239777395213125,101.87053422369962,9.461529535805818,3.989147675633736
2021-04-28,26.69348460810321,19.37088181523831,1.489090306729215,1.7007487229081322,56.488446497150036,97.13926140776724,9.310208705659988,3.9880015039200303
2021-04-29,27.296155770056362,19.808227183332477,1.4908478536782528,1.7007487229081322,57.76381230971358,99.332419491224,9.396195898164809,4.01341603067623
2021-04-30,24.98705586271081,18.13256354999814,1.4841139135905497,1.7007487229081322,52.877321524128135,90.92946038680645,9.124342655560827,3.9870462564950624
2021-05-03,24.11352400942269,17.49866046314699,1.4815664659266223,1.7007487229081322,51.028763417816194,87.75062329264875,9.01845539446868,3.995645361263593
2021-05-04,23.00298505747766,16.692766474213993,1.4782943021259005,1.7007487229081322,48.678653602970044,83.70930253066219,8.906559729878726,3.9709945316623463
2021-05-05,23.39573465740889,16.977776325679415,1.4782238108340657,1.7007487229081322,49.50978580950698,85.13854290956478,8.945985485941087,3.972236791501696
2021-05-06,23.971314957741967,17.3954624440945,1.4816922549345999,1.7007487229081322,50.727822250890455,87.23311565179279,9.019581490338,4.003957766608377
2021-05-07,25.007365355825105,18.147301707890232,1.4879354896127293,1.7007487229081322,52.92030024092043,91.00336790355267,9.14687224953152,4.033097820920078
2021-05-10,21.621585414197664,15.690314766524018,1.4675327960920352,1.7007487229081322,45.7553514943755,78.68230275797468,8.741345463123915,3.9931595896223437
2021-05-11,21.743474322793926,15.778766899232455,1.4682672980645604,1.7007487229081322,46.013291407164026,79.12586412617632,8.75824221572207,3.9575224756620613
2021-05-12,19.048392871560218,13.823004845654737,1.4520267502998412,1.7007487229081322,40.309990897748264,69.31829402245359,8.397023493005316,3.8734438007705223
2021-05-13,19.8609802705502,14.412681866151663,1.4569233980283414,1.7007487229081322,42.02957904766593,72.27535043251045,8.492396786109412,3.919974240870569
2021-05-14,21.621585414197664,15.690314766524017,1.4675327960920352,1.7007487229081322,45.7553514943755,78.68230275797468,8.761621684343002,3.980166096306454
2021-05-17,21.05954655093581,15.282455374778987,1.4641459526256702,1.7007487229081322,44.56597128707771,76.6370081528955,8.663995608993782,3.970038345265466
2021-05-18,20.51105178723772,14.884424641817002,1.4608407258376415,1.7007487229081322,43.40525294820183,74.64100137394217,8.616308076682005,3.9358347284239095
2021-05-19,21.70284202410263,15.749280922883319,1.4680224480295516,1.7007487229081322,45.92730580189829,78.97800064779877,8.770633403829981,3.9255157401035463
2021-05-20,23.45667644921448,17.022000459920644,1.478591045776161,1.7007487229081322,49.63875013156502,85.36031390468858,8.988416329512082,3.9677453758567807
2021-05-21,23.11810058504577,16.776303311474415,1.4765507892594256,1.7007487229081322,48.92225976437951,84.12821514131241,8.942982169951916,3.9644971590231264
2021-05-24,24.736504664490138,17.950743989133247,1.4863032843993407,1.7007487229081322,52.347107947172034,90.01768889285175,9.139362188039131,4.0049130140333435
2021-05-25,25.01413074937563,18.152211206999276,1.4879762578414797,1.7007487229081322,52.93461708929081,91.02798759417306,9.199439727445844,3.996026583859794
2021-05-26,25.176657281648275,18.27015318028283,1.4889556419373482,1.7007487229081322,53.27855387601754,91.61943181870632,9.208827009058092,4.0039577666083765
2021-05-27,25.637119391920706,18.604300529324505,1.4917303843824419,1.7007487229081322,54.252978521655336,93.29508226130712,9.253134482242453,4.006058559765775
2021-05-28,26.26010270948069,19.056385987423752,1.4954844788350694,1.7007487229081322,55.571328685347396,95.56215755048711,9.356768961089477,4.013225732368767
2021-06-01,25.962156481510736,18.84017288321367,1.4936890563091756,1.7007487229081322,54.940818289091396,94.47791257651149,9.342876114986982,4.009689877139456
2021-06-02,26.53773411935127,19.25785706951576,1.4971574843655429,1.7007487229081322,56.15884909613864,96.57247562976247,9.397697556159397,4.015995699508662
2021-06-03,25.136030307942065,18.240671068159674,1.488710823990674,1.7007487229081322,53.192579539424266,91.47158771828279,9.236988853894834,4.001090772370926
2021-06-04,26.910176888660757,19.528130695202087,1.499401822688537,1.7007487229081322,56.94700822021952,97.92781818089587,9.442755563087811,4.03768375973745
2021-06-07,26.34813003792127,19.12026550711808,1.4960149310896704,1.7007487229081322,55.757611109913015,95.88249450888559,9.394693649663738,4.0337663689213
2021-06-08,25.847043616435172,18.75663797806624,1.4929953867420696,1.7007487229081322,54.697217762018184,94.0590096548383,9.31734261452063,4.034626780183172
2021-06-09,25.52877458288821,18.52567705539911,1.4910774990882532,1.7007487229081322,54.02370047728873,92.90080871923132,9.288430826446323,4.0286076572377105
2021-06-10,26.4361733413171,19.184156619490352,1.4965454796092745,1.7007487229081322,55.943927340496046,96.20288960114623,9.409712591635552,4.047333887065953
2021-06-11,26.740890287822673,19.405283087035464,1.498381702452253,1.7007487229081322,56.58876585379489,97.31177364369628,9.442755563087811,4.054022183993911
2021-06-14,27.878506788925066,20.23082666508259,1.5052369739749853,1.7007487229081322,58.99617686813993,101.45163130202647,9.570421293900115,4.063098912474924
2021-06-15,27.11331974466944,19.67554705215683,1.5006259605544117,1.7007487229081322,57.3768968061946,98.66706774994455,9.487814751029198,4.0556472313826495
2021-06-16,26.530966063308206,19.252945638293728,1.4971167000926258,1.7007487229081322,56.14452661343205,96.5478462501651,9.407835371515699,4.03300204578507
2021-06-17,27.296155770056373,19.808227183332477,1.5017277295573668,1.7007487229081322,57.76381230971362,99.33241949122404,9.514098194733114,4.031664949782625
2021-06-18,25.27145799111701,18.338947995425176,1.4895269105532014,1.7007487229081322,53.47917005196225,91.96441753465626,9.271908454960466,3.9772759407618437
2021-06-21,25.813182036279482,18.73206536505213,1.4927913370241457,1.7007487229081322,54.62556027379528,93.93578524503515,9.29631526905101,4.034215197495152
2021-06-22,26.138213800884433,18.96793385471532,1.494749976862545,1.7007487229081322,55.31338877255889,95.1185961822855,9.35714393270826,4.055782443337952
2021-06-23,26.44293074739,19.18906032226043,1.4965861997055239,1.7007487229081322,55.95822728585773,96.22748022483556,9.40445590289477,4.050893842574333
2021-06-24,27.817559672134387,20.18659866661538,1.5048697069445558,1.7007487229081322,58.86720127740944,101.22984092894865,9.558030696298694,4.07485734473612
2021-06-25,27.5331575437282,19.980214221188348,1.5031559010969981,1.7007487229081322,58.26535274957537,100.1948837810989,9.520481569849702,4.0893315967569634
2021-06-28,29.55785798516011,21.44949534120864,1.5153567361453306,1.7007487229081322,62.550000641662976,107.56289542664372,9.751406217383764,4.0975757701428215
2021-06-29,30.228236332469372,21.935974342653076,1.5193964328175502,1.7007487229081322,63.968647624654906,110.00244419584462,9.836266133006289,4.099780476191796
2021-06-30,30.160518497143084,21.886832980850837,1.518988365470036,1.7007487229081322,63.825343916881565,109.75601475419235,9.846778329474883,4.103230884977131
2021-07-01,28.826521871089998,20.918780612845026,1.5109497082660128,1.7007487229081322,61.0023555305956,104.90151752845685,9.701465312320375,4.125949623374471
2021-07-02,29.33438966108188,21.287329233683856,1.514010117107367,1.7007487229081322,62.077099532878215,106.74968020698667,9.755160067116984,4.157486246995796
2021-07-06,29.14478824214441,21.14973960339916,1.512867579875662,1.7007487229081322,61.67586718098881,106.05970877508679,9.752157341634296,4.14991406450817
2021-07-07,27.92590980615197,20.265226004766753,1.5055226243270792,1.7007487229081322,59.096490590448525,101.6241338489785,9.616982139836086,4.164578614836478
2021-07-08,26.9372597628032,19.547784148542195,1.4995650239568763,1.7007487229081322,57.0043206883909,98.02637445519358,9.488190313154464,4.13064636087744
2021-07-09,28.284800488420057,20.525665175331053,1.5076852978392357,1.7007487229081322,59.85597094309878,102.93015950705495,9.650024520781859,4.174740168866292
2021-07-12,29.341163042110026,21.292244529131867,1.5140509334686187,1.7007487229081322,62.09143328425728,106.77432896453809,9.776564155724845,4.189692983571532
2021-07-13,28.860380788753137,20.94335129374614,1.5111537419397698,1.7007487229081322,61.074007384482265,105.02473224928298,9.755536219748741,4.175410907801976
2021-07-14,28.54889312371196,20.717311462866004,1.509276718779707,1.7007487229081322,60.414840754140585,103.89120913815852,9.734133312153853,4.181641299427598
2021-07-15,26.69348460810322,19.37088181523831,1.4980960360559932,1.7007487229081322,56.48844649715008,97.13926140776732,9.467162967684846,4.167358910667405
2021-07-16,24.892252490749552,18.063766802742805,1.4871668197491839,1.7007487229081322,52.67669971384725,90.58446498187959,9.26890513897129,4.134672359444726
2021-07-19,24.946418239034443,18.103073709423022,1.4870642083731178,1.7007487229081322,52.791324650189964,90.78157753047492,9.267027918851436,4.073612267981036
2021-07-20,25.962156481510746,18.840172883213672,1.4954202214716392,1.7007487229081322,54.940818289091425,94.47791257651157,9.380425831942464,4.131988777720719
2021-07-21,28.3389688991975,20.564974014124264,1.5149731681505991,1.7007487229081322,59.97060151377775,103.12728174462735,9.650024520781864,4.165442468995361
2021-07-22,27.587331279490723,20.019526924207533,1.508789789861819,1.7007487229081322,58.37999458892679,100.39202539662534,9.591824201495006,4.1741652050656155
2021-07-23,28.135828705681355,20.417559589282508,1.513302026859592,1.7007487229081322,59.54071856213891,102.3880418645557,9.661665175145721,4.217108459471839
2021-07-26,28.068108207862533,20.368416295367286,1.5127449213543065,1.7007487229081322,59.39740922002935,102.14160273392643,9.650774464019428,4.227460937790391
2021-07-27,26.510651245208834,19.23820361617566,1.4999324365663058,1.7007487229081322,56.10153662796731,96.47391935546491,9.480304099030322,4.20819448612221
2021-07-28,27.885280169953223,20.23574196053061,1.5112408788602258,1.7007487229081322,59.010510619519025,101.476280059578,9.649648958656597,4.206468968738905
2021-07-29,29.42242231450754,21.351212617604162,1.523886242948194,1.7007487229081322,62.2633932261163,107.07003654333923,9.83063447264673,4.223914127888776
2021-07-30,30.05894706913875,21.813124802373466,1.5291226404419664,1.7007487229081322,63.61039962389404,109.38638996966807,9.880575968216604,4.203400721521685
2021-08-02,30.61420988887991,22.216066966557488,1.5336905332325026,1.7007487229081322,64.78544044547652,111.4070261282188,9.950415760854348,4.194582836297699
2021-08-03,31.12885105989994,22.589530882844333,1.5379242503322919,1.7007487229081322,65.87451819913821,113.27983756430004,10.040530593698202,4.228707579498662
2021-08-04,32.239390011844975,23.39542487177733,1.5470601454288948,1.7007487229081322,68.22462801398436,117.32115832628661,10.150174657056006,4.2079065347359155
2021-08-05,31.941438458889934,23.179207903341265,1.544609034527382,1.7007487229081322,67.59410634905589,116.23689397435692,10.138907793297957,4.234554244602985
2021-08-06,31.575774395593694,22.913853437328946,1.541600883829902,1.7007487229081322,66.82029224502655,114.90621955872902,10.084464276276755,4.2415524022618465
2021-08-09,31.25074263098875,22.677984947665763,1.5389269964355936,1.7007487229081322,66.13246374626296,113.7234086214787,10.054049649194887,4.238101367495238
2021-08-10,30.099582030322594,21.842612710835596,1.5294569256482442,1.7007487229081322,63.696390863496006,109.53426313702266,9.925256641500292,4.24337338178952
2021-08-11,29.909972623907507,21.705017284211934,1.5278970959427634,1.7007487229081322,63.295141608597916,108.84426263819174,9.898973788302863,4.253918662340634
2021-08-12,28.860380788753147,20.943351293746147,1.5192625848493642,1.7007487229081322,61.074007384482265,105.02473224928302,9.79083256395262,4.266666458006262
2021-08-13,29.442729145129295,21.36594884338327,1.5240532979389083,1.7007487229081322,62.30636630857235,107.14393437110843,9.85466513410553,4.274431129735813
2021-08-16,29.12447342404505,21.134997581281095,1.5214351539497875,1.7007487229081322,61.63287719552407,105.98578188038658,9.812234881041022,4.284496282649345
2021-08-17,27.39772719806073,19.88193536180986,1.50711730968869,1.7007487229081322,57.97875660270117,99.70204427574848,9.62636883094186,4.256410067813354
2021-08-18,26.178848762068288,18.997421763177453,1.5069844355437618,1.7007487229081322,55.399380012160876,95.26646934964019,9.502082568750485,4.209822976407959
2021-08-19,26.835690997291415,19.474077902177818,1.5136522115908453,1.7007487229081322,56.7893820297396,97.65675935964632,9.585440826378429,4.216342884373062
2021-08-20,27.377409717468808,19.867191407578794,1.519151338950444,1.7007487229081322,57.93576098290018,99.62810769207118,9.626744983573616,4.249891098820162
2021-08-23,29.584940859302566,21.46914879454875,1.5415605606499438,1.7007487229081322,62.60731310983434,107.66145170094144,9.903479352793113,4.287275952498995
2021-08-24,29.612029058430096,21.48880611211484,1.5418355399914287,1.7007487229081322,62.664636846678164,107.76002735319315,9.910237699528484,4.294081620915931
2021-08-25,30.323042366923207,22.00477302202141,1.5490532206661767,1.7007487229081322,64.16927506927209,110.3474492897487,10.018001590234,4.303092308372481
2021-08-26,30.25531920661183,21.955627795993188,1.5483657452848112,1.7007487229081322,64.02596009282627,110.10100047014237,10.033397275344056,4.277689988251134
2021-08-27,32.029473774808146,23.24309321937457,1.5663756488800402,1.7007487229081322,67.78040567663022,116.55725999968651,10.214757170446484,4.315936192163751
2021-08-30,32.32741734028556,23.459304391471658,1.5694001513598452,1.7007487229081322,68.41091043854999,117.6414952846851,10.247049608154693,4.334917196370737
2021-08-31,31.521605984816265,22.87454459853574,1.561220151100512,1.7007487229081322,66.70566167434762,114.70909732115669,10.169323601392803,4.328494315503189
2021-09-01,31.12208300385688,22.5846194516223,1.557164489603965,1.7007487229081322,65.86019571643162,113.25520818470267,10.153553535170452,4.33079479668717
2021-09-02,31.352316721485632,22.751695058256125,1.5595016518406692,1.7007487229081322,66.34741367358674,114.09304309498008,10.178335911386268,4.344118808116022
2021-09-03,31.98884413860939,23.213609175138423,1.5659632068954656,1.7007487229081322,67.69442570570074,116.40940621028597,10.26169416901421,4.343063403687126
2021-09-07,31.67057510506243,22.982648252471297,1.5627323753127615,1.7007487229081322,67.02090842097128,115.25120527467898,10.240667414051076,4.327535312190573
2021-09-08,30.438157894491308,22.08830985928183,1.5502217882707023,1.7007487229081322,64.41288123068155,110.76636190039888,10.10548985022692,4.322262358924379
2021-09-09,30.84444893149376,22.383146437417302,1.5543461540611412,1.7007487229081322,65.27266967130416,112.24488041645029,10.14716897904089,4.303763047308162
2021-09-10,31.54869418394379,22.89420191610183,1.561495130441997,1.7007487229081322,66.76298541119147,114.8076729734084,10.223769480439948,4.269829854377212
2021-09-13,32.41544733121867,23.52318584327898,1.570293766650539,1.7007487229081322,68.59719849745187,117.96184193206061,10.300369981839006,4.280756983505803
2021-09-14,32.41544733121867,23.52318584327898,1.570293766650539,1.7007487229081322,68.59719849745187,117.96184193206061,10.307128919080863,4.257655457559075
2021-09-15,32.90300296560372,23.876994374112726,1.5752430704654328,1.7007487229081322,69.62895814860596,119.73608740486716,10.34317461601581,4.29321870572896
2021-09-16,33.22803473020866,24.11286286377591,1.5785425522867227,1.7007487229081322,70.31678664736955,120.91889834211747,10.358192376974651,4.286412724321386
2021-09-17,31.657038992976293,22.972825390027225,1.5625949667249779,1.7007487229081322,66.99226345555809,115.20194651548418,10.17570697650939,4.244659460318088
2021-09-20,29.3208508865032,21.27750443912679,1.5388797147778626,1.7007487229081322,62.04844893312879,106.70041175881488,9.927885576377175,4.173882574520155
2021-09-21,29.523993742511887,21.42492079608154,1.5409418706454292,1.7007487229081322,62.47833751910387,107.43966132786358,9.948912331340308,4.169939518471748
2021-09-22,31.32522852235811,22.732037740690043,1.5592266724991841,1.7007487229081322,66.29008993674296,113.99446744272838,10.128395596829368,4.210617346645366
2021-09-23,32.57119249498553,23.636206724775544,1.5718747762396388,1.7007487229081322,68.92678462979083,118.52860833211135,10.25568635602289,4.261775979298818
2021-09-24,32.46962106698119,23.56249854629817,1.5708436983058556,1.7007487229081322,68.71184033680329,118.158983547587,10.227901844830873,4.268796359292926
2021-09-27,32.29356374760749,23.43473757479652,1.569056494752121,1.7007487229081322,68.33926985333582,117.518299941813,10.191478223744712,4.256583464626404
2021-09-28,28.596290815953786,20.75170693832419,1.5315245174047196,1.7007487229081322,60.51514320777674,104.06369230715649,9.781069129708621,4.170805563565092
2021-09-29,27.16749081793942,19.71485782306304,1.5170203977060268,1.7007487229081322,57.49153301120983,98.86419967649401,9.633502739802502,4.177825317577925
2021-09-30,27.113319744669443,19.675547052156837,1.5164704930783628,1.7007487229081322,57.376896806194644,98.66706774994464,9.62261380019567,4.126762773050117
2021-10-01,27.133634562768822,19.69028907427491,1.5165389937864584,1.7007487229081322,57.4198867916594,98.74099464464491,9.630874985938597,4.175805901986219
2021-10-04,25.06830981012325,18.191527774244456,1.5164610082527892,1.699898348546678,53.049270197314755,91.2251485876536,9.380049088804235,4.1219546108802785
2021-10-05,26.172075381040123,18.99250646772943,1.5233284634378874,1.7747454078576566,55.38504626078183,95.24182059208873,9.511844821981517,4.164843404915616
2021-10-06,26.4497067909107,19.19397754982144,1.5250558422540959,1.7935717738439703,55.97256667157307,96.25213867136408,9.540757791068799,4.182151787156997
2021-10-07,27.350326843326354,19.847537954238682,1.5306593580836643,1.8546434037769604,57.878448514728845,99.5295514177735,9.659411802394121,4.218310343518981
2021-10-08,26.632542816297637,19.326657680997087,1.5261934191487287,1.805970003320318,56.35948217509209,96.91749041264357,9.565539576778127,4.210617346645367
2021-10-11,25.98923935565319,18.859826336553787,1.5221908865432547,1.7623471783813087,54.998130757262814,94.57646885080925,9.50846653437356,4.180132371565289
2021-10-12,25.088624628222625,18.20626979636253,1.516587403844903,1.7012759095390115,53.09226018277951,91.29907548235389,9.412341526512442,4.169843743336742
2021-10-13,25.494910340239993,18.501102510272023,1.519115249424746,1.7288264072042963,53.952037354729654,92.77757462045125,9.492695877644723,4.184845071590758
2021-10-14,27.79724219154248,20.171854712384324,1.5334399948477349,1.8840846102233102,58.82420565760851,101.15590434527142,9.777689661087688,4.255236978904841
2021-10-15,28.332203505646984,20.56006451501523,1.5367684397160797,1.8840846102233102,59.95628466540743,103.10266205400703,9.859545670214557,4.287643090516521
2021-10-18,29.02290199604071,21.061289402803723,1.5410658567167328,1.8840846102233102,61.417932902536585,105.61615709586226,9.937272267482932,4.3003370517925354
2021-10-19,30.086035268266283,21.832782119939562,1.5476805041519952,1.8840846102233102,63.66772336073791,109.4849656219198,10.05104515219274,4.333514372334464
2021-10-20,29.930287442006886,21.719759306330012,1.546711465757253,1.8840846102233102,63.33813159406273,108.91818953289204,10.006737088501891,4.350535116180188
2021-10-21,30.871537130621288,22.402803754983395,1.5525677727710492,1.8840846102233102,65.32999340814801,112.343456068702,10.120884354323996,4.3618822787440035
2021-10-22,29.82871335151,21.646049195739646,1.5460794877966841,1.8840846102233102,63.123181666738965,108.54855505939067,10.031519464717707,4.357361754969821
2021-10-25,30.51264378586066,22.142362652306105,1.5503347950207773,1.8840846102233102,64.57050742116152,111.03742072164853,10.082210903525144,4.380729948939509
2021-10-26,30.444925950534376,22.09322129050387,1.5499134653366589,1.8840846102233102,64.4272037133882,110.79099127999628,10.139660098561464,4.384672691997279
2021-10-27,29.85580687562262,21.665710377531724,1.5462480594277916,1.8840846102233102,63.18051667225528,108.64715008959647,10.054049649194885,4.365248180057273
2021-10-28,31.826325593814378,23.09567299819385,1.5585083159035742,1.8840846102233102,67.35050582198276,115.81799105268381,10.24554617864064,4.407367330115549
2021-10-29,32.266478210972515,23.415082189343433,1.5612468760223013,1.8840846102233102,68.28195175082827,117.41973397853837,10.274836481372647,4.416310411594446
2021-11-01,33.830705892161824,24.550208231870084,1.5709792537870237,1.8840846102233102,71.59215245993315,123.1120564255743,10.392738187434462,4.423908259314328
2021-11-02,35.09021662684557,25.46420780685163,1.578815730801256,1.8840846102233102,74.25751465573919,127.69549483006017,10.507261015381836,4.441793796290846
2021-11-03,36.34294865551606,26.373288222159168,1.5866100317764942,1.8840846102233102,76.90853183149368,132.25426509904054,10.611272827873588,4.468912870057654
2021-11-04,40.00636799449172,29.03175204195637,1.6094032487398928,1.8840846102233102,84.66101789183857,145.585677390825,11.05059193846453,4.489972445086791
2021-11-05,41.24555858609099,29.931005730593856,1.6171132970307944,1.8840846102233102,87.28337883350737,150.09516952265653,11.136954693094617,4.505550615085308
2021-11-08,43.02648121033038,31.223382585197275,1.6281939165322088,1.8840846102233102,91.05214690001793,156.5760584317981,11.33746471354681,4.50939664403616
2021-11-09,42.93168050086165,31.154587770054928,1.6276040814794166,1.8840846102233102,90.85153072407324,156.23107271584817,11.352483655518622,4.494491716898424
2021-11-10,39.2411809502361,28.476472429030615,1.6046423757129527,1.8840846102233102,83.04173782989324,142.8011138387431,10.994269429804012,4.458333786517714
2021-11-11,41.73988760150419,30.28972955687562,1.6201889341493028,1.8840846102233102,88.32947223604054,151.89406375301456,11.192151696392298,4.459776673355559
2021-11-12,42.89781892070596,31.130015157040816,1.6273934000717492,1.8840846102233102,90.77987323585033,156.107848306045,11.305924581102106,4.493432556581881
2021-11-15,42.79625015519416,31.056308910676435,1.6267614552423968,1.8840846102233102,90.56493457719904,155.7382332104977,11.290905639130292,4.494972783507918
2021-11-16,44.79387038497617,32.50593850946961,1.639190333046112,1.8840846102233102,94.79227563545153,163.0076982707219,11.437345342660604,4.512762545349429
2021-11-17,43.690088839104035,31.704948223306687,1.632322778467363,1.8840846102233102,92.45646576596705,158.99096813242463,11.369380408116772,4.501799735288189
2021-11-18,46.03304766411273,33.40518253754214,1.6469002985089711,1.8840846102233102,97.41460840543917,167.51714195766831,11.6491198648449,4.517090579881686
2021-11-19,46.45965351921456,33.71476113779569,1.6495545728121448,1.8840846102233102,98.31738683152653,169.06958736842,11.722715869241812,4.509012917514859
2021-11-22,44.30630942560604,32.15212611440988,1.636156805704163,1.8840846102233102,93.76050471562498,161.23343341996127,11.545860357616657,4.496318643248205
2021-11-23,43.83906860932037,31.813059605694207,1.6332497070855452,1.8840846102233102,92.77173504993563,159.533114841855,11.462126537863448,4.502280801897682
2021-11-24,45.288178100449024,32.864646878847445,1.6422658376397532,1.8840846102233102,95.83832396329481,164.8065149892637,11.5777772331996,4.514301520312916
2021-11-26,41.55704625113217,30.15704556147399,1.6190513241234532,1.8840846102233102,87.94254546384904,151.22869263378104,11.242092010949197,4.413617753141955
2021-11-29,46.32423382351725,33.61649000686916,1.6487120128375583,1.8840846102233102,98.03081322199725,168.57678661897765,11.69342792853575,4.467757934606102
2021-11-30,43.79166292960092,31.778658333897045,1.6329547564279319,1.8840846102233102,92.6714156932908,159.360602605926,11.448608663379735,4.380826663046426
2021-12-01,42.769164618559174,31.03665352522333,1.626592933308114,1.8840846102233102,90.50761647469143,155.63966724722303,11.40805622094157,4.33216663465035
2021-12-02,42.83010374787222,31.080875727351568,1.6269720869532387,1.8840846102233102,90.63657516241322,155.8614285533698,11.4377197237729,4.398520649752931
2021-12-03,42.61341412980723,30.92362877950079,1.6256238783477635,1.8840846102233102,90.17801907368,155.07288146921823,11.307801210715473,4.360247528645507
2021-12-06,42.38995645569917,30.76147040042797,1.6242335599657283,1.8840846102233102,89.70514050224018,154.25970500546927,11.26461983340043,4.411887227908453
2021-12-07,48.74844393344583,35.37568661323794,1.6637950655507963,1.8840846102233102,103.1608989003197,177.39863895609136,11.810952891459323,4.503146534000386
2021-12-08,47.86814402411464,34.736872095164756,1.6583179784445583,1.8840846102233102,101.29801831130115,174.19517248233626,11.759887071539591,4.515070851299341
2021-12-09,44.62457313416792,32.38308317285103,1.6381369922702071,1.8840846102233102,94.43401073168195,162.3916149776142,11.475268850221893,4.484586502200538
2021-12-10,45.77573373483408,33.2184554096812,1.6452993318504845,1.8840846102233102,96.8700836144489,166.58076046207026,11.548113730368268,4.526802053375095
2021-12-13,42.21389114884785,30.633703632587352,1.6231381094132638,1.8840846102233102,89.33255311576401,153.6189923327642,11.24847420505281,4.486702631899163
2021-12-14,41.65862832910669,30.23076146840333,1.619683351780847,1.8840846102233102,88.15751229418152,151.59835617421348,11.183514948524097,4.455833930297786
2021-12-15,46.127864348536725,33.47398894536243,1.6474902329554135,1.8840846102233102,97.61525838740125,167.8621858074804,11.64611418682978,4.525456193634806
2021-12-16,40.10793942249607,29.105460220433738,1.6100352101348532,1.8840846102233102,84.8759621848261,145.95530217534937,11.139958009083784,4.485548948410163
2021-12-17,39.925108722094215,28.972783953484072,1.6088976663714372,1.8840846102233102,84.48905794997954,145.28996981202394,11.087766683801219,4.437808799497043
2021-12-20,38.97032025890113,28.279914710273623,1.6029571232389126,1.8840846102233102,82.46854553614482,141.81543482804216,11.004453304666233,4.390620140086804
2021-12-21,43.00986193188002,31.21132233591011,1.628090514004558,1.8840846102233102,91.01697737324585,156.51557983720846,11.401957469951363,4.468593306616993
2021-12-22,44.28322029027737,32.13537083055563,1.6360131487480936,1.8840846102233102,93.71164375180447,161.14941061120106,11.537481070576472,4.513273033078827
2021-12-23,45.658195339052284,33.13316034959935,1.6445680265019322,1.8840846102233102,96.6213502070666,166.15303088232739,11.636762926113194,4.5413554920271695
2021-12-27,49.43763012807541,35.87581406084778,1.6680830732858771,1.8840846102233102,104.619346834468,179.90663065899648,11.95008566772852,4.6056256154667645
2021-12-28,47.764642289016976,34.66176313476921,1.657674006983506,1.8840846102233102,101.07898912454404,173.8185231894689,11.832305606002876,4.601861590062879
2021-12-29,48.089753928398196,34.89768958782211,1.6596968002943624,1.8840846102233102,101.76698665339465,175.00162479602997,11.830418347272754,4.607748004978135
2021-12-30,46.30164523678657,33.60009796025714,1.6485714702158685,1.8840846102233102,97.98301151338876,168.49458533789814,11.696028519101285,4.595010538003538
2021-12-31,46.064571575816096,33.42805875535053,1.6470964353124609,1.8840846102233102,97.48131894644871,167.63185944564367,11.656768104855079,4.583430197414951
2022-01-03,48.83480986653988,35.43836049442615,1.6643324207561687,1.8840846102233102,103.34366549907539,177.7129299928264,11.913845103653104,4.609968047568336
2022-01-04,48.137178245565444,34.9321043844102,1.6599918669112346,1.8840846102233102,101.8673454503931,175.1742048547982,11.851935222619494,4.608423751764015
2022-01-05,43.35529637683824,31.461996607420065,1.630239752604354,1.8840846102233102,91.74798179056994,157.77263740540099,11.445370325809025,4.519932221877517
2022-01-06,44.39158906174274,32.21401169349794,1.6366874021413067,1.8840846102233102,93.9409725051972,161.54377135407015,11.558997945923212,4.515685877901588
2022-01-07,40.4631319026226,29.36321568605414,1.6122451616894458,1.8840846102233102,85.62761644444747,147.24786984433828,11.20754738150235,4.497832578960709
2022-01-10,40.639237146862065,29.49101143558962,1.6133408607260358,1.8840846102233102,86.00028834596716,147.88872785169875,11.221890784053869,4.492236306366208
2022-01-11,42.86762359278133,31.108103063614738,1.6272055295068522,1.8840846102233102,90.71597422862156,155.99796561760536,11.448388994966844,4.53315263340543
2022-01-12,43.74136312048776,31.74215685527915,1.6326417989539852,1.8840846102233102,92.56497181315974,159.177558451971,11.546161515924657,4.545407781807984
2022-01-13,40.77470476742514,29.589317344549976,1.6141837188815733,1.8840846102233102,86.28696337354863,148.38170300272756,11.345333802982852,4.482779294260903
2022-01-14,43.67363463519131,31.693007765024948,1.6322204030074332,1.8840846102233102,92.42164556804147,158.93109025441063,11.585798673309103,4.484613106404706
2022-01-18,37.91640719835028,27.515112900424143,1.5963998425055497,1.8840846102233102,80.23826678432152,137.98017922942208,11.06749341511457,4.405191419205201
2022-01-19,34.42143045007674,24.978884208975558,1.5745475664038366,1.8840846102233102,72.84223700581514,125.26174006912032,10.761719708419731,4.359449715511089
2022-01-20,31.149977938224815,22.60486219942455,1.574490051525632,1.8840846102233102,65.9192266571544,113.3567195969931,10.432165124509792,4.311199704849845
2022-01-21,29.605676351223675,21.484196090519344,1.5687872983574611,1.8840846102233102,62.65119332042412,107.73690945401181,10.25851606310509,4.226567349520965
2022-01-24,30.784228675167213,22.33944590579653,1.573139423004484,1.8840846102233102,65.14523225436558,112.02573513410042,10.389884860092799,4.244516736587488
2022-01-25,27.20612067728946,19.74289067268888,1.5599831266805222,1.8840846102233102,57.605853693395964,99.06078902033016,9.978410492355474,4.192694876773646
2022-01-26,27.20612067728946,19.74289067268888,1.5648104209470322,1.8840846102233102,60.3721944631862,103.817873271057,10.122237795190525,4.18217745238925
2022-01-27,27.20612067728946,19.74289067268888,1.5504035561324945,1.8831425679181986,52.08597604204869,89.62054741357683,9.690002990915374,4.161526643132396
2022-01-28,27.20612067728946,19.74289067268888,1.5555310206587436,1.9893158742957326,52.059933054027674,94.67343613287498,9.878751893680512,4.264878968476773
2022-01-31,27.20612067728946,19.733019227352536,1.5709633901769038,2.3078759765319306,60.39657672655248,109.88135136098718,10.396302484585592,4.3416946956303155
2022-02-01,27.20612067728946,20.32172842118476,1.5742899412964646,2.3078759765319306,60.39657672655248,113.15951984760456,10.440847931883921,4.371030682080951
2022-02-02,27.20612067728946,21.839992275748177,1.5828690196905189,2.3078759765319306,60.39657672655248,121.61382084127729,10.707361224332553,4.413490991933857
2022-02-03,27.20612067728946,18.869859215253637,1.566086031483188,2.3078759765319306,60.39657672655248,105.07493083924942,10.232468821995681,4.3097518101618055
2022-02-04,27.20612067728946,19.23725349364251,1.56816202394415,2.3078759765319306,60.39657672655248,107.1207292711339,10.287959897523526,4.330017014953536
2022-02-07,27.20612067728946,19.215119044110267,1.5680369513639292,2.3078759765319306,60.36637843818921,106.99747579439968,10.304192920831113,4.316120856639742
2022-02-08,27.20612067728946,20.627152852856323,1.5760157678943212,2.3078759765319306,64.80243564244626,114.86024536274589,10.515213956738927,4.3516337133170255
2022-02-09,27.20612067728946,22.58363217634878,1.5870710198797635,2.3078759765319306,70.94892742203474,125.7547055311721,10.881388209888467,4.415324491087023
2022-02-10,27.20612067728946,20.547478578500417,1.5755655616645972,2.3078759765319306,64.55213027683725,114.416587104774,10.555605781412828,4.336000456966348
2022-02-11,27.20612067728946,17.491820566282815,1.5583573601132372,2.3078759765319306,54.95244955043798,97.45866822437162,10.013140540839007,4.250499239628387
2022-02-14,27.20612067728946,17.491820566282815,1.5584824228614813,2.3078759765319306,54.95244955043798,97.58191201212883,10.006347354220948,4.236603707295868
2022-02-15,27.20612067728946,17.483074655999676,1.574540047128998,2.3078759765319306,54.95244955043798,113.4059880451649,10.550698672511917,4.304927372478828
2022-02-16,27.20612067728946,17.517277112758116,1.574765179739791,2.3078759765319306,54.95244955043798,113.62784624108194,10.548433489630582,4.3097518101618055
2022-02-17,27.20612067728946,15.521197106922227,1.5616839308967527,2.3078759765319306,54.95244955043798,100.73685608894304,10.1256367505255,4.217689057103985
2022-02-18,27.20612067728946,15.521197106922227,1.5585824533961223,2.3078759765319306,54.95244955043798,97.68048766438055,10.013140540839007,4.190379372039076
2022-02-22,27.20612067728946,15.521197106922227,1.5560312519877648,2.3078759765319306,54.95244955043798,95.16639190594975,9.944437473187337,4.145409503256488
2022-02-23,27.20612067728946,15.521197106922227,1.5492780405581854,2.3078759765319306,54.95244955043798,88.5114017686471,9.736058363299101,4.0718757959254255
2022-02-24,27.20612067728946,15.521197106922227,1.55935782277128,2.3078759765319306,54.95244955043798,98.44457977052116,10.070144493984682,4.133154041863296
2022-02-25,27.20612067728946,15.521197106922227,1.5639600237549052,2.3078759765319306,54.92497332566277,102.97984458123904,10.210574022497731,4.224348558893313
2022-02-28,27.20612067728946,15.521197106922227,1.5620340869278815,2.3078759765319306,53.912702478369255,101.08191931670915,10.12261571934174,4.213540366206886
2022-03-01,27.20612067728946,15.521197106922227,1.5509538420567446,2.3078759765319306,48.08893468570569,90.16282976868554,9.80325268687835,4.149366643883572
2022-03-02,27.20612067728946,15.521197106922227,1.559808048664958,2.3078759765319306,52.742698557732005,98.88825740644711,10.124125053920649,4.225699739474434
2022-03-03,27.20612067728946,15.521197106922227,1.5533799905488352,2.3078759765319306,49.36411638184882,92.55369142833615,9.905931726230587,4.204661760799268
2022-03-04,27.20612067728946,15.521197106922227,1.5464266885540427,2.3078759765319306,45.709466445779235,85.701520919599,9.639418433781954,4.170500710684381
2022-03-07,27.20612067728946,15.521197106922227,1.5334085218798552,2.3078759765319306,38.86371706473797,72.90915002010844,9.159617741531198,4.04755798836224
2022-03-08,27.20612067728946,15.521197106922227,1.5333601830634642,2.3078759765319306,38.86371706473797,76.80354713448887,9.297782677669398,4.016870195349208
2022-03-09,27.20612067728946,15.521197106922227,1.5450570504439753,2.3078759765319306,38.86371706473797,86.09588166246803,9.70170564846029,4.124565578776433
2022-03-10,27.20612067728946,15.521197106922227,1.5382933355472415,2.3078759765319306,38.86371706473797,80.72258816193222,9.491817203993143,4.105941070905305
2022-03-11,27.20612067728946,15.521197106922227,1.531901950728918,2.3078759765319306,38.86371706473797,75.64508459650222,9.278529213684536,4.0537342326076145
2022-03-14,27.20612067728946,15.521197106922227,1.5232766647150857,2.3078759765319306,38.86371706473797,68.79290439878804,9.010506586656994,4.024107477854949
2022-03-15,27.20612067728946,15.521197106922227,1.5344460975157468,2.3078759765319306,38.86371706473797,77.66622942634676,9.388004392187266,4.112599320732085
2022-03-16,27.20612067728946,15.521197106922227,1.5493076394541687,2.3078759765319306,38.86371706473797,89.47267424622225,9.885169518173301,4.203793837762102
2022-03-17,27.20612067728946,15.521197106922227,1.5513243211707795,2.3078759765319306,38.86371706473797,91.07478535320377,9.947079399206913,4.256386906506191
2022-03-18,27.20612067728946,15.521197106922227,1.5582121562571065,2.3078759765319306,38.86371706473797,96.54668357292236,10.161876133587942,4.303006548937863
2022-03-21,27.20612067728946,15.521197106922227,1.5576847216772562,2.3078759765319306,38.844285206205605,96.1276740725019,10.138094075359868,4.301747387604101
2022-03-22,27.20612067728946,15.521197106922227,1.5595373164300486,2.3078759765319306,39.439007748113504,97.59942968258993,10.20793091546518,4.352083480862791
2022-03-23,27.20612067728946,15.521197106922227,1.5505380843483076,2.3078759765319306,36.550061759895684,90.45017576031414,9.952741175397279,4.296036873426994
2022-03-24,27.20612067728946,15.513436508368766,1.5672952246543888,2.3078759765319306,41.91118719580434,103.76253952326756,10.437073414423676,4.360795888242015
2022-03-25,27.20612067728946,15.48394901959244,1.5670469598829084,2.3078759765319306,41.89023160220644,103.56531070694793,10.39365937755304,4.3820927101742075
2022-03-28,27.20612067728946,15.741957303437554,1.5692192156526243,2.3078759765319306,42.588246478894796,105.29101440485954,10.46915917486169,4.413263134749919
2022-03-29,27.20612067728946,16.799779678486164,1.578125366739281,2.3078759765319306,45.45007612123682,112.36632205448099,10.705850708740671,4.467858717591303
2022-03-30,27.20612067728946,15.240693171672753,1.5649989096758161,2.3078759765319306,41.2321279236776,101.93827955105824,10.395169893144923,4.440270783849856
2022-03-31,27.20612067728946,14.285825635770433,1.5570237270899159,2.3078759765319306,38.66944807406059,95.60256058468134,10.184526781388323,4.371928652219296
2022-04-01,27.20612067728946,14.285825635770433,1.5492968092754957,2.3078759765319306,36.186543592642266,89.46407043462406,10.019559346344774,4.384319638558429
2022-04-04,27.20612067728946,14.285825635770433,1.5544791229475685,2.3078759765319306,37.851785821114326,93.58105241819837,10.18490234351359,4.421878202040951
2022-04-05,27.20612067728946,14.285825635770433,1.5387150051389666,2.3078759765319306,32.78627332406945,81.05757485359239,9.745495247456194,4.366023144875167
2022-04-06,27.20612067728946,14.285825635770433,1.5313131272295926,2.3078759765319306,30.423026016434104,75.214913394549,9.543911686211962,4.32236658480659
2022-04-07,27.20612067728946,14.285825635770433,1.5312612087757933,2.3078759765319306,30.423026016434104,75.214913394549,9.545421020790869,4.344145725310827
2022-04-08,27.20612067728946,14.285825635770433,1.5237057178295967,2.3078759765319306,28.209353605161272,69.74204627712791,9.318544885726682,4.332530642761502
2022-04-11,27.20612067728946,14.285825635770433,1.5175345736446275,2.3078759765319306,26.414486200891425,65.30459168947677,9.109033184397777,4.258477683963198
2022-04-12,27.20612067728946,14.285825635770433,1.5175345736446275,2.3078759765319306,26.16519993230062,64.688280705409,9.05995855234975,4.2426988869661875
2022-04-13,27.20612067728946,14.285825635770433,1.5175345736446275,2.3078759765319306,27.95010129406068,69.10109622448573,9.275132029869022,4.291293500319071
2022-04-14,27.20612067728946,14.285825635770433,1.5175345736446275,2.3078759765319306,25.536998300311186,63.13517644421961,8.992763638264016,4.237858486760707
2022-04-18,27.20612067728946,14.285825635770433,1.5175345736446275,2.3078759765319306,26.903086817048198,66.51256005557234,9.146782492545617,4.2396015316197
2022-04-19,27.20612067728946,14.285825635770433,1.5175345736446275,2.3078759765319306,28.6680462962636,70.87607321505766,9.341571686158817,4.308040377357178
2022-04-20,27.20612067728946,14.285825635770433,1.5175345736446275,2.3078759765319306,28.41875806816778,70.25975738650138,9.324584586068264,4.304845055941224
2022-04-21,27.20612067728946,14.285825635770433,1.5175345736446275,2.3078759765319306,26.13528416922611,64.61431989928913,9.06901810286212,4.240472584563239
2022-04-22,27.20612067728946,14.285825635770433,1.5175345736446275,2.3078759765319306,24.380304449055608,60.2754797197978,8.861016917125095,4.124118002165129
2022-04-25,27.20612067728946,14.285825635770433,1.5175345736446275,2.3078759765319306,25.596825907450174,63.2830883674823,9.01428110411724,4.14802704395603
2022-04-26,27.20612067728946,14.285825635770433,1.5175345736446275,2.3078759765319306,22.366060660754417,55.29566042073322,8.62998834044945,4.0278971684910925
2022-04-27,27.20612067728946,14.285825635770433,1.5175345736446275,2.3078759765319306,21.887428046612452,54.11233596770059,8.588463333828397,4.039222734700936
2022-04-28,27.20612067728946,14.285825635770433,1.5175345736446275,2.3078759765319306,25.496136863708365,63.06121079361124,9.07883291117043,4.1412517356309095
2022-04-29,27.20612067728946,14.285825635770433,1.5175345736446275,2.3078759765319306,25.496136863708365,54.82725651543965,8.676797789616145,3.988208703721905
2022-05-02,27.20612067728946,14.285825635770433,1.5175345736446275,2.3078759765319306,25.496136863708365,60.39873804102056,8.929343241638527,4.01221602457291
2022-05-03,27.20612067728946,14.285825635770433,1.5175345736446275,2.3078759765319306,25.496136863708365,61.902539942618546,9.002578446572327,4.030607980400542
2022-05-04,27.20612067728946,14.285825635770433,1.5175345736446275,2.3078759765319306,25.496136863708365,69.07642808898022,9.311372003437956,4.153350701705462
2022-05-05,27.20612067728946,14.285825635770433,1.5175345736446275,2.3078759765319306,25.496136863708365,59.14145278186804,8.874228909248922,4.0057289806247205
2022-05-06,27.20612067728946,14.285825635770433,1.5175345736446275,2.3078759765319306,25.496136863708365,57.56369007415019,8.7832525274416,3.9818202518244568
2022-05-09,27.20612067728946,14.285825635770433,1.5175345736446275,2.3078759765319306,25.496136863708365,48.61481524823953,8.338559807825595,3.8543322794677892
2022-05-10,27.20612067728946,14.285825635770433,1.5175345736446275,2.3078759765319306,25.496136863708365,51.992213393057796,8.55411120949608,3.8632390540327624
2022-05-11,27.20612067728946,14.285825635770433,1.5175345736446275,2.3078759765319306,25.496136863708365,47.20961806582433,8.29174917764593,3.8018665979130715
2022-05-12,27.20612067728946,14.285825635770433,1.5175345736446275,2.3078759765319306,25.496136863708365,47.85059718539758,8.331009591892135,3.7978975636417696
2022-05-13,27.20612067728946,14.285825635770433,1.5175345736446275,2.3078759765319306,25.496136863708365,55.4435674995074,8.767774761929957,3.888697086487543
2022-05-16,27.20612067728946,14.285825635770433,1.5175345736446275,2.3078759765319306,25.496136863708365,52.68248518324542,8.626213232482725,3.8729189154718062
2022-05-17,27.20612067728946,14.285825635770433,1.5175345736446275,2.3078759765319306,25.496136863708365,60.59595232387464,9.038818420141258,3.952585361349661
2022-05-18,27.20612067728946,14.285825635770433,1.5175345736446275,2.3078759765319306,25.496136863708365,51.4005608555185,8.606960359004349,3.793251217631402
2022-05-19,27.20612067728946,14.285825635770433,1.5175345736446275,2.3078759765319306,25.496136863708365,50.56236260860264,8.609225541885683,3.770018861598292
2022-05-20,27.20612067728946,14.285825635770433,1.5175345736446275,2.3078759765319306,25.496136863708365,50.19258280044591,8.613377983497141,3.771664253378454
2022-05-23,27.20612067728946,14.285825635770433,1.5175345736446275,2.3078759765319306,25.496136863708365,50.858200988593566,8.682460156312997,3.842232374421323
2022-05-24,27.20612067728946,14.285825635770433,1.5175345736446275,2.3078759765319306,25.496136863708365,47.08636458909009,8.453318247860988,3.812902021802158
2022-05-25,27.20612067728946,14.285825635770433,1.5175345736446275,2.3078759765319306,25.496136863708365,49.773495788209246,8.629233082653512,3.8465888911015718
2022-05-26,27.20612067728946,14.285825635770433,1.5175345736446275,2.3078759765319306,25.496136863708365,55.56683066521866,8.917641765106584,3.92344874993497
2022-05-27,27.20612067728946,14.285825635770433,1.5175345736446275,2.3078759765319306,25.496136863708365,62.272329439752305,9.27135751240878,4.019766610706563
2022-05-31,27.20612067728946,14.285825635770433,1.5175345736446275,2.3078759765319306,25.496136863708365,61.28622895855077,9.232852355958517,3.997211253421882
2022-06-01,27.20612067728946,14.285825635770433,1.5175345736446275,2.3078759765319306,25.496136863708365,58.45118099168041,9.08109868455825,3.964879320591238
2022-06-02,27.20612067728946,14.285825635770433,1.5175345736446275,2.3078759765319306,25.496136863708365,64.5896711417377,9.401971642107036,4.040384868937141
2022-06-03,27.20612067728946,14.285825635770433,1.5175345736446275,2.3078759765319306,25.496136863708365,58.993536014116835,9.124888283554153,3.974075924486328
2022-06-06,27.20612067728946,14.285825635770433,1.5175345736446275,2.3078759765319306,25.496136863708365,58.94423849901395,9.13243849948761,3.9861758295327934
2022-06-07,27.20612067728946,14.285825635770433,1.5175345736446275,2.3078759765319306,25.48338879527651,60.645254683466035,9.205295780270196,4.024412330735656
2022-06-08,27.20612067728946,14.285825635770433,1.5175345736446275,2.3078759765319306,23.732702820013518,56.47898002927736,9.013526436827785,3.9806590565601607
2022-06-09,27.20612067728946,14.285825635770433,1.5175345736446275,2.3078759765319306,21.847344778049017,51.992213393057796,8.773815052778016,3.8859862745780926
2022-06-10,27.20612067728946,14.285825635770433,1.5175345736446275,2.3078759765319306,19.474546324628896,46.371434352374,8.449166396756015,3.77331027113989
2022-06-13,27.20612067728946,14.285825635770433,1.5175345736446275,2.3078759765319306,19.474546324628896,38.3347113127663,7.979557846458294,3.6300447537487597
2022-06-14,27.20612067728946,14.285825635770433,1.5175345736446275,2.3078759765319306,19.474546324628896,38.8524103109185,8.038070543676389,3.6191057309759525
2022-06-15,27.20612067728946,14.285825635770433,1.5175345736446275,2.3078759765319306,19.474546324628896,40.94787443903282,8.185295030326957,3.6707012985590426
2022-06-16,27.20612067728946,14.285825635770433,1.5175345736446275,2.3078759765319306,19.474546324628896,33.45350157737302,7.700209895530563,3.549215234662786
2022-06-17,27.20612067728946,14.285825635770433,1.5175345736446275,2.3078759765319306,19.474546324628896,33.77398629267113,7.763251777498356,3.5568659778003684
2022-06-21,27.20612067728946,14.285825635770433,1.5175345736446275,2.3078759765319306,19.474546324628896,36.48576624934172,7.983332954425024,3.6464050873498306
2022-06-22,27.20612067728946,14.285825635770433,1.5175345736446275,2.3078759765319306,19.474546324628896,35.27377211329229,7.870838516257991,3.63979409910928
2022-06-23,27.20612067728946,14.285825635770433,1.5175345736446275,2.3078759765319306,19.474546324628896,34.58260893721837,7.83006817692639,3.6754747187681436
2022-06-24,27.20612067728946,14.285825635770433,1.5175345736446275,2.3078759765319306,19.474546324628896,39.02577275458146,8.160003047013488,3.7923316511390834
2022-06-27,27.20612067728946,14.285825635770433,1.5175345736446275,2.3078759765319306,19.474546324628896,39.00109008561043,8.132822623956926,3.777846131455297
2022-06-28,27.20612067728946,14.285825635770433,1.5175345736446275,2.3078759765319306,19.474546324628896,35.94025019815093,7.927840697884204,3.7006541895557494
2022-06-29,27.20612067728946,14.285825635770433,1.5175345736446275,2.3078759765319306,19.474546324628896,33.44713834171189,7.788167017673581,3.6976397767281406
2022-06-30,27.20612067728946,14.285825635770433,1.5175345736446275,2.3078759765319306,19.464809051466585,32.33634799293219,7.690771830360495,3.6675995613436334
2022-07-01,27.20612067728946,14.285825635770433,1.5175345736446275,2.3078759765319306,17.22628169512306,28.633712689585074,7.398589220953669,3.7063897429838377
2022-07-05,27.20612067728946,14.285825635770433,1.5175345736446275,2.3078759765319306,17.22628169512306,29.250818169768884,7.437471120542175,3.713389778586523
2022-07-06,27.20612067728946,14.285825635770433,1.5175345736446275,2.3078759765319306,17.217668554275498,29.843238558737408,7.488055677675597,3.7259310004315482
2022-07-07,27.20612067728946,14.285825635770433,1.5175345736446275,2.3078759765319306,19.516143745212425,33.84208768993516,7.833843875399609,3.781735040123457
2022-07-08,27.20612067728946,14.285825635770433,1.5175345736446275,2.3078759765319306,19.516143745212425,34.33576771404255,7.8761241398166035,3.7786236001982925
2022-07-11,27.20612067728946,14.285825635770433,1.5175345736446275,2.3078759765319306,19.516143745212425,31.867350637795823,7.68737464654498,3.7354584354302403
2022-07-12,27.20612067728946,14.285825635770433,1.5175345736446275,2.3078759765319306,19.50638567333982,32.01545149611051,7.684354205867707,3.7024034942274873
2022-07-13,27.20612067728946,14.285825635770433,1.5175345736446275,2.3078759765319306,19.987653956199924,32.8053477703128,7.745132085967135,3.6829602028492445
2022-07-14,27.20612067728946,14.285825635770433,1.5175345736446275,2.3078759765319306,21.160745118954082,34.73071948451008,7.908589005418802,3.6740152434265245
2022-07-15,27.20612067728946,14.285825635770433,1.5175345736446275,2.3078759765319306,22.72486371764127,37.29787692561794,8.108285307932915,3.7442084016859374
2022-07-18,27.20612067728946,14.285825635770433,1.5175345736446275,2.3078759765319306,22.43911284231229,36.82887957048158,8.048263276135913,3.713292125507694
2022-07-19,27.20612067728946,14.285825635770433,1.5175345736446275,2.3078759765319306,25.492152285565798,41.83977384110939,8.415946273357877,3.813622526249169
2022-07-20,27.20612067728946,14.285825635770433,1.5175345736446275,2.3078759765319306,27.372106469368518,44.92530608651695,8.61413265078659,3.837927501196225
2022-07-21,27.20612067728946,14.285825635770433,1.5175345736446275,2.3078759765319306,28.725674898499285,47.14689162856488,8.758714620911098,3.8770100160916456
2022-07-22,27.20612067728946,14.285825635770433,1.5175345736446275,2.3078759765319306,26.54492674656139,43.567672092317174,8.56052824348238,3.8410386281307525
2022-07-25,27.20612067728946,14.285825635770433,1.5175345736446275,2.3078759765319306,26.01853804023775,42.70372054446903,8.507677912961137,3.8457053185325436
2022-07-26,27.20612067728946,14.285825635770433,1.5175345736446275,2.3078759765319306,24.710092986222204,40.55619512055547,8.379328966144218,3.800206495572958
2022-07-27,27.20612067728946,14.285825635770433,1.5175345736446275,2.3078759765319306,28.169200006563262,46.233560209309154,8.771549869896683,3.8988839927589765
2022-07-28,27.20612067728946,14.285825635770433,1.5175345736446275,2.3078759765319306,29.131739523935146,47.81335760220223,8.87875927501159,3.9477859629176666
2022-07-29,27.20612067728946,14.285825635770433,1.5175345736446275,2.3078759765319306,29.823559452177523,48.94882819770872,8.952749737741332,4.00533962027195
2022-08-01,27.20612067728946,14.285825635770433,1.5175345736446275,2.3078759765319306,30.09427608965536,49.393150150606814,8.970868838766066,3.9934788400723633
2022-08-02,27.20612067728946,14.285825635770433,1.5175345736446275,2.3078759765319306,29.958922198393967,49.170996440890534,8.952371813590117,3.967132540188991
2022-08-03,27.20612067728946,14.285825635770433,1.5175345736446275,2.3078759765319306,32.41037813285465,53.19452339657081,9.166413290175207,4.029255234866234
2022-08-04,27.20612067728946,14.285825635770433,1.5175345736446275,2.3078759765319306,33.192438908024094,54.478104539369,9.259654264357376,4.026533468284479
2022-08-05,27.20612067728946,14.285825635770433,1.5175345736446275,2.3078759765319306,32.42541974983501,53.219210910030355,9.196612382389583,4.019728112858181
2022-08-08,27.20612067728946,14.285825635770433,1.5175345736446275,2.3078759765319306,30.89137848180515,50.70141880686454,9.037685828700585,4.015061422456391
2022-08-09,27.20612067728946,14.285825635770433,1.5175345736446275,2.3078759765319306,26.60509026283112,43.66641730166682,8.659432765374374,3.9991173664028974
2022-08-10,27.20612067728946,14.285825635770433,1.5175345736446275,2.3078759765319306,29.943883533065293,49.146313771919495,9.010128662505783,4.08311528971002
2022-08-11,27.20612067728946,14.285825635770433,1.5175345736446275,2.3078759765319306,29.74836907718586,48.825419697342085,9.008241403775664,4.08311528971002
2022-08-12,27.20612067728946,14.285825635770433,1.5175345736446275,2.3078759765319306,32.48557441114968,53.31794158591445,9.262674705034653,4.152237706999309
2022-08-15,27.20612067728946,14.285825635770433,1.5175345736446275,2.3078759765319306,32.75629104862752,53.76226353881255,9.30457763580692,4.169347340186019
2022-08-16,27.20612067728946,14.285825635770433,1.5175345736446275,2.3078759765319306,31.79375448290731,52.18247099040797,9.199632823066862,4.177514830865745
2022-08-17,27.20612067728946,14.285825635770433,1.5175345736446275,2.3078759765319306,29.402447306457937,48.257665021634786,9.0022011129276,4.147863349852734
2022-08-18,27.20612067728946,14.285825635770433,1.5175345736446275,2.3078759765319306,31.417767188128785,51.56537035471267,9.12790813372494,4.159918184247432
2022-08-19,27.20612067728946,14.285825635770433,1.5175345736446275,2.3078759765319306,28.830951459103343,47.31968000033909,8.87083231593989,4.1040171174579685
2022-08-22,27.20612067728946,14.285825635770433,1.5175345736446275,2.3078759765319306,25.627515031782245,42.0619420842912,8.561660834923048,4.0185612837624145
2022-08-23,27.20612067728946,14.285825635770433,1.5175345736446275,2.3078759765319306,26.0636658428305,42.77778792933616,8.617153091463868,4.008839481577974
2022-08-24,27.20612067728946,14.285825635770433,1.5175345736446275,2.3078759765319306,26.183981068763224,42.97525897008141,8.61149013426053,4.021672410696941
2022-08-25,27.20612067728946,14.285825635770433,1.5175345736446275,2.3078759765319306,29.05654029398844,47.68993456837007,8.900654665016027,4.078448599308229
2022-08-26,27.20612067728946,14.285825635770433,1.5175345736446275,2.3078759765319306,24.018780501509834,39.445402349531506,8.405753540898354,3.940397192943485
2022-08-29,27.20612067728946,14.285825635770433,1.5175345736446275,2.3078759765319306,24.018780501509834,37.149776067303264,8.249846837380145,3.9143426003340545
2022-08-30,27.20612067728946,14.285825635770433,1.5175345736446275,2.3078759765319306,24.018780501509834,35.71809164394614,8.15547268125082,3.8713714897611133
2022-08-31,27.20612067728946,14.285825635770433,1.5175345736446275,2.3078759765319306,24.018780501509834,34.65666905535275,8.099980424710001,3.841913123971303
2022-09-01,27.20612067728946,14.285825635770433,1.5175345736446275,2.3078759765319306,24.018780501509834,32.63256182078284,7.922932998476809,3.8539679583660007
2022-09-02,27.20612067728946,14.285825635770433,1.5175345736446275,2.3078759765319306,24.018780501509834,31.743922759475154,7.845169199299797,3.813331131965866
2022-09-06,27.20612067728946,14.285825635770433,1.5175345736446275,2.3078759765319306,24.00677111125908,30.65781750191073,7.757588820295018,3.798942639379636
2022-09-07,27.20612067728946,14.285825635770433,1.5175345736446275,2.3078759765319306,25.108533401377912,32.06482167854108,7.881408582362241,3.8671905608283765
2022-09-08,27.20612067728946,14.285825635770433,1.5175345736446275,2.3078759765319306,26.384250571351345,33.693974720399204,7.988240653832423,3.8924676846948127
2022-09-09,27.20612067728946,14.285825635770433,1.5175345736446275,2.3078759765319306,28.317165605304393,36.16240148562295,8.186428212274112,3.9529381017978733
2022-09-12,27.20612067728946,14.285825635770433,1.5175345736446275,2.3078759765319306,28.568443459602378,36.48329556020037,8.206812496180182,3.995423137911124
2022-09-13,27.20612067728946,14.285825635770433,1.5175345736446275,2.3078759765319306,23.35462640779099,29.84323855873741,7.718330177568274,3.8216917378687913
2022-09-14,27.20612067728946,14.285825635770433,1.5175345736446275,2.3078759765319306,23.35462640779099,30.756553022283352,7.802134267593352,3.8362742846501328
2022-09-15,27.20612067728946,14.285825635770433,1.5175345736446275,2.3078759765319306,23.35462640779099,29.398923872572084,7.663215254672182,3.792721011491858
2022-09-16,27.20612067728946,14.285825635770433,1.5175345736446275,2.3078759765319306,23.35462640779099,29.769190551824327,7.697567969510989,3.763785653056936
2022-09-19,27.20612067728946,14.285825635770433,1.5175345736446275,2.3078759765319306,23.342949094587098,30.262872998175972,7.748152526644412,3.792974533908051
2022-09-20,27.20612067728946,14.285825635770433,1.5175345736446275,2.3078759765319306,22.34963064099215,28.975089261593215,7.640943121529503,3.749435971309728
2022-09-21,27.20612067728946,14.285825635770433,1.5175345736446275,2.3078759765319306,21.776563380286984,28.232138503321007,7.577145391259284,3.6840321957819175
2022-09-22,27.20612067728946,14.285825635770433,1.5175345736446275,2.3078759765319306,20.076463840194986,26.028051253780117,7.367256356285651,3.6530871244650447
2022-09-23,27.20612067728946,14.285825635770433,1.5175345736446275,2.306722038543665,19.159552486321406,24.839325196056066,7.261934800407349,3.591879927401835
2022-09-26,27.20612067728946,14.285825635770433,1.5175345736446275,2.1963310265607094,18.24264860593845,23.650608827309046,7.177374862079848,3.5563470393237657
2022-09-27,27.20612067728946,14.285825635770433,1.5175345736446275,2.2561266266837237,18.73930876692225,24.29450190672255,7.231734527179999,3.547268745889566
2022-09-28,27.20612067728946,14.285825635770433,1.5175345736446275,2.3389197731992017,19.426985743023145,25.186037972160694,7.32384350042799,3.6170656580021867
2022-09-29,27.20612067728946,14.285825635770433,1.5175345736446275,2.1365354264376957,17.745988444954655,23.006715747895544,7.093192257397073,3.5415084662011327
2022-09-30,27.20612067728946,14.285825635770433,1.5175345736446275,2.037642400348797,16.924586432825947,21.941812394305938,6.988248035163499,3.4867444943968944
2022-10-03,27.20612067728946,14.285825635770433,1.5175345736446275,2.230828583338535,18.52918410466369,24.022086628689404,7.238906228455759,3.578799109698146
2022-10-04,27.20612067728946,14.285825635770433,1.5175345736446275,2.537889333433705,21.088884535813442,27.340600015638614,7.5484556336238136,3.6896941964102465
2022-10-05,27.20612067728946,14.285825635770433,1.5175345736446275,2.537889333433705,21.814767864333998,28.28166855387249,7.623200173136522,3.681103229398286
2022-10-06,27.20612067728946,14.285825635770433,1.5175345736446275,2.537889333433705,21.37541256104806,27.71206812804195,7.571105100411221,3.643129327340098
2022-10-07,27.20612067728946,14.285825635770433,1.5175345736446275,2.537889333433705,17.58247906574077,22.808590701201105,7.119617422657694,3.5415084662011327
2022-10-10,27.20612067728946,14.285825635770433,1.5175345736446275,2.537889333433705,17.5736878262079,20.505443350557254,6.881793297338044,3.5144676400936445
2022-10-11,27.20612067728946,14.285825635770433,1.5175345736446275,2.537889333433705,16.066768611266944,18.747130189346077,6.6647319705821655,3.4922115018581996
2022-10-12,27.20612067728946,14.285825635770433,1.5175345736446275,2.537889333433705,15.578610673759089,18.17753460800405,6.624717479552992,3.4806918814532444
2022-10-13,27.20612067728946,14.285825635770433,1.5175345736446275,2.537889333433705,16.979411711825108,19.81202627620291,6.827433041731406,3.5725511905968355
2022-10-14,27.20612067728946,14.285825635770433,1.5175345736446275,2.537889333433705,14.708416089505954,17.162168571698697,6.536381842752273,3.4911379439723413
2022-10-17,27.20612067728946,14.285825635770433,1.5175345736446275,2.537889333433705,15.557385377644025,18.15276837160618,6.691157135842786,3.5808495113629424
2022-10-18,27.20612067728946,14.285825635770433,1.5175345736446275,2.537889333433705,15.705956222674178,18.326124759658487,6.6926664704216945,3.6229223388069007
2022-10-19,27.20612067728946,14.285825635770433,1.5175345736446275,2.537889333433705,16.06676861126694,18.747130189346073,6.746649392383605,3.5972492817843102
2022-10-20,27.20612067728946,14.285825635770433,1.5175345736446275,2.537889333433705,16.34268396724964,19.069075517930695,6.800253799687815,3.567084496126167
2022-10-21,27.20612067728946,14.285825635770433,1.5175345736446275,2.537889333433705,18.210417646708457,21.248396531073716,7.034680150685462,3.6537694440543067
2022-10-24,27.20612067728946,14.285825635770433,1.5175345736446275,2.537889333433705,18.4226643800838,21.496051628319634,7.056952874334625,3.6984801565892296
2022-10-25,27.20612067728946,14.285825635770433,1.5175345736446275,2.537889333433705,19.653669277004603,22.932420672068318,7.168692054705718,3.7575383599369
2022-10-26,27.20612067728946,14.285825635770433,1.5175345736446275,2.537889333433705,19.123062823191717,22.31329504017481,7.098477290449194,3.7292292957671678
2022-10-27,27.20612067728946,14.285825635770433,1.5175345736446275,2.537889333433705,18.08307624964355,21.09981122390779,7.009764910510233,3.7093152664704614
2022-10-28,27.20612067728946,14.285825635770433,1.5175345736446275,2.537889333433705,20.163053548590067,23.52678370093034,7.277411384906021,3.797562350669247
2022-10-31,27.20612067728946,14.285825635770433,1.5175345736446275,2.537889333433705,18.932044499819078,22.090409812693146,7.143022147241037,3.7701312252370753
2022-11-01,27.20612067728946,14.285825635770433,1.5175345736446275,2.537889333433705,19.314081146564355,22.53618026765647,7.19247411293379,3.7536338017368776
2022-11-02,27.20612067728946,14.285825635770433,1.5175345736446275,2.537889333433705,17.488794945448024,20.406388093942798,6.986360776433373,3.659431757673273
2022-11-03,27.20612067728946,14.285825635770433,1.5175345736446275,2.537889333433705,16.74594591010998,19.539612209291885,6.904442764125446,3.6217517538234874
2022-11-04,27.20612067728946,14.285825635770433,1.5175345736446275,2.537889333433705,19.080612230961588,22.263762567379064,7.225316902687203,3.673879718480585
2022-11-07,27.20612067728946,14.285825635770433,1.5175345736446275,2.537889333433705,20.354067720112514,23.749664083923484,7.368011023575101,3.709022933215245
2022-11-08,27.20612067728946,14.285825635770433,1.5175345736446275,2.537889333433705,21.585076768883507,25.186037972160683,7.526937577264098,3.729033989609507
2022-11-09,27.20612067728946,14.285825635770433,1.5175345736446275,2.537889333433705,19.611218684774478,22.88288819927258,7.322333575342588,3.6522085597462093
2022-11-10,27.20612067728946,14.285825635770433,1.5175345736446275,2.537889333433705,25.629104466671574,29.916157799827083,8.070534818772098,3.852911927955829
2022-11-11,27.192517616950816,14.285825635770433,1.5175345736446275,2.537889333433705,25.629104466671574,32.73937794799424,8.335162033503583,3.890203510424754
2022-11-14,26.266898805370378,14.285825635770433,1.5175345736446275,2.537889333433705,25.629104466671574,31.624946966097415,8.25626446187293,3.8571097583829794
2022-11-15,28.529512731270167,14.285825635770433,1.5175345736446275,2.537889333433705,25.629104466671574,34.349099746428855,8.516361310841745,3.890006952304545
2022-11-16,24.950472908559213,14.285825635770433,1.5175345736446275,2.537889333433705,25.629104466671574,30.03999019293855,8.209832346350966,3.8603313710124647
2022-11-17,25.444132116899357,14.285825635770433,1.5175345736446275,2.537889333433705,25.629104466671574,30.63434837731206,8.27174163687809,3.848520043333568
2022-11-18,25.690958703285173,14.285825635770433,1.5175345736446275,2.537889333433705,25.629104466671574,30.93152383613244,8.286842068745008,3.865992745659519
2022-11-21,24.456807664650547,14.285825635770433,1.5175345736446275,2.537889333433705,25.629104466671574,29.445624741832265,8.14188217446929,3.851935710158165
2022-11-22,26.534298632976718,14.285825635770433,1.5175345736446275,2.537889333433705,25.629104466671574,31.946892294682044,8.378573708348272,3.9037716545506833
2022-11-23,27.398207780176445,14.285825635770433,1.5175345736446275,2.537889333433705,25.629104466671574,32.987025778507395,8.451430989130857,3.928371153687417
2022-11-25,26.45201975108783,14.285825635770433,1.5175345736446275,2.537889333433705,25.629104466671574,31.84782977133483,8.352149724100622,3.927492901959219
2022-11-28,24.35395755339731,14.285825635770433,1.5175345736446275,2.537889333433705,25.629104466671574,29.321794770965063,8.155095938112574,3.8648218476854685
2022-11-29,24.127700184519675,14.285825635770433,1.5175345736446275,2.537889333433705,25.61628991443824,29.049384337420427,8.132822623956923,3.8581842552407495
2022-11-30,28.426670667441616,14.285825635770433,1.5175345736446275,2.537889333433705,30.16768280737341,34.22527946453867,8.596768217051306,3.9797185196951466
2022-12-01,27.768451683467514,14.285825635770433,1.5175345736446275,2.537889333433705,30.16768280737341,33.43279381122647,8.569210460350016,3.976789866302152
2022-12-02,26.801700472439233,14.285825635770433,1.5175345736446275,2.537889333433705,30.16768280737341,32.26884004551093,8.45143098913086,3.9722023625315934
2022-12-05,25.896652890223145,14.285825635770433,1.5175345736446275,2.537889333433705,30.16768280737341,31.179176511134095,8.350639799015228,3.9007453480788588
2022-12-06,24.107128955155325,14.285825635770433,1.5175345736446275,2.537889333433705,30.16768280737341,29.024616889900432,8.16755267244046,3.8445172060734416
2022-12-07,24.06599253199514,14.285825635770433,1.5175345736446275,2.537889333433705,30.16768280737341,28.975089261593208,8.165664823203851,3.837976327735641
2022-12-08,25.958362554603863,14.285825635770433,1.5175345736446275,2.537889333433705,30.152598965969727,31.253474009205576,8.37366718995385,3.868043147324317
2022-12-09,25.341282005646118,14.285825635770433,1.5175345736446275,2.537889333433705,29.43581329494429,30.51051840644485,8.30647109485514,3.8391478516909667
2022-12-12,26.6988563967545,14.285825635770433,1.5175345736446275,2.537889333433705,31.012738499508153,32.14501734137647,8.454451429808136,3.8944983679494616
2022-12-13,28.035855534786197,14.285825635770433,1.5175345736446275,2.537889333433705,32.56576399339729,33.7547439842996,8.595257701459426,3.923978956074519
2022-12-14,26.739988796202343,14.285825635770433,1.5175345736446275,2.537889333433705,31.060516888551376,32.19454012519519,8.44727913802589,3.8988902525717233
2022-12-15,23.448916006749737,14.285825635770433,1.5175345736446275,2.537889333433705,27.237687240516433,28.232138503320993,8.12565033217468,3.803517936515343
2022-12-16,22.852404675300175,14.285825635770433,1.5175345736446275,2.537889333433705,26.544794269396984,27.51394792583601,8.062608450206886,3.7586122308133962
2022-12-19,21.98850156366896,14.285825635770433,1.5175345736446275,2.537889333433705,25.541305547191374,26.473821708743422,7.967198545700642,3.726740707210185
2022-12-20,21.488951640455586,14.285825635770433,1.5175345736446275,2.537889333433705,24.961040576068903,25.87237119318766,7.928255823944051,3.731839324691416
2022-12-21,22.995858067827886,14.285825635770433,1.5175345736446275,2.537889333433705,26.711426221088743,27.68666363028255,8.105406588812341,3.787640547467589
2022-12-22,20.188463668243386,14.285825635770433,1.5175345736446275,2.537889333433705,23.437069846171525,24.30660343902668,7.76943142787718,3.733604904876292
2022-12-23,20.167822023912997,14.285825635770433,1.5175345736446275,2.537889333433705,23.42535131124844,24.28175121295772,7.768667902990431,3.7550823224061936
2022-12-27,19.13569554655761,14.285825635770433,1.5175345736446275,2.537889333433705,22.22651460488404,23.03908662013584,7.629695744485499,3.740274109375376
2022-12-28,18.289343868175752,14.285825635770433,1.5175345736446275,2.537889333433705,21.243459251884,22.020092061934648,7.532720997790638,3.6937903048802827
2022-12-29,19.961393509472042,14.285825635770433,1.5175345736446275,2.537889333433705,23.18558023107405,24.03321441880253,7.778594317024645,3.76027921894753
2022-12-30,19.961393509472042,14.285825635770433,1.5175345736446275,2.537889333433705,23.18558023107405,24.03321441880253,7.748051550035257,3.7503743172402833
2023-01-03,19.321476381099654,14.285825635770433,1.5175345736446275,2.537889333433705,22.442302968688725,23.26276392148929,7.688491884817004,3.7345858175335165
2023-01-04,20.787099519811164,14.285825635770433,1.5175345736446275,2.537889333433705,24.14465520451783,25.027351906446246,7.883968427980223,3.7634172630768625
2023-01-05,19.754971030599606,14.285825635770433,1.5175345736446275,2.537889333433705,22.945816161339987,23.784684891380113,7.742706285321533,3.7204646189515205
2023-01-06,22.438505504920887,14.285825635770433,1.5175345736446275,2.537889333433705,26.062798140965057,27.015619615000904,8.081354078613556,3.8057827367666746
2023-01-09,23.80092243383661,14.285825635770433,1.5175345736446275,2.537889333433705,27.64527418396074,28.655948891857292,8.257358670391996,3.803624979313291
2023-01-10,24.709193009641126,14.285825635770433,1.5175345736446275,2.537889333433705,28.700249644308567,29.74949286153261,8.364641888817687,3.8302992933845283
2023-01-11,25.596825964827598,14.285825635770433,1.5175345736446275,2.537889333433705,29.731254072353913,30.81818944962748,8.462762218095914,3.8787439842221576
2023-01-12,26.4638152638275,14.285825635770433,1.5175345736446275,2.537889333433705,30.738280457656437,31.86203138940912,8.589516206893418,3.8928661217760654
2023-01-13,26.732168711259625,14.285825635770433,1.5175345736446275,2.537889333433705,31.049978655618943,32.18512486177119,8.620441031579423,3.90796885899656
2023-01-17,26.95923887003097,14.285825635770433,1.5175345736446275,2.537889333433705,31.313725441722706,32.458513881995344,8.671601923043445,3.9008098241501385
2023-01-18,26.4638152638275,14.285825635770433,1.5175345736446275,2.537889333433705,30.73828045765644,31.86203138940912,8.617388113045404,3.8392232824345505
2023-01-19,24.29634402818391,14.285825635770433,1.5175345736446275,2.537889333433705,28.22071683121357,29.252428962199268,8.40663930062776,3.811274470488324
2023-01-20,26.40188630712398,14.285825635770433,1.5175345736446275,2.537889333433705,30.666348666241436,31.787469866713714,8.680001287304162,3.882275144591909
2023-01-23,30.42719807788676,14.285825635770433,1.5175345736446275,2.537889333433705,35.34183331974625,36.633884063366175,9.08928015192553,3.9288569151564703
2023-01-24,29.807916558276247,14.285825635770433,1.5175345736446275,2.537889333433705,34.62252475284997,35.88827852538913,9.024757279690172,3.9246387403378966
2023-01-25,29.99369940467446,14.285825635770433,1.5175345736446275,2.537889333433705,34.83831545346809,36.11195824898684,9.033920168837637,3.9261110482956445
2023-01-26,31.459324555242137,14.285825635770433,1.5175345736446275,2.537889333433705,36.54067002611063,37.87654865618804,9.19579925495799,3.9692602505411965
2023-01-27,30.92261766037788,14.285825635770433,1.5175345736446275,2.537889333433705,35.91727363018562,37.230361711463885,9.13547606485299,3.9783804847207906
2023-01-30,28.486790965445994,14.285825635770433,1.5175345736446275,2.537889333433705,33.0880094689668,34.2976633896477,8.916710536377733,3.9284647378879622
2023-01-31,29.973061784056416,14.285825635770433,1.5175345736446275,2.537889333433705,34.814344421165615,36.087110867406395,9.052246537639055,3.986225908034759
2023-02-01,34.67956793628385,14.285825635770433,1.5175345736446275,2.537889333433705,40.28105073847417,41.75367274677726,9.479087655668604,4.028590442752659
2023-02-02,36.99154476523339,14.285825635770433,1.5174825885983623,2.537889333433705,42.96646066411676,44.53725771217966,9.681817980509178,4.0872351854684865
2023-02-03,34.94792540742832,14.285825635770433,1.5117387004997136,2.537889333433705,40.59275361006357,42.07677106362785,9.50390369075414,4.043791459033257
2023-02-06,33.234592477471246,14.285825635770433,1.5069231302283628,2.537889333433705,38.60268121901477,40.01394425462203,9.345842819574013,4.019078031304556
2023-02-07,36.3103383126317,14.285825635770433,1.5155679592321458,2.537889333433705,42.17522497943236,43.717095495995714,9.626459178434253,4.071641991919379
2023-02-08,34.03965281976764,14.285825635770433,1.5091858688842428,2.537889333433705,39.53777581290229,40.98322467170827,9.43785435925177,4.02711938675746
2023-02-09,34.22543164245351,14.285825635770433,1.5097080271641254,2.537889333433705,39.75356183989353,41.20689955081747,9.475270031234864,3.992208098085021
2023-02-10,32.61531296971691,14.285825635770433,1.5051825555069787,2.537889333433705,37.883374988931934,39.26834113888925,9.316063577471374,4.0015242644035505
2023-02-13,33.89515728574255,14.285825635770433,1.5087797432645058,2.537889333433705,39.36994119776979,40.809254244737005,9.4561801375467,4.048498525227256
2023-02-14,35.77363141776744,14.285825635770433,1.5140594667948923,2.537889333433705,41.55182858350734,43.07090855127156,9.659674577780503,4.04663529196355
2023-02-15,36.20712606726739,14.285825635770433,1.5152778662725548,2.537889333433705,42.0553417761586,43.59282952116237,9.659293110590374,4.05977589087896
2023-02-16,33.6061561584115,14.285825635770433,1.5079674637519669,2.537889333433705,39.034260283437575,40.461301279573185,9.397003120531549,4.003877328014594
2023-02-17,31.996029438250215,14.285825635770433,1.5034419694763679,2.537889333433705,37.16406408522221,38.52273317866794,9.268721491454066,3.9938750862191545
2023-02-21,28.92028963865829,14.285825635770433,1.494797157436424,2.537889333433705,33.591527335244955,34.81958920402703,8.986960140516945,3.9137548039172487
2023-02-22,28.548717910293337,14.285825635770433,1.4937528012943673,2.537889333433705,33.15993892356836,34.37222249009884,8.943054211743247,3.9083607232744284
2023-02-23,31.129048186675,14.285825635770433,1.5010051931394954,2.537889333433705,36.15704704717345,37.478900927863315,9.25994006949673,3.9291517523367827
2023-02-24,29.53956512270028,14.285825635770433,1.4965377208485824,2.537889333433705,34.31082889170089,35.565187475271294,9.094625416639254,3.8871781429248413
2023-02-27,29.93177447168328,14.285825635770433,1.497640082011486,2.537889333433705,34.76638833567997,36.037401570779934,9.135476064852988,3.900417333890993
2023-02-28,30.241407184063842,14.285825635770433,1.4985103495810324,2.537889333433705,35.126033271874334,36.410194650791425,9.140057804679962,3.8860012981286824
2023-03-01,30.303342176335885,14.285825635770433,1.4986844268443165,2.537889333433705,35.19797207372968,36.48476344021961,9.146166594280434,3.8710954320190347
2023-03-02,30.984548628937578,14.285825635770433,1.5005990562105325,2.537889333433705,35.98920775841408,37.30492565640355,9.227105546834123,3.90120137543737
2023-03-03,32.367601166615174,14.285825635770433,1.5044863256184249,2.537889333433705,37.59565249689881,38.970099892596124,9.3523336668711,3.96376914280082
2023-03-06,31.31482902121705,14.285825635770433,1.5015273570739913,2.537889333433705,36.372835410978155,37.70257822921677,9.269102958644194,3.9665143836803702
2023-03-07,30.241407184063842,14.285825635770433,1.4985103495810324,2.537889333433705,35.12603327187435,36.410194650791425,9.165638545665216,3.9057134484643456
2023-03-08,32.6359546140473,14.278682722952547,1.5052405718370518,2.537889333433705,37.90735069486132,39.293193364958206,9.405402484792264,3.9120878157831154
2023-03-09,30.778120114496623,13.458715024505986,1.5000188589821248,2.537889333433705,35.749436678239704,37.05638886224836,9.225198210883466,3.8399096709020966
2023-03-10,29.002854204123683,13.458715024505986,1.494988458741586,2.537889333433705,33.68742782214902,34.91899568605863,9.075917580647705,3.7845018773569805
2023-03-13,28.940933294844847,13.458715024505986,1.4949090327539336,2.537889333433705,33.61550537798778,34.84444385234024,9.069808791047233,3.779108422695435
2023-03-14,31.41804327843752,13.451985666993734,1.508505477966417,2.537889333433705,36.492720951065344,37.826846626294355,9.341261670253523,3.8415769720268673
2023-03-15,30.32398382066627,12.983551906993208,1.5025003673434274,2.537889333433705,35.22194777965906,36.50961566628857,9.236269616994562,3.8175505587469876
2023-03-16,33.895157285742535,14.512589658988544,1.5221019452643891,2.537889333433705,39.369941197769805,40.80925424473699,9.60584282547908,3.884530242133484
2023-03-17,33.296517410462414,14.249019024319628,1.518816110432603,2.537889333433705,38.6746083368029,40.088500932828914,9.556973689688274,3.8391090408519437
2023-03-20,34.28736059915702,14.249019024319628,1.5242546841004985,2.537889333433705,39.82549363130855,41.28146107351286,9.653183730483418,3.8760247215655
2023-03-21,34.46309221211716,14.249019024319628,1.5252192457322147,2.537889333433705,40.02960961196341,41.49303926480642,9.683727678485779,3.9269188771304546
2023-03-22,33.57412338443212,14.249019024319628,1.5203398435089452,2.537889333433705,38.997053539791644,40.42273430652541,9.621495380910664,3.859979256545529
2023-03-23,36.15833050765829,14.249019024319628,1.5345241271303345,2.537889333433705,41.99866470290218,43.534080408971654,9.877293933165912,3.8704137384110466
2023-03-24,34.25635387182563,14.249019024319628,1.5240844933248883,2.537889333433705,39.78947866251873,41.24412944503577,9.721142759962389,3.895811363672834
2023-03-27,33.01592986564499,14.249019024319628,1.5172760120091644,2.537889333433705,38.348699976291016,39.75067779314467,9.607750751936225,3.903096533746079
2023-03-28,32.31302353236615,14.249019024319628,1.5134178759097443,2.537889333433705,37.53225942180602,38.90438925041299,9.54093730504062,3.8943352998274396
2023-03-29,35.31071538360006,14.249019024319628,1.5298717085167632,2.537889333433705,41.014141831059675,42.51356468137754,9.837970334725679,3.9509390305975893
2023-03-30,37.10933089671165,14.249019024319628,1.5397440102895237,2.537889333433705,43.10327174397456,44.679070424405126,9.978849829181266,3.974072794579957
2023-03-31,37.83291106401964,14.249019024319628,1.5437156216296766,2.537889333433705,43.94372539340403,45.55024994911387,10.048337089446704,4.030085912017564
2023-04-03,36.81989722030351,14.249019024319628,1.5381553569192672,2.537889333433705,42.76708841475202,44.33059667672622,9.991068589395182,4.04544248464489
2023-04-04,34.71117017304229,14.249019024319628,1.5265809044500291,2.537889333433705,40.317757404043235,41.79172135955416,9.837589458042032,4.022997926045805
2023-04-05,32.9125627073554,14.249019024319628,1.516708646848246,2.537889333433705,38.22863683838212,39.6262253055036,9.665401900190849,4.012464852129544
2023-04-06,32.37504302259743,14.249019024319628,1.5137582905891982,2.537889333433705,37.60429636982597,38.97905977409992,9.636385001961987,4.028116887918459
2023-04-10,33.88421681187619,14.241894514807468,1.5220418948207246,2.537889333433705,39.357233606264536,40.79608208047158,9.78222947495414,4.032251181246242
2023-04-11,33.5120978586323,14.085488985103664,1.5199993957012592,2.537889333433705,38.92500958133134,40.34805651610569,9.730306239616342,4.0333344418418555
2023-04-12,31.692810523347738,13.320823286465867,1.5100136297305105,2.537889333433705,36.792406405494766,38.157662213345304,9.55735515687841,4.016894608618916
2023-04-13,32.39571886848275,13.616263094343678,1.513871776872675,2.537889333433705,36.77401020229202,39.00395317832124,9.63447648499836,4.070250122555411
2023-04-14,32.2096523503642,13.538057369876318,1.5128504886633372,2.537889333433705,36.56279673722354,38.7799319182834,9.624168013267528,4.060307035990417
2023-04-17,32.2096523503642,13.538057369876318,1.5128504886633372,2.537889333433705,36.56279673722354,38.7799319182834,9.617295698780309,4.074876437164992
2023-04-18,32.62312500723491,13.711844298362914,1.5151199713925008,2.537889333433705,37.03215035039263,39.277746713336185,9.660438102667259,4.077533727675469
2023-04-19,31.548095696999837,13.259998115176884,1.509132732959807,2.537889333433705,35.81183049940118,37.983427761750114,9.568809211192606,4.0768457742547355
2023-04-20,31.424054704681097,13.207862374872674,1.5090113325945531,2.537889333433705,35.67102532895412,37.83408429213199,9.579498559607082,4.054597460785223
2023-04-21,30.72114837140225,12.912423412599278,1.5035802648089838,2.537889333433705,34.87312098930387,36.987795749400306,9.48137882083534,4.05774771154941
2023-04-24,30.24565220058792,12.712567345553955,1.49990630170294,2.537889333433705,34.33336136527254,36.41530558617208,9.430599987067934,4.061980909918571
2023-04-25,27.28931002926848,11.469985479566981,1.4770638631451942,2.537889333433705,30.977468643430957,32.85591454140591,9.131659030925737,3.9975010827520006
2023-04-26,27.64076118405173,11.617704115099261,1.4797793814931945,2.537889333433705,31.37641852949693,33.279056390527494,9.19541778776786,3.9805695412379003
2023-04-27,27.992216362547325,11.765424441840375,1.4824949309307631,2.537889333433705,31.77537298308121,33.702203084137594,9.284374637392137,4.059815014708619
2023-04-28,29.41869883942182,12.3649901061631,1.493516773614543,2.537889333433705,33.39464500389777,35.41966630708951,9.439763466721885,4.094466208161481
2023-05-01,30.30767169081921,12.738634792903854,1.5003855007647855,2.537889333433705,34.4037628086165,36.48997610985903,9.511922178331215,4.090331914833698
2023-05-02,29.666786859627823,12.469264123584773,1.4954336475858463,2.537889333433705,33.67626219606935,35.71836051305854,9.429454994991055,4.044359537039914
2023-05-03,28.612429371565728,12.026106525779099,1.4872870614522768,2.537889333433705,32.47940797035313,34.44893012120527,9.332098190599575,4.016599145457327
2023-05-04,28.116255343009897,11.817559336540171,1.4834533290544545,2.537889333433705,31.916175869769123,33.851544131511474,9.300791308216953,3.9881498614820963
2023-05-05,29.914872867977653,12.573537295402032,1.4973505060123655,2.537889333433705,33.95787710448179,36.01705229678331,9.497414024470025,4.061980909918571
2023-05-08,30.28699584493389,12.72994451631467,1.5002257470177918,2.537889333433705,34.380292615822995,36.46508270563772,9.550100784694571,4.06306354453291
2023-05-09,28.81916368814492,12.112999144417985,1.4888844123848077,2.537889333433705,32.71408249317854,34.69783509648742,9.402729852435407,4.0452459265246805
2023-05-10,29.584091523511216,12.434506399645691,1.4947946947770068,2.537889333433705,33.582390559931895,35.618796585150285,9.479087655668607,4.064146179147249
2023-05-11,29.087921518667724,12.225960901615593,1.4909609934687529,2.537889333433705,33.01916302686618,35.02141543994499,9.395094013061438,4.057058819156763
2023-05-12,28.98455637223431,12.18251543790057,1.4901623335472716,2.537889333433705,32.90182804921264,34.89696537454818,9.384404074140479,4.051742986173262
2023-05-15,31.237990198418732,13.129657496009735,1.5075736887746642,2.537889333433705,35.45981414764482,37.61006545433842,9.630276802868,4.065721148034023
2023-05-16,31.11394920609999,13.077521755705522,1.506615275106189,2.537889333433705,35.319008977197754,37.46072198472029,9.627986228207755,4.038551995765252
2023-05-17,33.36738303228441,14.024663813814685,1.5240266303335817,2.537889333433705,37.876995075629935,40.17382206451052,9.88836770130295,4.087575719281843
2023-05-18,36.53046354389537,15.354139989649372,1.548466450913427,2.537889333433705,41.4675668878152,43.98212292904733,10.235031620146101,4.126951819395028
2023-05-19,35.9515961910791,15.110835922075774,1.543993781251549,2.537889333433705,40.810465434852865,43.285175433689524,10.178527235487813,4.120946468037608
2023-05-22,36.24103389119958,15.232489647071406,1.5462301471720565,2.537889333433705,41.13902072885234,43.63365402585694,10.170129052240068,4.122620654956399
2023-05-23,34.97993403913362,14.702436048209185,1.5364861479268193,2.537889333433705,39.70748284527412,42.11530896974452,10.02352046385468,4.0763531269916635
2023-05-24,33.139974881676075,13.929081764191032,1.5222695411988412,2.537889333433705,37.618852643770175,39.90002610725132,9.876148941089031,4.0468205824208185
2023-05-25,39.590178909072925,16.64017070176904,1.572107611571791,2.537889333433705,44.921994296025055,47.665973728187346,10.725251208840618,4.081866144076648
2023-05-26,47.3014707173987,19.88130816458277,1.6316895879212727,2.537889333433705,44.899533298877046,56.950251871770256,11.252122354124996,4.134728697759433
2023-05-30,47.28080090708189,19.87262042480683,1.631529880808631,2.537889333433705,44.87991308786615,56.9253657342817,11.306336754629525,4.136304292627482
2023-05-31,43.724913525204684,18.37804336905265,1.6040550032972292,2.537889333433705,41.50459131693174,52.64413136769215,11.020756007739205,4.113367086765324
2023-06-01,45.812958691012064,19.255670824888064,1.6201884684517265,2.537889333433705,43.48660692933939,55.15810601391013,11.186453308799786,4.152447723716921
2023-06-02,45.523525014603926,19.134018791101266,1.6179521336207876,2.537889333433705,43.211870503714394,54.809632266231226,11.158965231863878,4.212497481403482
2023-06-05,43.35279256010463,18.221636993744436,1.6011797778365873,2.537889333433705,41.15136640848139,52.19610338108202,11.01922895796571,4.204425452868126
2023-06-06,44.9239918751832,18.882028674960566,1.6133197879358367,2.537889333433705,42.64278126084441,54.08780347787339,11.097115582491865,4.2135804290084575
2023-06-07,44.73792736892082,18.803823796097625,1.6118821441159472,2.537889333433705,42.46616498722834,53.863784640079814,11.033738883346357,4.1990107148432445
2023-06-08,46.06104469936189,19.359943996705322,1.6221053268782455,2.537889333433705,43.72209529416081,55.4567977976349,11.161255216017635,4.224408966086307
2023-06-09,46.30913070771173,19.464217168522584,1.6240221853047647,2.537889333433705,43.957583658982244,55.75548958135968,11.212415516975172,4.23198834735859
2023-06-12,50.857342004426535,21.37587845550162,1.6591643410744012,2.537889333433705,48.274839792247896,61.23146686040577,11.543808938083359,4.270381030889453
2023-06-13,52.84202202380051,22.210060447622013,1.6744991463074175,2.537889333433705,50.15873907203753,63.62099144122695,11.703398040049953,4.298534851703096
2023-06-14,55.074788051524294,23.148515611559656,1.6917508099669527,2.537889333433705,52.278126716648565,66.30920780577289,11.881312920311476,4.30365381357575
2023-06-15,53.648305574649804,22.54894994723693,1.680728967283173,2.537889333433705,50.924080077098054,64.59174458282098,11.795791046917838,4.3570096405028815
2023-06-16,52.18047140600465,21.932003729735825,1.669387617105405,2.537889333433705,49.530781557353066,62.82449455142641,11.71179740431067,4.342168250464513
2023-06-20,50.960715198284646,21.419327301634315,1.6599630631750193,2.537889333433705,48.372963763647725,61.355926614779605,11.670563517387347,4.319640436355912
2023-06-21,47.16745293032027,19.82497907197675,1.6306540876680602,2.537889333433705,44.77232084644571,56.78889649288546,11.403310910817902,4.297507616431554
2023-06-22,47.830025571051785,20.103465356906558,1.6357735136204348,2.537889333433705,45.40124848641668,57.586623882768166,11.459816476489161,4.313020371386881
2023-06-23,45.32464498452241,19.050427412104725,1.616415469525686,2.537889333433705,43.02308947010814,54.57018373252545,11.26510168669323,4.280413945767346
2023-06-26,45.738753387943646,19.22448155158696,1.6196151146321163,2.537889333433705,43.41616972251386,55.0687639567632,11.213179632368403,4.2629252809188936
2023-06-27,50.459646323661,21.20872275684985,1.6560915103172924,2.537889333433705,47.89733883528963,60.75264730481038,11.569007030865505,4.309660729886357
2023-06-28,49.11377087619601,20.6430370790818,1.6456924849563759,2.537889333433705,46.61980605347344,59.132233720228754,11.464396444796675,4.311834762852878
2023-06-29,49.30012508974723,20.72136372498073,1.6471323672251865,2.537889333433705,46.796697323233715,59.35660136119523,11.44759771627524,4.32882921548507
2023-06-30,51.41209524915861,21.609047108538107,1.663450690953125,2.537889333433705,48.80142303388369,61.899381336108355,11.625512596536764,4.379912730385577
2023-07-03,52.77866867292683,22.18343236454393,1.6740096410536616,2.537889333433705,50.098602762447015,63.54471496959812,11.728596132832097,4.384951566655088
2023-07-05,49.38294918465889,20.756175567602483,1.6477723149002137,2.537889333433705,46.875315665349405,59.4563203127359,11.507157381493492,4.378430406727436
2023-07-06,47.581553286316826,19.999029829041323,1.6338536705953532,2.537889333433705,45.16539346006965,57.28746702814618,11.370477569168262,4.344144473348275
2023-07-07,47.54014526257335,19.981625598939285,1.633533727847408,2.537889333433705,45.12608810840271,57.23761239686437,11.381166917582739,4.333176342446201
2023-07-10,50.356104133884386,21.16520287994617,1.6552914824548033,2.537889333433705,47.79905444947236,60.62798408191901,11.542281888309855,4.344144473348275
2023-07-11,50.3975242287649,21.182612183674706,1.6556115184714535,2.537889333433705,47.83837125931198,60.67785324666636,11.554500648523772,4.371810341758405
2023-07-12,53.19278512377272,22.357489886443823,1.6772093483392283,2.537889333433705,50.4916906536345,64.04330488281286,11.797318096691328,4.40698516854743
2023-07-13,56.484982540825776,23.741235262525752,1.702646802078029,2.537889333433705,53.6167124618693,68.00706053922629,12.080606497401943,4.441963437216245
2023-07-14,54.310890286518315,22.827441305793233,1.6858484865042518,2.537889333433705,51.55301917524168,65.38948650616916,11.980577060653602,4.439196599982722
2023-07-17,58.10002020190426,24.420052663979142,1.71512553302451,2.537889333433705,55.14973957799786,69.95154133836098,12.203542861765703,4.454610449896669
2023-07-18,58.514136652750196,24.594110185879046,1.7183252403100773,2.537889333433705,55.54282746918537,70.45013125157577,12.237139137795596,4.487711087732464
2023-07-19,56.50568856455369,23.749938223181186,1.702806788996786,2.537889333433705,53.63636704739821,68.03199027711145,12.108859870744057,4.497690794202019
2023-07-20,50.29399813383767,21.139099071606353,1.6548116149672378,2.537889333433705,47.74010215105827,60.55320940172904,11.68048993142155,4.4678505798347325
2023-07-21,51.59844543899746,21.6873720632282,1.6648905421323674,2.537889333433705,48.97831048425306,62.12374413258629,11.743102515173822,4.4678505798347325
2023-07-24,51.557045462678666,21.669971215543825,1.6645706615635592,2.537889333433705,48.93901277136789,62.0738991902815,11.753030110221008,4.487809992773843
2023-07-25,54.10383004923919,22.740411699238873,1.6842486173166848,2.537889333433705,51.35647331995249,65.14018912731754,11.941634338897007,4.500062324260663
2023-07-26,51.88832977118825,21.809213512404316,1.6671303589949624,2.537889333433705,49.25347468165793,62.472760462978606,11.811061544652791,4.500753407587769
2023-07-27,54.7871167611233,23.027604327241782,1.6895280923669531,2.537889333433705,52.00506318423415,65.96285594406243,12.02333917836339,4.4709141321923935
2023-07-28,58.28637441545549,24.49837930987808,1.7165654152933216,2.537889333433705,55.326630847758146,70.17590897932749,12.25546727811647,4.5146855598248505
2023-07-31,58.82471896124421,24.724651213292933,1.7207249819122927,2.537889333433705,55.83763861333738,70.82406763087623,12.264628395744477,4.523281847677644
2023-08-01,59.073183198554474,24.829083358740505,1.722644762758237,2.537889333433705,56.073486000902626,71.12321479652117,12.257757262270228,4.510337493891807
2023-08-02,52.34385826949,22.000676955615084,1.670650040118043,2.537889333433705,49.68587174390326,63.021209851963704,11.80800862611877,4.447595390743396
2023-08-03,52.074683984739465,21.88754015830324,1.6685702412637733,2.537889333433705,49.430365951418196,62.697128103945076,11.773648234695642,4.4348491600309545
2023-08-04,51.51562939151051,21.65256360302412,1.6642506566364772,2.537889333433705,48.89969978091917,62.02403487002268,11.778229384016132,4.414791781022376
2023-08-07,53.13066302887664,22.331379313268677,1.6767293564933898,2.537889333433705,50.432723077656846,63.96851082466886,11.904982782307147,4.453325623330651
2023-08-08,50.64598846607518,21.28704432912228,1.657531299317398,2.537889333433705,48.074218646877235,60.97700041231132,11.708740942737721,4.4339602666210896
2023-08-09,47.80931954732386,20.094762396251117,1.6356135267016778,2.537889333433705,45.38159390088775,57.56169414488298,11.476615205010587,4.404317549345923
2023-08-10,47.22956697779166,19.851086262734224,1.6309515556271377,2.537889333433705,44.831280783641574,56.86368086205243,11.451415931215465,4.405898778045444
2023-08-11,43.77171734720296,18.39771551019997,1.6308728089038431,2.537889333433705,41.549018471784535,52.70048245806919,11.164310496577594,4.403329437904043
2023-08-14,47.47803121510194,19.955518408181803,1.6442083639282659,2.537889333433705,45.06712817120684,57.162828027697394,11.504103281946497,4.427635977804285
2023-08-15,45.138290770971174,18.97210076620579,1.635789827736332,2.537889333433705,42.846198200347864,54.34581609155896,11.365896419847772,4.376059189659431
2023-08-16,42.508678065786654,17.866846748680167,1.6263283125563484,2.537889333433705,40.3501154902567,51.17980235849377,11.186453308799779,4.343946976256154
2023-08-17,41.22492873693009,17.32727333529609,1.621709300129795,2.537889333433705,39.131554103809044,49.634187676544656,11.110859030453327,4.310846025429721
2023-08-18,41.72185721155063,17.536137626191238,1.623497280655109,2.537889333433705,39.60324887893954,50.23248200783454,11.158202297483609,4.3129214663455
2023-08-21,45.30392688965745,19.041719377822783,1.6363857971154783,2.537889333433705,43.00342342640654,54.54523946117474,11.533119589668877,4.340982015949234
2023-08-22,44.20653982177679,18.580475992755304,1.6324373280574302,2.537889333433705,41.961760948500945,53.22400210916913,11.417818474172599,4.32922452265995
2023-08-23,46.7947404795055,19.66832408897006,1.6417498400344461,2.537889333433705,44.41853448753429,56.34015636646401,11.66521943368659,4.377442608276191
2023-08-24,42.26020980476404,17.762412912023755,1.6254343078161162,2.537889333433705,40.11426428330056,50.8806503483603,11.363605254681044,4.316775633052921
2023-08-25,42.77785637424953,17.97998523720084,1.6272968333756395,2.537889333433705,40.60562510213265,51.503888951000896,11.38421983611676,4.347207086734024
2023-08-28,44.35147796415985,18.64139502613453,1.632958824790243,2.537889333433705,42.0993392278125,53.39850542987677,11.524719044395189,4.374774676084049
2023-08-29,47.76790749986804,20.077356474940245,1.6452513573938907,2.537889333433705,45.34228472982993,57.511834669112666,11.820225024306751,4.438010678458083
2023-08-30,48.45119823546449,20.364550794151988,1.6477098812877102,2.537889333433705,45.990878413502486,58.33450633034606,11.880548804918238,4.456289644665658
2023-08-31,49.40365118467443,20.764876837049073,1.6511368680905207,2.537889333433705,46.89496643148742,59.48124520613253,11.928653825315807,4.44976911071928
2023-09-01,49.73494756432105,20.90412420753606,1.6523288937142637,2.537889333433705,47.20943979995013,59.880121012295156,11.927890890935545,4.458068057466662
2023-09-05,49.73494756432105,20.90412420753606,1.6523288937142637,2.537889333433705,47.20943979995013,59.880121012295156,11.956143083264688,4.4388012928078435
2023-09-06,48.53401830666379,20.3993609455649,1.648007873216071,2.537889333433705,46.06949293622726,58.43422043739819,11.817169743746783,4.40896170442183
2023-09-07,45.283232937066565,19.033021490793846,1.6363113389467197,2.537889333433705,42.9837802990503,54.5203242567551,11.555263582904036,4.395425485340903
2023-09-08,44.517118106558456,18.711015328960357,1.6335548086469642,2.537889333433705,42.25656827326207,53.59793364398105,11.48272458511755,4.402045237319297
2023-09-11,44.41359603534357,18.66750390810084,1.6331823295946948,2.537889333433705,42.158302984399256,53.47329464353225,11.491122768365294,4.430995619304808
2023-09-12,43.35760492006937,18.223659679508902,1.6293828058293145,2.537889333433705,41.155934399987935,52.201897389342925,11.404837960591394,4.406689392395203
2023-09-13,43.95806753704183,18.476040464890065,1.6315433088396232,2.537889333433705,41.72590592215392,52.92484525454715,11.49723096745928,4.411827133706094
2023-09-14,44.827700415052476,18.84155635637424,1.634672303714073,2.537889333433705,42.55137941741408,53.9718700232815,11.559843551211555,4.449867702770021
2023-09-15,40.97646449961982,17.22284118984852,1.6207415918933619,2.537889333433705,38.89570671624381,49.33504051089971,11.210125532821412,4.396254597539048
2023-09-18,41.26633273696121,17.344675874189292,1.620638900231212,2.537889333433705,39.17085563608509,49.68403746333794,11.247540023791533,4.398832388427656
2023-09-19,40.29777689094616,16.937581613541905,1.6158183793312262,2.537889333433705,38.2514824157514,48.517910944524566,11.150565867603158,4.389709963313599
2023-09-20,38.30732873104814,16.10944400179123,1.60601216231613,2.537889333433705,36.381233639008876,46.14570056564696,10.967306903640882,4.349353889515102
2023-09-21,38.30732873104814,15.185418231618097,1.5950705058797026,2.537889333433705,34.2944330374862,43.4988173770894,10.748156955443063,4.277466512936113
2023-09-22,38.30732873104814,15.551541267073375,1.5994058746504922,2.537889333433705,35.12127769407649,44.547581317199715,10.839788208943661,4.267848310652612
2023-09-25,38.30732873104814,15.882794958806578,1.6033283454356564,2.537889333433705,35.86937414926078,45.49646159315994,10.916146602683346,4.285795506784673
2023-09-26,38.30732873104814,15.028507876077596,1.5932124849704805,2.537889333433705,33.9400699505501,43.049345732902545,10.743578168148519,4.222831180283794
2023-09-27,38.30732873104814,15.412068965811578,1.597754342786269,2.537889333433705,34.806296346625174,44.14806119406492,10.84207937411039,4.224516947856165
2023-09-28,38.30732873104814,16.24891968547069,1.6076637342325393,2.537889333433705,36.696222625241965,46.54523037775876,11.01770190819221,4.249008465223037
2023-09-29,38.30732873104814,16.44941925747703,1.610037907662933,2.537889333433705,37.14902669302189,47.119563868865974,11.070389258923242,4.238696049706056
2023-10-02,38.30732873104814,16.63248077520467,1.6122055920483276,2.537889333433705,37.56244902131704,47.64394583892114,11.165836365338121,4.237010595124324
2023-10-03,38.30732873104814,15.595130483539215,1.5999220271716637,2.537889333433705,35.21971867492033,44.672443164120075,10.917672471443868,4.180293874734118
2023-10-04,38.30732873104814,16.24891968547069,1.607663734232539,2.537889333433705,36.69622262524198,46.54523037775876,11.087952102837908,4.210734405143701
2023-10-05,38.30732873104814,16.039708696764745,1.6051864063970647,2.537889333433705,36.22374487497868,45.945942926323816,11.087952102837908,4.209148168593985
2023-10-06,38.30732873104814,16.97245264847281,1.616231297342945,2.537889333433705,38.330234436548295,48.61779945316315,11.327716632471443,4.2591224446759846
2023-10-09,38.30732873104814,16.893997470702562,1.6153022868883338,2.537889333433705,38.15305289308025,48.39306363106972,11.298700324749063,4.286390501986135
2023-10-10,38.30732873104814,17.478051367607552,1.622218238030144,2.537889333433705,39.47206807937169,50.06609320538527,11.43843659864723,4.308700787601829
2023-10-11,38.30732873104814,17.879040364367235,1.6269664647343731,2.537889333433705,40.37765329858619,51.21473112066864,11.56213471637828,4.326350016647204
2023-10-12,38.30732873104814,18.027237611999297,1.6287213112124217,2.537889333433705,40.71233888364801,51.639243960039245,11.620931447216272,4.299974608634565
2023-10-13,38.30732873104814,16.545307415899487,1.611173347084264,2.537889333433705,37.365578517802064,47.39423667854594,11.330007797638173,4.278556972316383
2023-10-16,38.30732873104814,17.26883699648394,1.6197408701424836,2.537889333433705,38.9995826903266,49.4667960649733,11.460579410869416,4.3235741026852
2023-10-17,38.30732873104814,16.824257092049585,1.6144764708909898,2.537889333433705,37.99555267087737,48.19329145828106,11.325426648317682,4.323375040639892
2023-10-18,38.30732873104814,15.935098974389694,1.6039476924140952,2.537889333433705,35.9874964513698,45.64628708938506,11.098642632265355,4.265765983942812
2023-10-19,38.30732873104814,15.194133030735369,1.5951737003369695,2.537889333433705,34.314114358751375,43.52378102639415,11.023048353918902,4.228285042138335
2023-10-20,38.30732873104814,14.505474485081821,1.5869332135307892,2.537889333433705,32.75886220702373,41.55111014860538,10.850478738371102,4.176327657378553
2023-10-23,38.30732873104814,14.287545314840942,1.5868394559790164,2.537889333433705,32.26669549671348,40.92684935888866,10.88865852574743,4.169089435900901
2023-10-24,38.30732873104814,14.854164539884898,1.594275979210517,2.537889333433705,33.54633658230192,42.549937101129174,11.01617603943168,4.200521520649376
2023-10-25,38.30732873104814,13.049697987982398,1.570593483381598,2.537889333433705,29.471166811623174,37.38102045971315,10.58933314988267,4.140235142041034
2023-10-26,38.30732873104814,12.833957922260378,1.5678476644068522,2.537889333433705,28.99867951288264,36.78172089705692,10.49617720863452,4.090656799115189
2023-10-27,38.30732873104814,12.82754094329925,1.5720807747102628,2.537889333433705,29.727092737106325,37.70563510146815,10.561080957553525,4.072115233762941
2023-10-30,38.30732873104814,12.34332252398353,1.5655595059736283,2.537889333433705,28.604944234938987,36.282309843039286,10.534356996010851,4.120800614400635
2023-10-31,38.30732873104814,12.657639367655575,1.5697926051790094,2.537889333433705,29.333355549467232,37.206221625206254,10.609950093344331,4.146680558234466
2023-11-01,38.30732873104814,13.549621403705533,1.581805478571047,2.537889333433705,31.400472920029298,39.828138742214804,10.874149781379753,4.190903005375238
2023-11-02,38.30732873104814,14.509563905202382,1.59473361755598,2.537889333433705,33.62508478370791,42.64982076527926,11.155909951303899,4.2712195328067155
2023-11-03,38.30732873104814,15.613920026621837,1.6096066640189814,2.537889333433705,36.18436695488479,45.89599624976028,11.416290243386124,4.310187806119529
2023-11-06,38.30732873104814,15.50348705144912,1.6081193948863757,2.537889333433705,35.92844484879252,45.57138645249379,11.449888881441964,4.320102410536531
2023-11-07,38.30732873104814,15.800811924640454,1.6121236527229663,2.537889333433705,36.617478243226884,46.445351558097215,11.521664944848188,4.332398247721932
2023-11-08,38.30732873104814,15.86027722889987,1.612924508729496,2.537889333433705,36.75528568599192,46.62014554811559,11.562897650758538,4.335571972783914
2023-11-09,38.30732873104814,15.622417659967958,1.6097211068994355,2.537889333433705,36.20405973432262,45.920974432530556,11.54228188830985,4.301759281248314
2023-11-10,38.28817506668261,17.499826032971413,1.6350053258394441,2.537889333433705,40.554846300226906,51.439481476227606,12.009592187363003,4.368886696215606
2023-11-13,37.21015661415768,17.007111628415338,1.6283696364184144,2.537889333433705,39.41300883801263,49.99118287951697,11.936289074183282,4.364722981767918
2023-11-14,41.150488981286465,18.808062726678653,1.6526241579831025,2.537889333433705,43.586610041057966,55.28494925663207,12.300517017954075,4.449401659711117
2023-11-15,42.061228832761635,19.22432150460036,1.6582301722248711,2.537889333433705,44.5512659598042,56.508512031249275,12.309680497608026,4.4588211129399475
2023-11-16,42.22850743381139,19.300777131234724,1.6592598474041322,2.537889333433705,44.72844750327224,56.7332478533427,12.355495533851837,4.464275600775762
2023-11-17,42.99055359283373,19.649074619656663,1.6639505849549758,2.537889333433705,45.53560701920649,57.757043299659756,12.41352696828362,4.469827741690407
2023-11-20,44.942134867801215,20.541055831653733,1.675963447248984,2.537889333433705,47.602722480073105,60.37895799442405,12.591440667532172,4.504235428427468
2023-11-21,42.45154436657126,19.402717417378625,1.660632740244461,2.537889333433705,44.96468828809935,57.03289400130444,12.405892900429112,4.494417851108022
2023-11-22,42.74892814555754,19.538638348272407,1.662463271430252,2.537889333433705,45.27967727433244,57.43242381341624,12.37916539584752,4.511770052038621
2023-11-24,42.9162103525267,19.61509562301254,1.6634929688055724,2.537889333433705,45.456862637191385,57.65716447999818,12.351677318911612,4.514546591981899
2023-11-27,42.69316620792804,19.513152040657108,1.662120031573126,2.537889333433705,45.22061421358251,57.35750864305943,12.34404207004413,4.506416034197373
2023-11-28,41.893953837631294,19.147867526071767,1.6572005192416692,2.537889333433705,44.37408823572705,56.28378105364436,12.273028941018168,4.5108780287223835
2023-11-29,43.157832193883486,19.72553024629103,1.6649802601342372,2.537889333433705,45.71278856267455,57.981779121753185,12.38604007236069,4.507704929641675
2023-11-30,42.39578603486114,19.377232757869088,1.6602895225833938,2.537889333433705,44.905629046740295,56.95798367543612,12.253939047330006,4.525453689709703
2023-12-01,42.8790333234941,19.59810365253183,1.663264127436782,2.537889333433705,45.41748471709751,57.60721780343464,12.303572298514046,4.552225343869133
2023-12-04,41.46646127478907,18.952479642812794,1.654569109853289,2.537889333433705,43.92128798733802,55.70945240702566,12.124130368479026,4.528329760675635
2023-12-05,40.76017344747685,18.629666813900393,1.6502215899635126,2.537889333433705,43.17318771276283,54.760567286576915,12.124130368479026,4.527436798387486
2023-12-06,39.9051955336312,18.238894343593987,1.644835998347298,2.537889333433705,42.26759485476655,53.61191968231653,12.026392096897416,4.509193200121923
2023-12-07,43.08348534765706,19.69154960154114,1.644716351291904,2.537889333433705,45.634040361268546,57.88189545760311,12.301281133347315,4.543599321905798
2023-12-08,44.049979924922944,20.133291390866614,1.6500844513558164,2.537889333433705,46.65775170198293,59.1803637136001,12.406654653796407,4.563133067578214
2023-12-11,48.52933233607241,22.18060463572528,1.674963651436378,2.537889333433705,51.402283094308096,65.19829392253607,12.704451798874699,4.580881827646242
2023-12-12,49.533000336451515,22.6393367474257,1.6805382199685917,2.537889333433705,52.46536853572549,66.54670401060811,12.838841627046168,4.601803373804341
2023-12-13,51.89348565974493,23.71820985744139,1.6936488174958748,2.537889333433705,54.9655952849342,69.71797401370934,12.990031364752046,4.665262851493391
2023-12-14,56.11261689726311,25.64658754946391,1.7170826982423608,2.537889333433705,59.43450033355659,75.386301709143,13.229794713372607,4.6802350716181405
2023-12-15,56.818901118655916,25.96939873027054,1.7210055390561443,2.537889333433705,60.18259678874088,76.33518198510322,13.292408478137853,4.672529555119034
2023-12-18,56.298484012829164,25.731539161338628,1.7181150405838688,2.537889333433705,59.63137083707158,75.63601086951819,13.315685062813676,4.698812630893677
2023-12-19,57.15345832075542,26.122309983539267,1.7228637352428762,2.537889333433705,60.53695987567697,76.78465362929006,13.360239958215786,4.727385546170632
2023-12-20,52.228042861844436,23.87112111071012,1.6955070136826067,2.537889333433705,55.31995837187029,70.16744565789618,12.988439359265055,4.661876918779335
2023-12-21,56.369098732474725,25.76381401661737,1.7185072485589148,2.537889333433705,59.70616596890463,75.73088048805786,13.309539071304568,4.70608058648187
2023-12-22,56.834806829137285,25.976668524818596,1.721093882485543,2.537889333433705,60.199444121964376,76.35655102393171,13.311075569181845,4.715538537559086
2023-12-26,59.90847089171977,27.381503993871682,1.738165614328539,2.537889333433705,63.455070001742406,80.48596396502901,13.494671121841296,4.735450375921332
2023-12-27,60.26241351652339,27.54327546375577,1.740131480947475,2.537889333433705,63.829966134112524,80.96147957945891,13.509267261168942,4.744012234804027
2023-12-28,60.02023996949814,27.432588680294597,1.7387864016642145,2.537889333433705,63.57345584182294,80.63612373096151,13.50619544642736,4.745803793211795
2023-12-29,58.49272563394117,26.734429651075736,1.7303022880486718,2.537889333433705,61.955512207998204,78.58393541872908,13.433217111815088,4.732064756197914
2024-01-02,52.23362482507844,23.87367237844089,1.6955380169990226,2.537889333433705,55.32587078897073,70.17494492611348,12.979989211446522,4.7055829313686015
2024-01-03,48.89916624767978,22.34963930773435,1.6770177813727845,2.537889333433705,51.79401128233815,65.6951591978404,12.74953342606256,4.66715331494254
2024-01-04,47.6510746065687,21.77919199457276,1.6700856360964296,2.537889333433705,50.47203224871472,64.01837030043917,12.674252116153832,4.652120374634158
2024-01-05,48.30306449952853,22.077187646812167,1.673706915582517,2.537889333433705,51.162620135242015,64.89430711286717,12.75798475489407,4.65849223802783
2024-01-08,52.96013464839598,24.205727784507108,1.6995731947648578,2.537889333433705,56.09539020766683,71.15099793814016,13.209676157385358,4.724996175645667
2024-01-09,52.94149565100805,24.197208725785984,1.6994696701249656,2.537889333433705,56.075647776147406,71.12595677701921,13.245012065523808,4.717828690052039
2024-01-10,52.4757983721037,23.98435916190207,1.6968830962822834,2.537889333433705,55.58238108126034,70.5003007746109,13.257302867529049,4.744509576926659
2024-01-11,53.01601197544636,24.23126683150703,1.6998835483767312,2.537889333433705,56.15457548892532,71.22606813212938,13.332584177437775,4.742419112460291
2024-01-12,52.345393902856806,23.9247570648638,1.696158804334698,2.537889333433705,55.44425662905127,70.32510469204598,13.285725125726236,4.745703949198506
2024-01-16,54.37587630025521,24.852800479197295,1.7074365010167434,2.537889333433705,57.594944182020164,73.05302163995161,13.496975278150723,4.72828132537452
2024-01-17,52.960134648395986,24.20572778450711,1.6995731947648578,2.537889333433705,56.09539020766684,71.15099793814016,13.41554915774586,4.701998249599878
2024-01-18,58.10152304395871,26.555628304278247,1.7281294722898626,2.537889333433705,61.5411503095437,78.05836170449986,13.851107923032227,4.743813172758721
2024-01-19,64.93809381542356,29.68032147532569,1.7661011245458516,2.537889333433705,68.78244808292966,87.24317280994477,14.378849474877372,4.802949623765709
2024-01-22,65.68322821245143,30.020889347689963,1.7702397468396502,2.537889333433705,69.57169465558162,88.24424760513834,14.445681817980534,4.813105543964051
2024-01-23,66.91268806801338,30.582820898341964,1.7770684075320773,2.537889333433705,70.87393889646741,89.89600503039564,14.519426630011987,4.827141922083345
2024-01-24,69.70692222431116,31.859941355126235,1.7925881309799212,2.537889333433705,73.83359253726233,93.6500088676847,14.777537015160986,4.832418631237186
2024-01-25,69.14809125909697,31.604524515434772,1.7894842744134738,2.537889333433705,73.24167861442328,92.89922941597636,14.777537015160986,4.858701707011829
2024-01-26,63.3546985468968,28.956621751001148,1.7573066372904533,2.537889333433705,67.10531534845555,85.11590945923462,14.462583294630578,4.852529531644739
2024-01-29,65.27340826059742,29.83357883080596,1.7679635266088412,2.537889333433705,69.13761324195302,87.69366179671924,14.632350366394538,4.89095820909889
2024-01-30,62.4605315009923,28.54793766719479,1.752340258493123,2.537889333433705,66.15821335024776,83.91461195382071,14.487163717628091,4.8871754042567686
2024-01-31,59.79669099618321,27.330414363131478,1.7375447669089181,2.537889333433705,63.33667270348923,80.33578966563103,14.278217721513034,4.8074300847383205
2024-02-01,60.448691706901236,27.62841495968819,1.7411661064789519,2.537889333433705,64.02727204818919,81.21174101152455,14.40880941196481,4.870350279559343
2024-02-02,62.68407686838783,28.65011033625215,1.7535818732204378,2.537889333433705,66.39499266919061,84.21494117466271,14.689196063801889,4.921622840804764
2024-02-05,65.38517012653698,29.884660221017334,1.7685842738885522,2.537889333433705,69.25599144325177,87.84381187367472,14.97572870714808,4.903701622895596
2024-02-06,63.019391313561705,28.80336769173242,1.7554442752834276,2.537889333433705,66.75015782821397,84.66543016143719,14.80596045437115,4.917938628013385
2024-02-07,65.86951000874866,30.106030491728145,1.7712743923991092,2.537889333433705,69.76900438904916,88.4945138816925,15.10478271870961,4.958956677009722
2024-02-08,69.20396858614731,31.63006356243468,1.7897946280253474,2.537889333433705,73.30086389568174,92.97429960996558,15.319873525320801,4.96114698548938
2024-02-09,73.24629077763677,33.477629684274774,1.812246476721564,2.537889333433705,77.58249275070922,98.40508750016737,15.65941239290061,4.989819118798352
2024-02-12,72.92961893577021,33.332893035621396,1.8104876193264485,2.537889333433705,77.24707384259617,97.97964451900233,15.598724860293576,4.987628810318692
2024-02-13,68.62648780578698,31.366122719704777,1.7865871867350616,2.537889333433705,72.68919608315059,92.19846446367073,15.30988806063796,4.918934564221196
2024-02-14,72.87372718504223,33.30734739619841,1.810177185602647,2.537889333433705,77.18787328377414,97.90455494705908,15.617161653807926,4.963636200027638
2024-02-15,72.8551062172513,33.29883657800613,1.8100737611026654,2.537889333433705,77.16814994920917,97.87953800838069,15.564925450032405,4.997883635558414
2024-02-16,71.40210820613264,32.63473565450831,1.802003525738888,2.537889333433705,75.62913402816233,95.92746105125843,15.498091925916267,4.972993681110289
2024-02-20,67.84410426133847,31.008529914744418,1.7822416753853354,2.537889333433705,71.8604952025869,91.14734610214336,15.193123670068701,4.945616077077091
2024-02-21,67.32251523170613,30.770134711437507,1.7793446678188511,2.537889333433705,71.30802794887778,90.44660052779177,15.095564912458919,4.950095599077789
2024-02-22,77.15823734723455,35.26560689392276,1.8339741936940528,2.537889333433705,81.72602770865474,103.66071806371231,16.12646641213872,5.052540564564703
2024-02-23,74.82970768167992,34.20133929723394,1.8210410841448557,2.537889333433705,79.25964840152866,100.53237991780858,16.02583465877438,5.0560250893295
2024-02-26,76.76704557501027,35.08681049144258,1.8318014380191896,2.537889333433705,81.31167726837289,103.13515888294862,16.158730505535587,5.037507624256321
2024-02-27,76.5807565668742,35.001666051192856,1.8307667524037667,2.537889333433705,81.11435989612356,102.88488291741746,16.11187145382405,5.046865731320246
2024-02-28,74.14045782354123,33.88631376808113,1.8172128555188944,2.537889333433705,78.52959474891696,99.60638500558125,15.932885394796429,5.040195274858613
2024-02-29,79.8034460664945,36.47461443547649,1.84866620069433,2.537889333433705,84.52783356267562,107.21450887975807,16.28163970660098,5.058314928831814
2024-03-01,90.03036716608595,41.14888631665345,1.905468522300359,2.537889333433705,95.36019140151619,120.9541952854193,16.941508265762202,5.105803433272564
2024-03-04,92.71282503276657,42.37491879080328,1.920367418356563,2.537889333433705,98.20145156344881,124.55802966779888,17.21421360922587,5.100327662073415
2024-03-05,87.25475397757911,39.88027667806146,1.890052223352497,2.537889333433705,92.42026109528625,117.22520838680865,16.950727253025864,5.049354632867867
2024-03-06,93.55109311610425,42.75805393897509,1.9250233233741267,2.537889333433705,99.08934536405273,125.68422791229246,17.38782369720248,5.074940991483933
2024-03-07,103.05150799829761,47.10027206219162,1.9777904872423027,2.537889333433705,109.15218760358815,138.4478661504156,17.988542402646917,5.125316208572283
2024-03-08,91.185314303129,41.67676140969018,1.9118833247690021,2.537889333433705,96.58351174901496,122.50584620005496,17.28335128965144,5.0945532978063035
2024-03-11,87.12434950833222,39.82067458102319,1.8893279314049112,2.537889333433705,92.28213664307718,117.05001230424372,16.975308857036346,5.090173306828259
2024-03-12,92.35889683164058,42.21315391334227,1.918401631849556,2.537889333433705,97.82657070864227,124.08253343132306,17.512268215132178,5.144929453866565
2024-03-13,85.83900511388109,39.23320068715974,1.8821888770446469,2.537889333433705,90.92069948215114,115.32317499602019,17.16581924065003,5.136865250097141
2024-03-14,81.08879046094562,37.062088329339936,1.8558052550545945,2.537889333433705,85.88927072360165,108.94134618798161,16.858545647480064,5.126710894851985
2024-03-15,79.61717148203603,36.38947658764984,1.8476315951908358,2.537889333433705,84.33053146798986,106.96425229218096,16.734099948537395,5.091508211896242
2024-03-18,79.2446006776027,36.21919100336194,1.8455622640159544,2.537889333433705,83.935904362273,106.46371005009568,16.767899358798566,5.121767207736205
2024-03-19,77.22176643525553,35.29464322136497,1.8343270466841142,2.537889333433705,81.7933177373855,103.746068262325,16.73102695278284,5.150229950308839
2024-03-20,80.91321103343292,36.98183876322482,1.8548300525462487,2.537889333433705,85.70329694230084,108.7054583533325,16.99912162160171,5.197866499321021
2024-03-21,86.33848985758034,39.46149300210129,1.884963113080363,2.537889333433705,91.44975386969386,115.99422385579032,17.384750701447928,5.215042799513472
2024-03-22,86.56220830910715,39.563744780235574,1.8862056891508223,2.537889333433705,91.6867165193995,116.2947856120809,17.48691895268954,5.205156364253825
2024-03-25,85.5554500358007,39.10360024189093,1.88061395663788,2.537889333433705,90.62035785998788,114.94222379735368,17.44390055516471,5.190776009424164
2024-03-26,83.95210682114318,38.370783196451036,1.8717086745850575,2.537889333433705,88.92209625510064,112.78816073619257,17.281813610761187,5.181188167232478
2024-03-27,86.6927281677749,39.62339961665846,1.8869306219938378,2.537889333433705,91.8249631921171,116.47013671827824,17.27566761925208,5.224729859737174
2024-03-28,86.7486415540193,39.64895514471607,1.8872411758855328,2.537889333433705,91.8841866672845,116.54525535715258,17.283351289651442,5.223731419604262
2024-04-01,89.47061308550491,40.89304756188507,1.902359538570474,2.537889333433705,94.76729971460885,120.20217564465179,17.50996405882275,5.214643736450944
2024-04-02,85.5368146443322,39.09508283127558,1.8802729079202085,2.537889333433705,90.60061924785934,114.91718748072127,17.28488660651574,5.181487699272352
2024-04-03,86.11476419421477,39.35923792775549,1.8801361567130415,2.537889333433705,91.21278358120644,115.69365241052274,17.354023105928338,5.187179434011223
2024-04-04,78.9929002915179,36.104149924458476,1.8575169579011834,2.537889333433705,83.66930323924741,106.12555506294835,16.89157739930908,5.123864557996595
2024-04-05,81.32336272987189,37.1693009058396,1.8649185586530224,2.537889333433705,86.13772973989145,109.25648985469476,17.102827551733572,5.177392842764867
2024-04-08,82.03181771474459,37.493104246319305,1.8671686275073318,2.537889333433705,86.88812546839259,110.2082865127395,17.135090464117468,5.18028831915031
2024-04-09,84.62327659940124,38.67754512327696,1.8753991588016192,2.537889333433705,89.63299948178113,113.6898653830184,17.214982448671,5.186281150882239
2024-04-10,80.33524705987277,36.71767707432185,1.8617802812169204,2.537889333433705,85.09111733139017,107.928974045577,17.065185125259752,5.134350683317264
2024-04-11,85.38766660603476,39.02691388044889,1.8778268785342715,2.537889333433705,90.442641601795,114.71680974686855,17.461568509233935,5.173098298230798
2024-04-12,77.38954986502156,35.371329582807036,1.8524246811380365,2.537889333433705,81.97103399557838,103.97148231281018,16.952262569890173,5.101694179195764
2024-04-15,74.16421362056035,33.897171488888794,1.8421809411922432,2.537889333433705,78.55475689611178,99.63830049590143,16.6972263615087,5.037779613120114
2024-04-16,75.58113080214454,34.544781466059746,1.846681101805823,2.537889333433705,80.05555599189582,101.54190350096793,16.835499360333888,5.028591146981593
2024-04-17,69.09315868292984,31.579417272146397,1.8260751574553928,2.537889333433705,73.18349401357841,92.82542847797744,16.31620677529431,4.998831371208086
2024-04-18,65.08478982852778,29.74736971422933,1.8132411330794498,2.537889333433705,68.93782854318762,87.44025629160906,16.026603498219515,4.988544933914
2024-04-19,57.40362979701388,26.236652265596618,1.813159879992066,2.537889333433705,60.801941576964495,77.12075455330819,15.302975591709677,4.945003867390578
2024-04-22,59.79000562161225,27.327358775035343,1.8199155644006055,2.537889333433705,63.32959155277593,80.32680798392893,15.59565186453903,4.990542440161097
2024-04-23,63.59330223371424,29.065676909750795,1.830682465137103,2.537889333433705,67.35804444376231,85.4364692641047,15.962844150870902,5.049763398640151
2024-04-24,66.16612572690238,30.241600376093093,1.8379659715235204,2.537889333433705,70.08317984502231,88.89301181775117,15.981279763372276,5.047367142321163
2024-04-25,69.74569306971935,31.87766178835696,1.8480995083444673,2.537889333433705,73.87465862813038,93.70209680817082,16.300844158547484,5.028192083919066
2024-04-26,74.20151325085264,33.914219494965664,1.8607136635058839,2.537889333433705,78.59426467549602,99.68841188507443,16.718734969764633,5.075828632931249
2024-04-29,75.71165066081232,34.60443630248263,1.8649887704065051,2.537889333433705,80.19380266461346,101.71725460716529,16.77558184818496,5.0938046242019395
2024-04-30,71.18123843093329,32.53378587993173,1.8521634497046409,2.537889333433705,75.39518869726118,95.63072644089274,16.446030807313935,5.0131121950150925
2024-05-01,64.07803155522136,29.287225175884693,1.8320547042814626,2.537889333433705,67.87146988377604,86.08769447688186,15.966684805057609,4.996834177951626
2024-05-02,67.95590218647209,31.0596277860135,1.8430327195177183,2.537889333433705,71.9789115977946,91.29754462398402,16.287785698110095,5.043571817853551
2024-05-03,72.65409784611712,33.206964570006456,1.8563330248757282,2.537889333433705,76.95524182333978,97.60948684074172,16.725649800718866,5.106088567743124
2024-05-06,76.99804798372878,35.192391443230704,1.8686304827671625,2.537889333433705,81.5563550876799,103.44550650603448,17.105131708043007,5.158817787414429
2024-05-07,75.24554951893496,34.39140215075256,1.8636692665024992,2.537889333433705,79.70010819794652,101.09105602204359,16.956104405089853,5.16451046112521
2024-05-08,75.33876253547163,34.43400568488703,1.8639331468670244,2.537889333433705,79.79883945249811,101.2162860500909,17.007571769420245,5.165009994182303
2024-05-09,74.49980211560879,34.050554100407524,1.8615581010886408,2.537889333433705,78.91021232884296,100.0891576638029,16.898489868237377,5.194769769955811
2024-05-10,76.49467605891435,34.96232247026992,1.8672054675498977,2.537889333433705,81.02318339675587,102.76923528764789,17.153528438644795,5.201462135762053
2024-05-13,76.94212738564558,35.16683261896156,1.8684721749647228,2.537889333433705,81.49712397373072,103.37037817818312,17.150454261877268,5.20216010488318
2024-05-14,80.5589655113996,36.81992885245613,1.8787112230989282,2.537889333433705,85.32807998109585,108.22953580186763,17.443900555164717,5.226028144900598
2024-05-15,87.62490160417448,40.049454735272455,1.8987144572088481,2.537889333433705,92.81232157032393,117.72249513261364,17.96780145282315,5.290743028035762
2024-05-16,86.24526962920494,39.41888617175529,1.8948088032348382,2.537889333433705,91.35101497636053,115.86898413876607,17.837209762371376,5.279856587690016
2024-05-17,84.64191920270859,38.68606583010385,1.8902698159696916,2.537889333433705,89.6527457326915,113.7149113886279,17.687414800986073,5.287445358681419
2024-05-20,89.95534961885085,41.114599124230494,1.9053118133986724,2.537889333433705,95.2807327934044,120.85341054640598,18.052301749995543,5.29353803442664
2024-05-21,89.45197048219762,40.88452685505817,1.9038867777651318,2.537889333433705,94.7475534636986,120.17712963904236,18.02695130653994,5.306520260079588
2024-05-22,92.06207197016161,42.077488438842714,1.9112758158810839,2.537889333433705,97.51217372799746,123.68375451493073,18.17444211161581,5.2912413091303065
2024-05-23,90.99938588693317,41.591781780017385,1.9082674163952877,2.537889333433705,96.38657631585488,122.25605468337511,18.422565851069,5.252593225239426
2024-05-24,95.90265018295888,43.83284633910619,1.9221482585552536,2.537889333433705,101.58011530141358,128.84350296183692,18.76363885450014,5.2873470796213144
2024-05-28,100.74998666906257,46.0483487777143,1.935870772496504,2.537889333433705,106.71441553424131,135.3558132234703,19.191516311413093,5.291040995122449
2024-05-29,95.0450543716275,43.44087734401132,1.9197204571202409,2.537889333433705,100.67174956562988,127.69133825891645,18.87041541836061,5.2539904154442265
2024-05-30,93.21797106992673,42.60579863180252,1.9145480957314056,2.537889333433705,98.73650239469164,125.23668437453364,18.61077089736028,5.219137656020958
2024-05-31,90.5892269786554,41.40431634119108,1.9071062815425488,2.537889333433705,95.95213587948246,121.7050134930358,18.47326555696724,5.266674674010487
2024-06-03,90.5892269786554,41.40431634119108,1.9071062815425488,2.537889333433705,95.95213587948246,121.7050134930358,18.703720161338232,5.270968279572643
2024-06-04,88.72487289401758,40.55220280775156,1.9018284088404551,2.537889333433705,93.97741148428715,119.20028697538812,18.636121340815887,5.276860015328732
2024-06-05,99.78052081420957,45.605248949234976,1.9331262737915096,2.537889333433705,105.68755701543212,134.05335310893898,19.543344799985174,5.339576453244887
2024-06-06,97.89751691442561,44.74461141275703,1.927795604600235,2.537889333433705,103.6930787305447,131.52357089670483,19.38970918441316,5.339476922222233
2024-06-07,96.70431818436822,44.19925321372036,1.9244177317715516,2.537889333433705,102.42924228446631,129.92052964792893,19.37434420564039,5.332986122386397
2024-06-10,100.58219602745774,45.9716591200607,1.935395767424083,2.537889333433705,106.53669163726664,135.13038948400808,19.654730857477475,5.349462575513898
2024-06-11,100.9923549357355,46.159124558887015,1.9365569022768225,2.537889333433705,106.97113207363908,135.68143067434738,19.625540940848133,5.362347148088015
2024-06-12,109.47518657457817,50.03625053023968,1.9605712812577352,2.537889333433705,115.95614984230583,147.0779639432288,20.210127009087653,5.406387434677893
2024-06-13,113.4649200375117,51.85978067754139,1.971865973347697,2.537889333433705,120.1820767005681,152.43809981296477,20.52661958952128,5.417273249042364
2024-06-14,112.0480028559275,51.212170700370436,1.967854767227877,2.537889333433705,118.68127760478407,150.53449680789828,20.5788557932968,5.420570292415434
2024-06-17,116.8394115321092,53.40211101849786,1.981418952950412,2.537889333433705,123.75633908488084,156.97166905270328,20.931451940301027,5.4637104179325044
2024-06-18,121.63080578461329,55.59204474420221,1.9949830978403955,2.537889333433705,128.83138528741404,163.40882191955424,21.260234141726926,5.4775934306395335
2024-06-20,111.89885481763002,51.144001749543726,1.96743253822836,2.537889333433705,118.52329995871969,150.3341190740455,20.657978938405208,5.462711977799594
2024-06-21,108.505727931564,49.59315399797189,1.9578268029690153,2.537889333433705,114.92929896227841,145.77551351767454,20.34840000791284,5.455389248849877
2024-06-24,99.22121386763435,45.349614559581966,1.9315429099392534,2.537889333433705,105.09513893299534,133.30193418474698,19.64858604698134,5.4376551993418
2024-06-25,103.388531649268,47.254310619806496,1.9433403324041534,2.537889333433705,109.50916315389428,138.900651424745,20.108727597291164,5.458594898956862
2024-06-26,102.41634693118606,46.80996811957718,1.9405881367631874,2.537889333433705,108.4794248143527,137.59453856587533,20.042664093633125,5.4654080791490935
2024-06-27,100.58415043577355,45.97255239338762,1.9354013002348205,2.537889333433705,106.53876174712998,135.13301519678186,19.88518546184846,5.474023459430762
2024-06-28,103.50071180185817,47.305583190287095,1.9436579075739944,2.537889333433705,109.62798440453646,139.0513634623679,20.026531456428202,5.4524840697546795
2024-07-01,103.50071180185817,47.305583190287095,1.9436579075739944,2.537889333433705,109.62798440453646,139.0513634623679,20.050347764032477,5.463704158119761
2024-07-02,107.6886049595985,49.21968334203081,1.9555135776737096,2.537889333433705,114.06380206986367,144.67772335381804,20.251608908735204,5.500474298186983
2024-07-03,112.90476209395769,51.60375733492685,1.9702802003748983,2.537889333433705,119.58875724188088,151.6855375894838,20.711752821070974,5.5250196499434665
2024-07-05,113.68999431473362,51.9626521434449,1.972503144898681,2.537889333433705,120.42047544124904,152.740483096936,20.71943176741844,5.556881470836922
2024-07-08,120.23356971112416,54.953430128319695,1.9910276077371936,2.537889333433705,127.35143242711715,161.53166013278874,21.064346606049256,5.56329277105089
2024-07-09,120.12141119405041,54.90216744647371,1.9907100938161801,2.537889333433705,127.23263409282032,161.3809771620969,21.11043681831567,5.56870312720685
2024-07-10,128.23542218463763,58.610721863538465,2.013680364037155,2.537889333433705,135.82699692229764,172.28200645694602,21.606681935196097,5.623805754880621
2024-07-11,115.89612465211336,52.970976437903126,1.9787485653265176,2.537889333433705,122.75720934394573,155.70437992477247,20.819295862350625,5.575314115447401
2024-07-12,119.54183176859823,54.63726740618611,1.9890693398126915,2.537889333433705,126.61874339479016,160.6023225234878,21.082784580576583,5.610481117470494
2024-07-15,119.91573676321023,54.80816278960863,1.990127842047058,2.537889333433705,127.01478367513698,161.10465722632273,21.035156689419917,5.625910929906943
2024-07-16,122.08447371639325,55.799396227239995,1.9962674040849475,2.537889333433705,129.31191049428628,164.0183167082849,21.025937702156256,5.659273227915501
2024-07-17,96.37754976817665,44.04990186891316,1.923492670315718,2.537889333433705,102.08312908185643,129.481522098929,19.5287498416705,5.5799238415532075
2024-07-18,96.58321698717803,44.1439032295667,1.924074901668564,2.537889333433705,102.300971860758,129.75783234572617,19.63014925346699,5.537042246302527
2024-07-19,87.87091184944327,40.16189510327207,1.8992865186124461,2.537889333433705,93.07289569452237,118.05300551688825,19.061694641419415,5.500273358197854
2024-07-22,98.95760673568482,45.22913143542853,1.89922973261629,2.537889333433705,104.81592618124529,132.94778269653148,19.79761334993449,5.556980375878304
2024-07-23,94.4705809280483,43.178311021492945,1.8940800480458861,2.537889333433705,100.06326712510247,126.91954341604095,19.577913049691468,5.548263586630158
2024-07-24,80.2055781981839,36.6584111908605,1.8777083426882464,2.537889333433705,84.9537720349231,107.7547662386686,18.511674460860245,5.422525857917139
2024-07-25,74.37243383049824,33.99233970842694,1.8710137403313607,2.537889333433705,78.77530380376479,99.91804064056541,18.172137955306383,5.394273445052755
2024-07-26,78.37336006725498,35.82098557603633,1.8756055365438287,2.537889333433705,83.01308605135503,105.29321380264406,18.460207096529853,5.454687523841106
2024-07-29,78.16772169560879,35.72699740022893,1.8753695288195702,2.537889333433705,82.79527382758057,105.01694231175496,18.328847747645924,5.457894425910639
2024-07-30,69.62367596900108,31.821893185337903,1.8655636702545817,2.537889333433705,73.74541807913556,93.53816900588586,17.62749610782417,5.43024232908855
2024-07-31,82.9912663254994,37.9316256369717,1.8809054304212338,2.537889333433705,87.9043737193046,111.49728863818311,18.97335369006032,5.518507566744297
2024-08-01,65.43577559942194,29.907789737382643,1.8607572869529954,2.537889333433705,69.30959277502657,87.9117994254587,17.74579581525773,5.440360064429145
2024-08-02,54.853880582077934,25.07127502807159,1.8486126227962376,2.537889333433705,58.10124645802082,73.695211881653,16.779422502371663,5.339070034393781
2024-08-05,52.11554146510663,23.832237351296808,1.8455013541727743,2.537889333433705,55.22984748256144,70.05314964042154,16.386112114152027,5.183575659813628
2024-08-06,52.11554146510663,24.421848838342953,1.846951227963818,2.537889333433705,56.59623839347408,71.78627025024575,16.704908850895087,5.2313674521819
2024-08-07,52.11554146510663,22.405208489955335,1.8469099514062206,2.537889333433705,51.92278968503517,65.85850081701533,16.244766119572287,5.19639982519475
2024-08-08,52.11554146510663,26.882831686959875,1.863407978806758,2.537889333433705,62.299425441454545,79.02015254234583,17.277205298142338,5.316526570753316
2024-08-09,52.11554146510663,26.498305537518828,1.861991172909838,2.537889333433705,61.40830807493797,77.8898655495477,17.272595804510505,5.339970195466588
2024-08-12,52.11554146510663,26.840107841104246,1.8632505606524001,2.537889333433705,62.200415371367846,78.8945688666371,17.434683929926997,5.342777721482957
2024-08-13,52.11554146510663,30.147055140535702,1.875435173952298,2.537889333433705,69.86407666712653,88.61510288974483,18.143715697109183,5.43064233112299
2024-08-14,52.11554146510663,29.950521823767115,1.8747110370826894,2.537889333433705,69.40862194206773,88.03740732360995,18.15907831385601,5.447774186644947
2024-08-15,52.11554146510663,34.111975706215,1.8900441227752567,2.537889333433705,79.05255338859654,100.26970206168548,18.925725798903642,5.541151187388691
2024-08-16,52.11554146510663,33.949614214465534,1.8894458937100092,2.537889333433705,78.67628991428718,99.79245212036813,18.951845081804382,5.553575037744738
2024-08-19,52.11554146510663,35.54754834786414,1.8953335622245686,2.537889333433705,82.3794109085056,104.48946471354031,19.307511862537215,5.606674525339941
2024-08-20,52.11554146510663,34.25723974871453,1.8905793554306247,2.537889333433705,79.38919450179495,100.69669527917449,19.055548649910296,5.597557108076082
2024-08-21,52.11554146510663,35.65863397292147,1.8957428627854613,2.537889333433705,82.63684549339101,104.81599292825774,19.252972683465238,5.616792886661811
2024-08-22,52.11554146510663,32.05260821576022,1.8824562798973592,2.537889333433705,74.28008697128915,94.21633926376931,18.622294040933358,5.572710033345264
2024-08-23,52.11554146510663,34.52213978900212,1.8915553929243538,2.537889333433705,80.0030851998251,101.47534991778357,19.080899093365904,5.6319216021052
2024-08-26,52.11554146510663,31.932975514183692,1.8820154872040546,2.537889333433705,74.00284502523917,93.86468753162623,18.63381600349347,5.618496807691144
2024-08-27,52.11554146510663,32.89002723816132,1.8855417923153197,2.537889333433705,76.22075767729366,96.67787232183981,18.82125221033963,5.626210774937456
2024-08-28,52.11554146510663,31.27500554414739,1.8795911638260514,2.537889333433705,72.47803723830962,91.93063207177035,18.504761991931947,5.593549575956397
2024-08-29,52.11554146510663,30.92465781214854,1.8783002900236063,2.537889333433705,71.66612640010605,90.90081008174378,18.275842704425262,5.5940509869573125
2024-08-30,52.11554146510663,33.14638020192971,1.8864863376766376,2.537889333433705,76.81484101415924,97.43140344302324,18.702184844473916,5.6474521975268495
2024-09-03,52.11554146510663,25.695064932559923,1.859031592586353,2.537889333433705,59.54684389724646,75.52879749424875,17.298713906398262,5.531232514093404
2024-09-04,52.11554146510663,25.89160319364582,1.8597557476735467,2.537889333433705,60.00231008047794,76.10650759384917,17.25723200675071,5.519911016761845
2024-09-05,52.11554146510663,25.42162440817621,1.8580240872503258,2.537889333433705,58.91316111561528,74.72503871616804,17.227272069663268,5.506484970385239
2024-09-06,52.11554146510663,22.170324779530823,1.8460504769579058,2.537889333433705,51.407916695873496,65.20543954309197,16.51593614617165,5.413809068668994
2024-09-09,52.11554146510663,22.159239617141058,1.8459963543934685,2.537889333433705,54.31892657427117,68.89774397468624,16.889272061986684,5.474424087446476
2024-09-10,52.11554146510663,22.90245751877857,1.8496268813851295,2.537889333433705,56.1407760296335,71.20856499513384,17.049054850080775,5.4982689661567345
2024-09-11,52.11554146510663,26.028823098376865,1.864898788315147,2.537889333433705,63.804433506001295,80.92909417375307,17.929391367917173,5.5546755128253995
2024-09-12,52.11554146510663,25.69760811841755,1.8632808443418718,2.537889333433705,62.99252648718862,79.89927702821502,17.967801452823142,5.601463857210563
2024-09-13,52.11554146510663,27.00631979856389,1.869673738092957,2.537889333433705,66.20057039523729,83.96833733142398,18.199024896639262,5.6307203440393305
2024-09-16,52.11554146510663,25.980353449563154,1.8646620201104163,2.537889333433705,63.68561989414089,80.77839182510718,17.960120144449732,5.639035253309213
2024-09-17,52.11554146510663,25.980353449563154,1.8646620201104163,2.537889333433705,63.68561989414089,80.77839182510718,17.95397415294063,5.641340116362116
2024-09-18,52.11554146510663,25.156350722424385,1.8606368692959803,2.537889333433705,61.66574265982337,78.2163937642651,17.7496376504574,5.624607636893324
2024-09-19,52.11554146510663,28.37157836358702,1.8763428563421163,2.537889333433705,69.54722763752916,88.21321381172746,18.520124608678774,5.720589971701757
2024-09-20,52.11554146510663,27.10325909619131,1.8701472745024184,2.537889333433705,66.43819761895809,84.26974202871574,18.275075045993116,5.710700719526374
2024-09-23,52.11554146510663,27.402160457571885,1.8716073704688174,2.537889333433705,67.17089429006687,85.1990893269937,18.355733507965823,5.724970588661076
2024-09-24,52.11554146510663,28.381388216645114,1.8763907762539391,2.537889333433705,69.5712745225836,88.24371471140196,18.697574169829117,5.74135126665357
2024-09-25,52.11554146510663,28.92361008199072,1.879039462612635,2.537889333433705,70.90042255291083,89.92959671374109,18.861965270542065,5.728688917431919
2024-09-26,52.11554146510663,32.08788912322538,1.8944965720862332,2.537889333433705,78.65701726784745,99.76800683133423,19.405839459592126,5.751400770035238
2024-09-27,52.11554146510663,30.47742474257898,1.8866296539318632,2.537889333433705,74.70928720335812,94.7607338158695,19.030967045899818,5.743060195533098
2024-09-30,52.11554146510663,29.68433177798252,1.8827554934622086,2.537889333433705,72.76517904555102,92.29484071813778,18.855052801613777,5.766073771110751
2024-10-01,52.11554146510663,27.377885122336014,1.8714887884760918,2.537889333433705,67.11138817997349,85.12361219596944,18.350356355901845,5.714419048297215
2024-10-02,52.11554146510663,28.29237034419993,1.8759559350210513,2.537889333433705,69.35306508215642,87.96693939370762,18.614611551546975,5.716830328166791
2024-10-03,52.11554146510663,28.494687656761414,1.8769442299242238,2.537889333433705,69.84900535066771,88.59598653807465,18.785917483214156,5.70637894480686
2024-10-04,52.11554146510663,29.68433177798252,1.882755493462209,2.537889333433705,72.76517904555101,92.29484071813776,19.037113037408925,5.758234607609527
2024-10-07,52.11554146510663,29.465822598683477,1.8816881033043253,2.537889333433705,72.2295476668927,91.61544964914914,19.06784063292852,5.706178004817729
2024-10-08,52.11554146510663,30.315568399555698,1.8858390058314574,2.537889333433705,74.31252887752363,94.25748834919422,19.398158151218716,5.760143850496913
2024-10-09,52.08948369437408,31.24623613950433,1.8903852019641216,2.537889333433705,76.59387397350824,97.1511304046229,19.600190497392518,5.800040767030525
2024-10-10,51.037176874513925,30.615002634148766,1.8873017048172085,2.537889333433705,75.04653178031738,95.18849246254345,19.561780412486545,5.789891106644928
2024-10-11,52.1704259771106,31.294789926193694,1.8906223811719083,2.537889333433705,76.71289383247678,97.30209435564845,19.71849138583905,5.82456295747985
2024-10-14,55.07103873207294,33.034742497476344,1.8991218330289388,2.537889333433705,80.97803819641548,102.71197343343042,20.071086351830306,5.872198254529484
2024-10-15,46.50413890464699,27.89582853622813,1.8740188776197273,2.537889333433705,68.38102246142554,86.73400737830727,18.98641215049771,5.826572983352439
2024-10-16,46.49063726849834,27.887729486641735,1.8739793147700363,2.537889333433705,68.36116926757026,86.70882572701946,18.998704133515922,5.851897055814467
2024-10-17,47.50247554445774,28.494687656761418,1.8769442299242238,2.537889333433705,69.84900535066771,88.59598653807463,19.325949837064545,5.852400344759207
2024-10-18,47.58342821706432,28.54324767588602,1.877181439576681,2.537889333433705,69.96804048719983,88.74696986705423,19.320571503987587,5.8749112573733955
2024-10-21,47.34059097898469,28.39758008338268,1.876469871508651,2.537889333433705,69.6109656327306,88.29405863602352,19.422739755229202,5.86526363396999
2024-10-22,46.800935932905965,28.073864281118503,1.8748885600855032,2.537889333433705,68.81744134227989,87.28755801369599,19.334398803870105,5.8621481251665415
2024-10-23,45.60022020904627,27.353606670882524,1.8713701912610314,2.537889333433705,67.05187443109831,85.04812537596813,19.128525803509604,5.8085822815217965
2024-10-24,46.261286081762265,27.75015159507194,1.873307263884691,2.537889333433705,68.02392469061097,86.28106708034547,19.209185446495287,5.821145099720794
2024-10-25,47.59691946334292,28.55134049303718,1.8772209719817015,2.537889333433705,69.98787840349156,88.77213214038798,19.431958742492863,5.81913569982948
2024-10-28,47.69135818729307,28.607990213095327,1.8774976988168437,2.537889333433705,70.12674381753362,88.94826805372432,19.29752757886735,5.837123897735024
2024-10-29,51.239535178822756,30.736388658980996,1.8878946604478428,2.537889333433705,75.34408524712968,95.56590718459582,19.736158158895304,5.846571207130572
2024-10-30,45.88354157583175,27.523558947274587,1.8722003869887935,2.537889333433705,67.46847831200628,85.57654280495416,19.256810975626003,5.828883480236812
2024-10-31,40.59499121689612,24.35118553077995,1.8566442612430172,2.537889333433705,59.69204186138703,75.71296556953874,18.56544716251304,5.714619988286344
2024-11-01,41.59334084404445,24.95005244185728,1.8565711690876001,2.537889333433705,61.16004384758366,77.57496895174867,18.801280099960984,5.738738420813583
2024-11-04,40.94576362013953,24.56159877671022,1.854295188647762,2.537889333433705,60.20782768497184,76.36718467621658,18.76440769394526,5.726377168584992
2024-11-05,42.335351596964486,25.39515271084488,1.8591790464147426,2.537889333433705,62.251117785455754,78.95887945164009,19.074753101856803,5.795619461288358
2024-11-06,46.03194008996123,27.612576819719774,1.8721711078919179,2.537889333433705,67.68668775243344,85.85331812264852,19.57407239550476,5.939730366390771
2024-11-07,48.85160017231699,29.30396937187782,1.8820811092902625,2.537889333433705,71.83279697984003,91.11221387145088,20.051113060438684,5.985657986523425
2024-11-08,47.77230566496463,28.656547116002315,1.8782878116002262,2.537889333433705,70.24577131528395,89.09924169372688,19.92205904887716,6.011586130915395
2024-11-11,44.210632232221315,26.520052736747868,1.8657699237456573,2.537889333433705,65.00858433061438,82.45643060054459,19.475744798449853,6.017313859577552
2024-11-12,42.72659773904366,25.629844408228635,1.8605541234459646,2.537889333433705,62.82641735791573,79.6885853783192,19.347458445320477,5.998621432738135
2024-11-13,40.055341365752426,24.027472844733396,1.8511657029904975,2.537889333433705,58.89852520971811,74.70647463618823,19.022518079094258,6.001536627533726
2024-11-14,39.933925344180125,23.954640606590537,1.850738973204488,2.537889333433705,58.71999160187438,74.4800238651614,19.064766456160992,5.962946133920104
2024-11-15,35.96751452307904,21.57536171280117,1.8367985918693446,2.537889333433705,52.887667128453124,67.08234457196623,18.43255249676481,5.886567654686837
2024-11-18,37.33012260481433,22.392731570742306,1.8415876258667017,2.537889333433705,54.89128521574448,69.62371964521073,18.554692858385078,5.9106885911391736
2024-11-19,37.57296503782899,22.53840227946326,1.8424411219550465,2.537889333433705,55.2483677089955,70.07664056521847,18.75749286299103,5.93229308286781
2024-11-20,36.60159790323785,21.955721002688257,1.8389628265865097,2.537889333433705,53.820041555382325,68.26496172967606,18.63151066617108,5.9343043607029475
2024-11-21,38.436399604723874,23.056339460920135,1.8388779411202836,2.537889333433705,56.517986712883996,71.68701636960225,18.904986030092854,5.966161799727481
2024-11-22,38.436399604723874,23.056339460920135,1.8388779411202836,2.537889333433705,56.517986712883996,71.68701636960225,18.791292273252203,5.984653286577766
2024-11-25,39.56966169465812,23.736134543509106,1.8438834817978575,2.537889333433705,58.184367861997856,73.80064248514981,18.717548642233726,6.004953233330234
2024-11-26,37.95071473869454,22.764998043478233,1.8367327044843942,2.537889333433705,55.80382172638197,70.78117452958679,18.545475052134393,6.036308009391302
2024-11-27,36.39922920905896,21.834328745420798,1.829879899649364,2.537889333433705,53.52247281100648,67.88752762966962,18.301960806313033,6.018017462530148
2024-11-29,37.856276014744395,22.708348323420086,1.8363155751385267,2.537889333433705,55.66495631233991,70.60503861625047,18.60001659323231,6.055402316208981
2024-12-02,40.74339752342815,24.44020807755157,1.8490677921950887,2.537889333433705,59.91026275998689,75.98975542069867,19.040952510582667,6.066255579547175
2024-12-03,40.1093089483343,24.059845671446862,1.8462670665871217,2.537889333433705,58.9778806942759,74.80712857401183,19.083203249675343,6.069069365376289
2024-12-04,41.660791880502366,24.990513411395487,1.8531198599493166,2.537889333433705,61.259225790260494,77.70077062944048,19.40660829903726,6.106755316048183
2024-12-05,39.28634812027519,23.56618694144347,1.8426321052330905,2.537889333433705,57.767775439262564,73.27223958962931,19.07398426241168,6.096705812666515
2024-12-06,39.94741399299119,23.962731865632886,1.845551987708492,2.537889333433705,58.739825698775206,74.50518129400665,19.097798207990014,6.108263304938579
2024-12-09,39.43474663440468,23.65520481388866,1.8432875712594974,2.537889333433705,57.98598487968974,73.54901490732368,18.90268069277045,6.076807745892308
2024-12-10,36.507159179287704,21.89907128263011,1.830356618901784,2.537889333433705,53.681176141340266,68.08882581633972,18.427175344700824,6.057915005045035
2024-12-11,39.2863481202752,23.566186941443473,1.8426321052330905,2.537889333433705,57.767775439262564,73.27223958962931,18.87809908875996,6.104745290175593
2024-12-12,38.395925865888096,23.03206100946665,1.8386991714006262,2.537889333433705,56.458472964008834,71.61152954960096,18.695271194532662,6.073290983091872
2024-12-13,41.41795723989025,24.84484737700096,1.8520472760498776,2.537889333433705,60.902154755182146,77.24786424289827,19.165398209525325,6.072085343157084
2024-12-16,43.85985463404287,26.309636374599986,1.8628329688260308,2.537889333433705,64.4927908682478,81.80220180488975,19.454235009180948,6.098012235586506
2024-12-17,41.99807303746717,25.192833840174583,1.8546096076131287,2.537889333433705,61.75517369755356,78.32982746278454,19.201504138121877,6.07288910311361
2024-12-18,37.545979947804284,22.52221508705212,1.8349450187606549,2.537889333433705,55.20868805702116,70.02631117406243,18.589262289104347,5.891895381314555
2024-12-19,35.48183225451722,21.272760745924543,1.8258278204223006,2.537889333433705,52.17350596134198,66.17650757643929,18.349587516456726,5.890085669449823
2024-12-20,36.83094908997391,21.262124365551582,1.8317867766590434,2.537889333433705,54.15728613234162,68.69272037635002,18.644571488634426,5.960832195155939
2024-12-23,40.03334341335861,23.110833346821824,1.8459315320459133,2.537889333433705,58.866178788255915,74.66544666297614,19.22951067975274,5.996526899393481
2024-12-24,41.23745662472936,23.805955397242677,1.8512500172519877,2.537889333433705,60.63674146272391,76.91121589167832,19.395401666940813,6.063177629620199
2024-12-26,41.3592181094813,23.876247037716166,1.8517878293523846,2.537889333433705,60.81578304955623,77.13831097967731,19.36145226803213,6.063582639504835
2024-12-27,40.1686377038694,23.18893733550162,1.8465291176182277,2.537889333433705,59.065119401634234,74.9177815361251,19.166240271774758,5.9997538328638
2024-12-30,37.801001906001915,21.822125780805784,1.836071433203325,2.537889333433705,55.583679674163584,70.50194790070513,18.877666838012015,5.931287130959604
2024-12-31,36.9486507329982,21.330072301563188,1.832306656717865,2.537889333433705,54.330358011210166,68.91224352880405,18.685540828651895,5.9097089304445
2025-01-02,37.435709659343544,21.61124636091225,1.8344579624836284,2.537889333433705,55.04654345549393,69.8206481032426,18.88769718118781,5.895187416837428
2025-01-03,40.34451742431916,23.290470871345235,1.8473059662421167,2.537889333433705,59.32373799769607,75.24581154228139,19.434754200198878,5.968898589859826
2025-01-06,43.95685965589891,25.375838522098796,1.863261433333175,2.537889333433705,64.6354298404909,81.98312407287641,20.079029845083628,6.003282489308454
2025-01-07,42.143920838495845,24.329247772873355,1.8552538073152696,2.537889333433705,61.96963249612504,78.60184549275967,19.60141520784505,5.93542111129675
2025-01-08,40.831578948132005,23.571646430185318,1.849457283480716,2.537889333433705,60.03992726137072,76.15422096120847,19.461758061816045,5.944092829893129
2025-01-10,37.96335141816033,21.915848467934115,1.8367885198281322,2.537889333433705,55.82240306307031,70.80474296619997,19.072106451785345,5.853341820596133
2025-01-13,37.679237823782444,21.751832640841272,1.8355336096300925,2.537889333433705,55.40463426794035,70.27484796821761,18.876123254056903,5.8624179230958715
2025-01-14,38.044530070440814,21.962712060734805,1.837147080349789,2.537889333433705,55.91406816947604,70.95614776568014,18.937851259092742,5.870483691818482
2025-01-15,40.50687213141261,23.384196557455603,1.848023075812595,2.537889333433705,55.8861111353913,75.54861629675325,19.383057719351804,5.97726733351932
2025-01-16,40.57451797793424,23.423247802049993,1.8483218628623341,2.537889333433705,55.97944007188117,75.67478131108348,19.466387632668404,5.965772439374709
2025-01-17,43.9568596558989,25.375838522098796,1.8632614333331747,2.537889333433705,60.64595498568049,81.98312407287641,19.926254006955627,6.0256682056677295
2025-01-21,45.580375557223284,26.313077389310244,1.8704323913639322,2.537889333433705,62.885870963323406,85.01111348373286,20.245692033742774,6.080824667731113
2025-01-22,47.55566648425229,27.453392325155036,1.8791571154794804,2.537889333433705,65.61112034605878,88.69519197383295,20.61451293696378,6.115007627190609
2025-01-23,47.24448987582422,27.273753301140605,1.8777826698104414,2.537889333433705,65.1817993541805,88.11482225003918,20.589820317733878,6.148383070805933
2025-01-24,44.173327403755145,25.50080310459725,1.864217556481475,2.537889333433705,60.94460901590715,82.38685405652852,20.179335638867546,6.13043368373941
2025-01-27,33.8824620138099,19.5599934008981,1.8188610673870618,2.537889333433705,46.74661206872159,63.23474521661626,18.194811042353237,6.043718375719455
2025-01-28,33.8824620138099,19.5599934008981,1.8207135861030863,2.537889333433705,46.72323876268723,64.01698477672458,18.55282803890143,6.095647278331245
2025-01-29,33.8824620138099,19.5599934008981,1.82256608187344,2.537889333433705,47.29415464014765,64.79921464785589,18.48184207317384,6.068321943734472
2025-01-30,33.8824620138099,19.550213404197653,1.8313505450424,2.537889333433705,50.00141561120388,68.50851838964041,18.917018190257107,6.100890497486898
2025-01-31,33.8824620138099,19.456601015612208,1.8305736734728397,2.537889333433705,49.76199357261819,68.1804786945071,18.797421730579696,6.068421474757126
2025-02-03,33.8824620138099,18.43155972167156,1.8221477822983723,2.537889333433705,47.16523997660932,64.62258459669128,18.423973618532273,6.02758370836786
2025-02-04,33.8824620138099,18.43155972167156,1.825972297837244,2.537889333433705,48.343907523212614,66.2375142202768,18.63153074339162,6.068018968797589
2025-02-05,33.8824620138099,18.422343941810727,1.8346372484808746,2.537889333433705,51.01433623836981,69.89635292522692,19.069020464888094,6.0926219108313315
2025-02-06,33.8824620138099,18.415692854353935,1.8345774864817928,2.537889333433705,50.995918342528576,69.87111798456547,19.16238308340644,6.113797605386899
2025-02-07,33.8824620138099,17.511201141426007,1.8264503594113939,2.537889333433705,48.49124008259217,66.43937921210286,18.90390067917109,6.0578348794418915
2025-02-10,33.8824620138099,18.189569926121955,1.832545704714193,2.537889333433705,50.36974877754448,69.01318329144983,19.26037409176417,6.098974368805492
2025-02-11,33.8824620138099,18.222822809715197,1.8328444917639326,2.537889333433705,50.461831185183776,69.13934830578006,19.279663576644698,6.103612890049927
2025-02-12,33.8824620138099,18.315931649883492,1.8336811023869042,2.537889333433705,50.71966404804385,69.49261325259779,19.174728212008418,6.083950192234954
2025-02-13,33.8824620138099,18.93444320115903,1.839238612643636,2.537889333433705,52.43241875199195,71.83931255496873,19.43783900608316,6.148181504835526
2025-02-14,33.8824620138099,18.98764934712265,1.83963138085211,2.537889333433705,52.57975484715494,72.04118239128331,19.488764285459162,6.147879781861191
2025-02-18,33.8824620138099,19.945344652323485,1.839497197630568,2.537889333433705,55.23176213068747,75.67478131108346,19.769622161472284,6.165928073969094
2025-02-19,33.8824620138099,20.929644307351484,1.8527410398380244,2.537889333433705,57.957440997584925,79.40931999352944,19.85604042371208,6.180448335613617
2025-02-20,33.8824620138099,21.082610380940192,1.8547992123989454,2.537889333433705,58.38102785144922,79.9896897173232,19.891532225562905,6.154736154761367
2025-02-21,33.8824620138099,19.16056740623637,1.8289379477496117,2.537889333433705,53.05859185275948,72.6972520925729,19.2889238993624,6.049464883819848
2025-02-24,33.8824620138099,17.787601019375277,1.8105934625861488,2.537889333433705,49.28316363858048,67.52441868219455,18.781989434067498,6.02193798325267
2025-02-25,33.8824620138099,17.787601019375277,1.795358259964615,2.537889333433705,46.17073370950121,63.25998015727774,18.383078682332073,5.991988535152973
2025-02-26,33.8824620138099,17.787601019375277,1.7952644464681056,2.537889333433705,48.41757557079411,66.3384491384341,18.812854027091905,5.995013902652886
2025-02-27,33.8824620138099,17.787601019375277,1.7628632835764992,2.537889333433705,40.032172438604604,54.88251275141278,17.65315597667859,5.899322023155846
2025-02-28,33.8824620138099,17.787601019375277,1.769857372387267,2.537889333433705,40.012156352385304,57.35538191260246,17.96024887486376,5.99138321126048
2025-03-03,33.8824620138099,17.787601019375277,1.7540136271740017,2.537889333433705,36.10423669103253,51.75357873342203,17.20717949596143,5.886415541237119
2025-03-04,33.8824620138099,17.787601019375277,1.7550127768461927,2.537889333433705,36.350680735419274,52.10684368023976,17.378471255472945,5.816739443510487
2025-03-05,33.8824620138099,17.787601019375277,1.764290655910269,2.537889333433705,38.63910468582464,55.387182497710704,17.7002228866733,5.879255567418785
2025-03-06,33.8824620138099,17.787601019375277,1.7448784935643875,2.537889333433705,33.85102144668468,48.52370979727397,16.95795623343081,5.7748932212879165
2025-03-07,33.8824620138099,17.787601019375277,1.756654239958037,2.537889333433705,36.75555381825533,52.68720855954501,17.36766971082608,5.807260209069937
2025-03-10,33.8824620138099,17.787601019375277,1.73602883716189,2.537889333433705,31.668220234848718,45.39477577928322,16.55287232688791,5.652581488090527
2025-03-11,33.8824620138099,17.787601019375277,1.7318273669988775,2.537889333433705,30.6472353512442,43.931246110689386,16.528953271155025,5.605591577734958
2025-03-12,33.8824620138099,17.787601019375277,1.7317763183458212,2.537889333433705,32.21391800310532,46.177005650414536,17.015054667614287,5.6353382079017
2025-03-13,33.8824620138099,17.787601019375277,1.7306047211178421,2.537889333433705,31.844253626326797,45.64711065243219,16.940210332505405,5.560215447105185
2025-03-14,33.8824620138099,17.787601019375277,1.7401449464825178,2.537889333433705,34.854401977260444,49.962004525206375,17.48186539818006,5.675066109491183
2025-03-17,33.8824620138099,17.787601019375277,1.7456682624750544,2.537889333433705,36.597128159409216,52.460113471546016,17.666274668777593,5.718828460395159
2025-03-18,33.8824620138099,17.787601019375277,1.7408702418692428,2.537889333433705,35.08324842782481,50.29004422033968,17.393132350514083,5.657017191402007
2025-03-19,33.8824620138099,17.787601019375277,1.7433808303102518,2.537889333433705,35.87539362007135,51.42554388277723,17.54667820910018,5.718626894424753
2025-03-20,33.8824620138099,17.787601019375277,1.7408702418692428,2.537889333433705,35.08324842782481,50.290044220339674,17.518900783986,5.702089721113622
2025-03-21,33.8824620138099,17.787601019375277,1.7372438292025687,2.537889333433705,33.93903645262213,48.6498748116042,17.34297945362212,5.703970794843653
2025-03-24,33.8824620138099,17.787601019375277,1.746839870414192,2.537889333433705,36.96679591579093,52.99001331401686,17.79512908914676,5.806120923150252
2025-03-25,33.8824620138099,17.787601019375277,1.7446852351924826,2.537889333433705,36.28696169683138,52.01550569382567,17.719513552566802,5.820077801647678
2025-03-26,33.8824620138099,17.787601019375277,1.7347829968884083,2.537889333433705,33.17917998927497,47.560659392414784,17.130020375426366,5.750596384097432
2025-03-27,33.8824620138099,17.787601019375277,1.7347829968884083,2.537889333433705,31.360412735299125,44.953549454544586,16.801324387947464,5.735324318942171
2025-03-28,33.8824620138099,17.787601019375277,1.7347829968884083,2.537889333433705,28.305599548575845,40.57463082158961,16.370777841716567,5.6198251399557355
2025-03-31,33.8824620138099,17.787601019375277,1.7347829968884083,2.537889333433705,28.1643355147403,40.37213604625693,16.316766575443314,5.657549275485377
2025-04-01,33.8824620138099,17.787601019375277,1.7347829968884083,2.537889333433705,28.1643355147403,40.37213604625693,16.395469279933497,5.673528699480882
2025-04-02,33.8824620138099,17.787601019375277,1.7347829968884083,2.537889333433705,28.711729843799443,41.156797850621494,16.518922927979233,5.709433733426673
2025-04-03,33.8824620138099,17.787601019375277,1.7347829968884083,2.536620388766988,20.133297268599993,28.88063142457706,15.089943290709645,5.428067044159473
2025-04-04,33.8824620138099,17.787601019375277,1.7347829968884083,1.940814717614701,20.123230619965693,22.097100051328837,13.950307107660898,5.110292344992379
2025-04-07,33.8824620138099,17.787601019375277,1.7347829968884083,2.034187103689885,21.09135706783016,23.160189143970523,14.266657966537823,5.101189951279109
2025-04-08,33.8824620138099,17.787601019375277,1.7347829968884083,1.8341032064944534,19.016798187962628,20.882138666065515,13.884721914256739,5.021291579339032
2025-04-09,33.8824620138099,17.787601019375277,1.7347829968884083,2.8380525122968043,29.426191329954403,32.323020805034346,16.267386061035403,5.548624777825567
2025-04-10,33.8824620138099,17.787601019375277,1.7347829968884083,2.8380525122968043,29.411478234289426,24.375150529233842,15.139324986130536,5.305488016957846
2025-04-11,33.8824620138099,17.787601019375277,1.7347829968884083,2.8380525122968043,31.243969281214497,25.893851655251932,15.532833784529556,5.40015328716462
2025-04-14,33.8824620138099,17.787601019375277,1.7347829968884083,2.8380525122968043,31.97696745361761,26.50133355900572,15.555981638791373,5.452542286013205
2025-04-15,33.8824620138099,17.787601019375277,1.7347829968884083,2.8380525122968043,32.374007521435594,26.83038575223814,15.657059815059327,5.437270846839219
2025-04-16,33.8824620138099,17.787601019375277,1.7347829968884083,2.8380525122968043,28.525773692443313,23.64111120758032,14.995809470720234,5.316410764217515
2025-04-17,33.8824620138099,17.787601019375277,1.7347829968884083,2.8380525122968043,28.098194104369828,23.286748984114514,14.855379942207184,5.323996405302545
2025-04-21,33.8824620138099,17.787601019375277,1.7347829968884083,2.8380525122968043,26.601661162029902,22.0464775686178,14.492733374806624,5.197270878138283
2025-04-22,33.8824620138099,17.787601019375277,1.7347829968884083,2.8380525122968043,28.037112141136998,23.236126501403476,14.806769448257365,5.332492223160774
2025-04-23,33.8824620138099,17.787601019375277,1.7347829968884083,2.8380525122968043,31.42722101635664,26.045723947873572,15.347653312460949,5.415121125420449
2025-04-24,33.8824620138099,17.787601019375277,1.7347829968884083,2.8380525122968043,36.64981801577954,30.3740200981175,16.1238705456251,5.529104177759918
2025-04-25,33.8824620138099,17.787601019375277,1.7347829968884083,2.8380525122968043,37.68823184979046,31.23461925991501,16.355346726217334,5.5690536767205945
2025-04-28,33.8824620138099,17.787601019375277,1.7347829968884083,2.8380525122968043,37.53552255762565,31.10805941977102,16.253496167465332,5.571177631185152
2025-04-29,33.8824620138099,17.787601019375277,1.7347829968884083,2.8380525122968043,36.222235504984226,30.01965545240743,16.22571874235115,5.606272645361671
2025-04-30,33.8824620138099,17.787601019375277,1.7347829968884083,2.8380525122968043,37.138482489807664,30.779007226538603,16.302106661415156,5.608497382811431
2025-05-01,33.8824620138099,17.787601019375277,1.7347829968884083,2.8380525122968043,36.95523367738734,30.627137356161217,16.38080936590534,5.648244689820427
2025-05-02,33.8824620138099,17.787601019375277,1.7347829968884083,2.8380525122968043,40.58967332826015,33.639227155719745,16.90008777878925,5.732087995752734
2025-05-05,33.8824620138099,17.787601019375277,1.7347829968884083,2.8380525122968043,39.856678078578845,33.03174767421021,16.790521662287635,5.699217719025975
2025-05-06,33.8824620138099,17.787601019375277,1.7347829968884083,2.8380525122968043,38.60447591189208,31.993968611801918,16.634661018275356,5.651581795995067
2025-05-07,33.8824620138099,17.787601019375277,1.7347829968884083,2.8380525122968043,40.55913088528282,33.61391470324209,16.97647451684028,5.675349679008558
2025-05-08,33.8824620138099,17.787601019375277,1.7347829968884083,2.8380525122968043,41.71971156848124,34.57576125270594,17.125390804574014,5.714894168084597
2025-05-09,33.8824620138099,17.787601019375277,1.7347829968884083,2.8380525122968043,43.094077661633676,35.71478528053631,17.23727052548884,5.707612127917726
2025-05-12,33.865520782802996,17.77870721886559,1.7347829968884083,2.8380525122968043,52.31761485949185,43.35891339333779,18.318265871411977,5.896235309491029
2025-05-13,36.77167009313025,19.30437629255228,1.7347829968884083,2.8380525122968043,56.807219531955255,47.07973248431644,18.947109219784526,5.935173222712028
2025-05-14,37.246142523275346,19.553464634440616,1.7347829968884083,2.8380525122968043,57.540214781636564,47.68721196582598,19.134605658292287,5.942758237815783
2025-05-15,36.514659779043875,19.169451123213364,1.7347829968884083,2.8380525122968043,56.41017361869365,46.750675446595515,19.06824926341706,5.971784363535515
2025-05-16,36.356504824857105,19.086423000193104,1.7347829968884083,2.8380525122968043,56.1658457657623,46.54818551575135,19.013466795672734,6.009609282050359
2025-05-19,35.70410334151141,18.743925536889762,1.7347829968884083,2.8380525122968043,55.157974374728695,45.71289880643148,18.98183100117726,6.016183337395711
2025-05-20,35.52617428831081,18.65051641547475,1.7347829968884083,2.8380525122968043,54.883098233376394,45.48509157862115,18.945565635829418,5.995956630452366
2025-05-21,33.60851425250901,17.64378403594045,1.7347829968884083,2.8380525122968043,51.920574791673864,43.02986120010537,18.63153074339165,5.894919496851921
2025-05-22,32.63979907699739,17.135228340182813,1.7347829968884083,2.8380525122968043,50.42404184933394,41.78958978460866,18.580605464015644,5.897246269249433
2025-05-23,31.09775989523346,16.32568924263196,1.7347829968884083,2.8380525122968043,48.04180144242608,39.81527662521416,18.32058065683816,5.8569925433893255
2025-05-27,34.18183825876132,17.944767437733663,1.7347829968884083,2.8380525122968043,52.8062822562418,43.76390294400315,18.901585893744937,5.978763428765504
2025-05-28,33.68759551339478,17.685300083864355,1.7347829968884083,2.8380525122968043,52.04274456358318,43.13111101001597,18.70020192369306,5.944174207458822
2025-05-29,34.003912989353104,17.851360302732427,1.7347829968884083,2.8380525122968043,52.53141196033314,43.53610056068134,18.832914713443525,5.967637863572879
2025-05-30,31.967627278430253,16.773426184747127,1.7347829968884083,2.8380525122968043,49.385628015323014,40.92899062281115,18.498816772628217,5.960963651223598
2025-06-02,33.410818667879354,16.773426184747127,1.7347829968884083,2.8380525122968043,51.61516205278787,42.77674636430591,18.772731473375767,5.994540034828054
2025-06-03,36.17857577165651,16.765039471654752,1.7347829968884083,2.8380525122968043,55.890969624410005,46.32037828794102,19.19633248231515,6.028724872231374
2025-06-04,37.74038526864188,17.488777134226815,1.7347829968884083,2.8380525122968043,58.30375247429519,48.32000389981316,19.42472267601013,6.02710608465538
2025-06-05,37.186835361403396,17.232263829143797,1.7346941273299168,2.8380525122968043,57.448593298148204,47.61127945288153,19.390000894617405,5.9979785499691705
2025-06-06,37.91831053805009,17.571227150597288,1.738190304155092,2.8380525122968043,58.57862277020385,48.547806283134975,19.50033821259009,6.059571977478779
2025-06-09,40.686075209412024,18.85380068960285,1.7514191805551278,2.8380525122968043,62.85444203271325,52.091447895747116,19.826718233629837,6.065033664099251
2025-06-10,43.27590325998857,20.053918952045063,1.7637975866865874,2.8380525122968043,66.85537346298307,55.40727259157188,20.221001776538845,6.099420067472978
2025-06-11,42.78166051462203,19.824888401286334,1.761435291850715,2.8380525122968043,66.09183577032444,54.774480657584704,20.20634068149771,6.082024673834434
2025-06-12,42.88051209072925,19.870695914156176,1.7619077652859756,2.8380525122968043,66.24454798521106,54.901042919972944,20.30433168985544,6.106196940751285
2025-06-13,39.61851224158556,18.35909533118713,1.7463166302202822,2.8380525122968043,61.2052027209303,50.724619062350655,19.82903301905601,6.037928674911122
2025-06-16,43.2956773590024,20.063082208016652,1.7638920994587468,2.8380525122968043,66.88592175140401,55.43258988853804,20.322079952806796,6.095374350495544
2025-06-17,42.346728714919834,19.6133108171455,1.7593564810759987,2.8380525122968043,65.41992540659778,54.21762608103046,20.18396520971993,6.043289578546391
2025-06-18,42.72235713654248,19.6133108171455,1.7611518439597738,2.8380525122968043,66.00022013227971,54.698552989128764,20.261123149242025,6.042378149810642
2025-06-20,41.931563446646685,19.6133108171455,1.757372146903227,2.8380525122968043,64.77855164040481,53.68607911246536,20.082114650967927,6.028187780297808
2025-06-23,42.66304240708576,19.6133108171455,1.7608683418135096,2.8380525122968043,65.90858695790409,54.62261078720731,20.209427849407927,6.087731119133255
2025-06-24,47.49813880590487,19.60350416173693,1.7839782880109092,2.8380525122968043,73.37815203042435,60.813111365934425,20.951694502650412,6.154983417364819
2025-06-25,48.74756597101429,20.11916964351713,1.789950080955989,2.8380525122968043,75.3083467449369,62.41278569519419,21.234095962618653,6.1584325741876045
2025-06-26,49.977166064016444,20.6266520659114,1.7958271079374029,2.8380525122968043,77.20791133481762,63.987074904648594,21.388414203688793,6.206615604852471
2025-06-27,49.7986732257502,20.552984229954898,1.7949739791580137,2.8380525122968043,76.93216422236415,63.758545848049906,21.482548023678206,6.237452068418209
2025-06-30,49.7986732257502,20.552984229954898,1.7949739791580137,2.8380525122968043,76.93216422236415,63.758545848049906,21.51803982552903,6.267274442319172
2025-07-01,49.005382232879064,20.225575963627538,1.7911823459304712,2.8380525122968043,75.70663773769213,62.74287460896827,21.283476477026568,6.265245637008347
2025-07-02,51.6628985454645,21.322390142105952,1.8038842765512466,2.8380525122968043,79.81213830909525,66.14536235979261,21.70090551217145,6.29364765939735
2025-07-03,52.41652404274398,21.633427604703808,1.8074863235961351,2.8380525122968043,80.97638700817275,67.11024882579804,21.883773560839813,6.343250415592903
2025-07-07,49.5210223241934,20.438391727153462,1.793646912049651,2.8380525122968043,76.50323141408985,63.40306212549347,21.585940985372346,6.295981317588883
2025-07-08,52.297531339761406,21.58431675516784,1.8069175831332804,2.8380525122968043,80.79255949683285,66.95789935105792,21.87297201619295,6.292532160766097
2025-07-09,52.852833142875006,21.813501760770716,1.8095717173500065,2.8380525122968043,81.65042511338144,67.6688667961708,22.022660686410724,6.330266311996131
2025-07-10,54.280753146250674,22.40283507850742,1.8163966390744757,2.8380525122968043,83.85636694034747,69.49707018202925,22.184690942191562,6.348119297946372
2025-07-11,54.12209494767644,22.33735342524194,1.8156383124289672,2.8380525122968043,83.61126164341304,69.2939359342129,22.182376156765383,6.32580306550857
2025-07-14,52.55535138541858,21.690724636930803,1.8081498661928708,2.8380525122968043,81.19085633503171,67.28799310932051,22.01494394764814,6.337873236444493
2025-07-15,54.12209494767643,22.337353425241936,1.815638312428967,2.8380525122968043,83.61126164341303,69.2939359342129,22.437772574103477,6.310790782582248
2025-07-16,53.60645864015449,22.12453922336857,1.813173764394895,2.8380525122968043,82.81467381245895,68.63375326217623,22.320490899852246,6.331888855459771
2025-07-17,54.18159129916773,22.36190885000992,1.8159226826603942,2.8380525122968043,83.703175399083,69.37011067158298,22.507986157347023,6.370637722335855
2025-07-18,54.201422155067355,22.370093471048396,1.8160174667091677,2.8380525122968043,83.73381136915843,69.39550063587683,22.39996598682647,6.365972283896614
2025-07-21,54.538569408115436,22.509241398617814,1.817628904048958,2.8380525122968043,84.25465793310268,69.82715909580332,22.415397102325702,6.378043080813812
2025-07-22,52.19836949267845,21.54339052667034,1.8064436267191997,2.8380525122968043,80.63936795556837,66.83093984061163,22.018801136016453,6.37895576151211
2025-07-23,51.12743138204292,21.1013913191941,1.8013249444684019,2.8380525122968043,78.98491450806571,65.45978972346208,22.11447735894801,6.433225208109452
2025-07-24,50.810118768686856,20.97042957431571,1.7998083092624926,2.8380525122968043,78.49470975964054,65.05352607231794,22.20629639351124,6.435354796405479
2025-07-25,50.77045327309519,20.954058770586197,1.7996187230798384,2.8380525122968043,78.43343197404602,65.00274129924172,22.182376156765383,6.462539285215476
2025-07-28,53.30897309890566,22.00176053787609,1.8117518951526517,2.8380525122968043,82.35509918866559,68.25287473083742,22.484840665111157,6.460916741751835
2025-07-29,53.60645864015448,22.124539223368558,1.8131737643948955,2.8380525122968043,82.81467381245896,68.63375326217623,22.59980519191026,6.443875653514689
2025-07-30,54.75672774197333,22.599280038303817,1.8186716190110013,2.8380525122968043,84.59168283115066,70.10647292547822,22.85906115964263,6.4357610582526625
2025-07-31,49.54085318009302,20.446576348191925,1.7937416960984245,2.8380525122968043,76.53386738416528,63.428452089787314,22.281911930091198,6.411618838436991
2025-08-01,47.75595506776965,19.70991048184733,1.7852105529853919,2.8380525122968043,73.77644302317958,61.14320027970852,21.90923620052782,6.306529728046367
2025-08-04,49.58051867568468,20.462947151921433,1.7939312822810787,2.8380525122968043,76.59514516975979,63.47923686286352,22.390706845121745,6.4023874925811635
2025-08-05,48.62857326803171,20.070058793981154,1.7893813404931354,2.8380525122968043,75.124519233597,62.260436220454075,22.15228630825096,6.36992785957051
2025-08-06,47.57746601329579,19.636244207543385,1.7843574422911104,2.8380525122968043,73.50070175616975,60.91467606759835,22.115249741432052,6.418719344034242
2025-08-07,49.58051867568468,20.462947151921433,1.7939312822810787,2.8380525122968043,76.59514516975979,63.47923686286352,22.462462831307434,6.41334279086711
2025-08-08,50.98860403936832,21.044094286967102,1.8006614018716667,2.8380525122968043,78.77044518120674,65.28204543993961,22.648415685860076,6.463351808909846
2025-08-11,50.790284128994834,20.962243391624682,1.799713507128612,2.8380525122968043,78.46406794412147,65.0281312635356,22.638384161671308,6.45057052324603
2025-08-12,55.53018031136006,22.9185005602876,1.822368432019556,2.8380525122968043,85.78656165486,71.096744511289,23.155348970142004,6.5192437989708285
2025-08-13,58.04887306506329,23.958019268191574,1.8344068381287035,2.8380525122968043,89.67759874484777,74.32149282307937,23.24639798424714,6.541559405427355
2025-08-14,58.34635482251973,24.08079639203149,1.8358286892858395,2.8380525122968043,90.13716752319752,74.70236650992967,23.295778498655057,6.542168485207495
2025-08-15,54.280753146250674,22.40283507850741,1.8163966390744763,2.8380525122968043,83.85636694034748,69.49707018202928,22.811993068634944,6.526851349400466
2025-08-18,54.598069543399134,22.53379838503836,1.8179132923654933,2.8380525122968043,84.3465775342163,69.90333867766194,22.905354506140313,6.525430371907231
2025-08-19,52.03971129410425,21.47790887340488,1.8056853000736917,2.8380525122968043,80.394262658634,66.62780559279535,22.44317452743988,6.490029252887456
2025-08-20,51.1670930938422,21.11776056127106,1.8015145125659484,2.8380525122968043,79.0461864482166,65.51056965204981,22.295800642648285,6.47278472073608
2025-08-21,50.2746478214729,20.749429189751318,1.79724895909454,2.8380525122968043,77.66748011316739,64.36794859149893,22.18006137133919,6.446817139523812
2025-08-22,54.439411344824904,22.46831673177289,1.8171549657199844,2.8380525122968043,84.1014722372819,69.70020442984561,22.656904807106702,6.5458198339819615
2025-08-25,54.141925803576086,22.345538046280424,1.8157330964777407,2.8380525122968043,83.64189761348852,69.3193258985068,22.678510258426382,6.5170109237644995
2025-08-26,55.41118760837752,22.869389710751648,1.821799691556701,2.8380525122968043,85.60273414352012,70.94439503654891,22.896867746919625,6.544298073503524
2025-08-27,55.88716220410019,23.065834670548064,1.8240746714932263,2.8380525122968043,86.33805003432333,71.5537977799979,22.967081330163175,6.559208947463367
2025-08-28,56.581287566096,23.35231514672538,1.8273923302215802,2.8380525122968043,87.41037913228726,72.44250466414475,23.061215150152588,6.582437860599467
2025-08-29,51.64307147335726,21.31420708272003,1.8037895105875814,2.8380525122968043,79.78150818446343,66.1199772399873,22.398423583884323,6.543181948890996
2025-09-02,50.076324127307025,20.667576732756345,1.796301046266377,2.8380525122968043,77.36109703063848,64.1140295706064,22.104448196785174,6.494695317307971
2025-09-03,49.40202962121084,20.3892808776175,1.7930781715867967,2.8380525122968043,76.31940390274997,63.25071265075339,22.10058864639091,6.529894244376067
2025-09-04,50.869611336385766,20.994983437431152,1.800092661408812,2.8380525122968043,78.58661766986685,65.12969596519953,22.36524184340779,6.584466665910293
2025-09-05,52.45618953833564,21.64979840843332,1.8076759097787896,2.8380525122968043,81.03766479376726,67.1610335988743,22.629127381992518,6.565396772362321
2025-09-08,53.70561670344505,22.165463890213516,1.8136477027238693,2.8380525122968043,82.9678595082798,68.76070792813405,22.879119483968264,6.581525179901171
2025-09-09,53.90394039761094,22.247316347208496,1.814595615552032,2.8380525122968043,83.27424259080873,69.01462694902659,22.978655257294083,6.596740906741722
2025-09-10,56.7201149087706,23.409612178952386,1.8280558728183158,2.8380525122968043,87.62484845914624,72.62024894766726,23.21167384082846,6.615811426270968
2025-09-11,57.850549370897426,23.87616681119661,1.833458925300541,2.8380525122968043,89.37121566231887,74.06757380218689,23.450866760183285,6.670790109652377
2025-09-12,58.1083656327622,23.982573131307017,1.8346911902750234,2.8380525122968043,89.7695066550741,74.39766271596096,23.48096133274959,6.668557234446047
2025-09-15,59.496623924338586,24.55553720696676,1.841326543901946,2.8380525122968043,91.91417654188922,76.17508617323169,23.700863586210918,6.704060388413576
2025-09-16,60.44856554819916,24.94842400325448,1.8458764676047814,2.8380525122968043,93.38479663260837,77.39388197115262,23.7039483920952,6.694829668539023
2025-09-17,60.42873469229953,24.940239382216003,1.8457816835560081,2.8380525122968043,93.35416066253293,77.36849200685877,23.552717318935283,6.686512881325316
2025-09-18,66.7155473648154,27.53494227980415,1.8758302887193832,2.8380525122968043,103.06642955702102,85.41766295969927,24.4570189520105,6.717755606738239
2025-09-19,65.48595105560563,27.027461419062433,1.869953279823077,2.8380525122968043,101.16687081258394,83.84337859473338,24.35979796411086,6.751027137461986
2025-09-22,68.28228714328088,28.181569506462736,1.8833187168703724,2.8380525122968043,105.48682901995875,87.42360094010317,24.858244489172108,6.78296720601476
2025-09-23,68.04423362905277,28.083319697644825,1.8821809104127272,2.8380525122968043,105.11906877929358,87.11881478982971,24.82198030483724,6.746043700535272
2025-09-24,67.84585696179347,28.00144537751408,1.8812327443930588,2.8380525122968043,104.81260386055382,86.864827946098,24.7764546167717,6.72458005459341
2025-09-25,67.15152349121638,27.71487901044626,1.8779140909837888,2.8380525122968043,103.73995326319013,85.97585461508297,24.77259742840338,6.693556422626581
2025-09-26,67.48877290665891,27.854069102634654,1.8795260166214833,2.8380525122968043,104.26095765411245,86.4076438761993,24.831239446541964,6.7319046614869515
2025-09-29,67.48877290665891,27.854069102634654,1.8795260166214833,2.8380525122968043,104.26095765411245,86.4076438761993,24.89605107644911,6.750823693547756
2025-09-30,69.11548579445642,28.525448522283096,1.8873010937274532,2.8380525122968043,106.77400739861774,88.49036699952582,25.181537342301628,6.776252930863908
2025-10-01,73.12275652728935,30.179335400026,1.906454343920521,2.8380525122968043,112.9646946224365,93.62098069251802,25.747112644722147,6.7993428761570565
2025-10-02,77.52678816222566,31.996974041335502,1.927503962323141,2.8380525122968043,119.76832337462204,99.25957776195065,26.0981852849918,6.807174527882984
2025-10-03,75.84055622018253,31.30102982700375,1.9194444064750982,2.8380525122968043,117.16332480178501,97.10065083432299,25.977816442830346,6.807073744897782
2025-10-06,82.74416867347593,34.15029926916411,1.9524410831085306,2.8380525122968043,127.82846530817297,105.93952670406951,26.494781251301045,6.831485762642787
2025-10-07,77.03083892649263,31.792285117703532,1.9251335111037546,2.8380525122968043,119.00214938688536,98.62460096364433,26.00636625042857,6.806157934293112
2025-10-08,84.86683079700647,35.026367612444524,1.962586611433887,2.8380525122968043,131.10768904041493,108.65722662570234,26.702339557173364,6.846743430228733
2025-10-09,83.79558619918757,34.58424191111135,1.9574664642893758,2.8380525122968043,129.45276211197802,107.28568410498323,26.635980800272193,6.826908587563257
2025-10-10,67.86569160148547,28.009631560205104,1.8813275465269392,2.8380525122968043,104.77851929501688,86.89022275488033,25.1028369998374,6.642391843151019
2025-10-13,77.6458111355473,32.046097384091894,1.9280728474668554,2.8380525122968043,104.77851929501688,99.41196599259882,26.214694576758994,6.744313488292407
2025-10-14,72.66648413852513,29.991021965081195,1.9042735331391112,2.8380525122968043,104.72613003536938,93.03680320075341,25.732453911706965,6.736074322756746
2025-10-15,79.31220087031363,32.73385229242751,1.9360375650108024,2.8380525122968043,114.2515001286638,101.5454884224671,26.371327603255313,6.76597932618595
2025-10-16,80.48264136934695,33.21691827713116,1.9416318313353629,2.8380525122968043,114.2515001286638,103.04403405402907,26.4886069154806,6.719900844566129
2025-10-17,79.9271806469531,32.98766768212099,1.938976937544119,2.8380525122968043,114.19437437859948,102.33286314039866,26.452342731145727,6.75804563951227
2025-10-20,83.79558619918758,34.584241911111356,1.9574664642893758,2.8380525122968043,119.72128210015886,107.28568410498325,26.791071423826374,6.828332694962865
2025-10-21,82.34740777137257,33.986547505597514,1.950544714898978,2.8380525122968043,117.6522258890635,105.43154332762906,26.64292515655074,6.828230660015112
2025-10-22,76.15796342834828,31.432030613195998,1.9209614938086965,2.8380525122968043,108.8091800217905,97.50703559767993,26.125962710105984,6.792731261935232
2025-10-23,81.67291650807229,33.708170444525834,1.9473208997938043,2.8380525122968043,116.68855987190936,104.5679744943734,26.604346186789687,6.833011904990146
2025-10-24,85.58099890727559,35.32112016220337,1.9660000669770379,2.8380525122968043,122.27215510177625,109.57159476549975,27.093535932172152,6.888855068511714
2025-10-27,92.92104910964117,38.3505168566175,2.0010827522579993,2.8380525122968043,132.7591062738567,118.96925331822848,27.77253099642369,6.970127469349434
2025-10-28,93.15910262386929,38.44876666543542,2.0022205587156447,2.8380525122968043,133.09922051166504,119.27403946850195,28.01712350708898,6.988640239563054
2025-10-29,97.95989516090897,40.43015707031152,2.0251665453278167,2.8380525122968043,139.95825764835897,125.42061991437505,28.441496898512405,6.99199737713848
2025-10-30,94.01213591473686,38.80083186394682,2.006297737706606,2.8380525122968043,134.31797491018457,120.36620033670697,28.064963980580703,6.9150987074660595
2025-10-31,94.78581551166683,39.12014608508388,2.0099956358216144,2.8380525122968043,135.42335429208916,121.35676259182851,28.010179150810433,6.9377805129682
2025-11-03,96.37285912008028,39.77515313935025,2.0175811086598228,2.8380525122968043,137.69081137624238,123.38869609759028,28.24782966722312,6.95080154946017
2025-11-04,84.9065076439753,35.042743101131705,1.9627762518718637,2.8380525122968043,121.30848908462214,108.70802593224411,27.21853198316003,6.86840989410355
2025-11-05,92.90121446994917,38.34233067392649,2.000987950124118,2.8380525122968043,132.73076792572132,118.94385850944614,27.738581597515008,6.892211580105865
2025-11-06,85.3231031857707,35.21468104738934,1.9647674222152964,2.8380525122968043,121.90369170379589,109.24140411746694,27.089676381777892,6.818262534199137
2025-11-07,82.80368772772158,34.174864063847444,1.952725561850603,2.8380525122968043,118.30412682858145,106.01573050837068,26.860514986611836,6.8249755573874396
2025-11-10,89.19150873800517,36.811255276379704,1.9832569489605534,2.8380525122968043,127.43059942535525,114.19422508205152,27.683799129770687,6.931474377608356
2025-11-11,82.94255290832004,34.23217671259999,1.953389285298414,2.8380525122968043,118.50252770163934,106.19352323677828,27.086589213867665,6.94734237693699
2025-11-12,86.7117625593401,35.787810658219875,1.9714046928636213,2.8380525122968043,123.88771124641164,111.01934109052,27.43225990080091,6.951208437288628
2025-11-13,77.80451852342262,32.11159933884061,1.9288314092187628,2.8380525122968043,111.16166296238671,99.61516321876589,26.60589095175778,6.83586011978936
2025-11-14,77.09035041315352,31.81684678908176,1.9254179536756117,2.8380525122968043,110.14130943692508,98.70079507896848,26.61823726137273,6.83474086527046
2025-11-17,73.08307968032058,30.162959911338856,1.906264703482544,2.8380525122968043,104.4160008423078,93.57018138597628,26.257130734888364,6.77106542404169
2025-11-18,68.14342196268244,28.12425685771022,1.8824921434310233,2.8380525122968043,97.35856283255598,87.24580821169559,25.716250413723696,6.714205040948975
2025-11-19,71.33733625161662,29.442454025628905,1.8824226990905923,2.8380525122968043,101.92180453696123,91.33506034302452,26.190776702039077,6.740143201041339
2025-11-20,61.12078275227497,25.225862511140896,1.862531801658225,2.8380525122968043,87.32510632091719,78.25453926681233,25.084318716427944,6.637408406224307
2025-11-21,62.94587609112416,25.979117812572635,1.866085127582656,2.8380525122968043,89.93267223686043,80.59125407835907,25.163793803402168,6.703525174423833
2025-11-24,71.13895958435732,29.36057970549816,1.8820364739372972,2.8380525122968043,101.63837780746042,91.08107349929281,26.16608408280917,6.802190464974998
2025-11-25,71.75393179341201,29.614391971886533,1.883233780752639,2.8380525122968043,102.51700715613497,91.86843852824734,26.234757625136528,6.8661720110470235
2025-11-26,77.74499946917699,32.0870345441573,1.8948979601313982,2.8380525122968043,111.07662629390713,99.53895941446473,26.82887801110338,6.913572565118699
2025-11-28,81.8514585356396,33.78185858196558,1.902892941619675,2.8380525122968043,116.94364825327484,104.7965665293228,27.181495416341118,6.951309846255105
2025-12-01,81.95065443685402,33.82279886533606,1.9030860689298676,2.8380525122968043,117.08537243006194,104.92356964016568,27.23396309865926,6.91957322161656
2025-12-02,86.89030458690738,35.86149879565959,1.912703213742237,2.8380525122968043,124.14279962777708,111.24793312546934,27.733179644178605,6.932390814194301
2025-12-03,92.40526523421616,38.13764175029454,1.9234404468596704,2.8380525122968043,132.02219028993264,118.30888171113985,28.114344494988618,6.956395944110846
2025-12-04,89.58826964010855,36.97500703994631,1.9179559583349017,2.8380525122968043,127.99746369639361,114.70220845849198,27.9006142153218,6.961481415985312
2025-12-05,92.2465578463409,38.07213979554586,1.9231314549501985,2.8380525122968043,131.79544025670262,118.10568448497285,28.11820404538289,6.974704644428963
2025-12-08,95.20241862104697,39.29208715464663,1.9288863040289828,2.8380525122968043,136.01856772329955,121.89015046602832,28.436867327660043,6.953751173225862
2025-12-09,94.8056577189436,39.128335391080036,1.9281138389888475,2.8380525122968043,135.45170345226123,121.38216708958787,28.471589109052772,6.947749264765451
2025-12-10,98.4955212436108,40.65122148263068,1.9352977388150776,2.8380525122968043,140.72352279245519,126.1063960192231,28.865100269477736,6.993828372366547
2025-12-11,96.78945466187565,39.947091085607894,1.9319761494559782,2.8380525122968043,138.2860139954161,123.92207428281309,28.617420590902224,7.010102633542367
2025-12-12,82.74416867347597,34.15029926916414,1.9046309842765927,2.8380525122968043,118.21909016010186,105.93952670406954,27.32346734779631,6.934730106217306
2025-12-15,81.6927587153491,33.716359750522,1.9025839644437479,2.8380525122968043,116.7169090320815,104.59337899213281,27.229333527806897,6.924252431643843
2025-12-16,80.3239415490565,33.15141944568761,1.8999189755255042,2.8380525122968043,114.76123864963783,102.84084651683914,27.15526039416908,6.905333399583038
2025-12-17,71.43652458524626,29.483391185694266,1.8825462707705207,2.8380525122968043,102.06351790171162,91.46205376489036,26.175343224513906,6.8293499145340135
2025-12-18,76.53488969075966,31.587596194071587,1.8824711686483828,2.8380525122968043,109.34770594469344,97.98962416533804,26.79338620925256,6.880920129875484
2025-12-19,82.76401088075276,34.15848857516027,1.8946961871285406,2.8380525122968043,118.24743932027394,105.9649312018289,27.486272348087134,6.943285392296616
2025-12-22,85.81905242150371,35.419369971021304,1.900691886707051,2.8380525122968043,122.6122693395846,109.87638091577321,27.84037310561838,6.986541324349479
2025-12-23,86.69192791964808,35.779624475528834,1.9024049564596244,2.8380525122968043,123.85937289827622,110.9939462817376,28.108172521194113,7.0184726291644095
2025-12-24,87.70366103080613,36.1971885054838,1.9043905424843057,2.8380525122968043,125.30486651798908,112.28929468713258,28.186346131872593,7.043161330632766
2025-12-26,87.70366103080613,36.1971885054838,1.9043905424843057,2.8380525122968043,125.30486651798908,112.28929468713258,28.317148042633484,7.042447085998501
2025-12-29,86.9299814338762,35.87787428434675,1.9028721505504027,2.8380525122968043,124.19948713608454,111.29873243201108,28.189440385860657,7.017350244739136
2025-12-30,86.63240886540247,35.75505968084553,1.902288146798056,2.8380525122968043,123.77433622979663,110.91774247743649,28.1197818787142,7.008781187071785
2025-12-31,83.37898308980746,34.41230084154865,1.895903106434037,2.8380525122968043,119.12606866894849,106.75229623078347,27.87365405118461,6.956853536422544
2026-01-02,93.71457091384792,38.67802038375072,1.9161873083781529,2.8380525122968043,133.89283481593336,119.9852200711094,28.892995795889174,6.969605400966456
2026-01-05,97.64248795274324,40.299156284119285,1.9238960777092364,2.8380525122968043,139.50476839393565,125.0142351510181,29.225037593119282,7.016023790418358
2026-01-06,107.14486955802339,44.220993687195886,1.942545063206048,2.8380525122968043,153.0811076784997,137.18038324294437,30.001348126308255,7.057749824236214
2026-01-07,103.73274396213789,42.812736016455425,1.9358485650654544,2.8380525122968043,148.20610089645822,132.81174945910138,29.80011060186498,7.034999786775146
2026-01-08,98.49552124361081,40.651221482630675,1.925570205957343,2.8380525122968043,140.72352279245519,126.10639601922311,29.332623150865945,7.034285542140882
2026-01-09,107.02584658470172,44.17187034443948,1.942311473586575,2.8380525122968043,152.91105596561388,137.02799501229617,30.12518678458304,7.080805966540536
2026-01-12,108.4145059582711,44.74499995527001,1.9450367996778064,2.8380525122968043,154.89507550822964,138.80593198534922,30.23664134082775,7.091925897901689
2026-01-13,111.23149398479394,45.90763154231313,1.9505653051655385,2.8380525122968043,158.919791289732,142.41259554902007,30.303977976470186,7.077745544089248
2026-01-14,109.86267681850134,45.342691237478746,1.9478789205787743,2.8380525122968043,156.96412090728833,140.6600630737264,30.0578501489406,7.042957260737259
2026-01-15,115.21893007793486,47.55333223736501,1.958390884158191,2.8380525122968043,164.6167615362139,147.51781443322992,30.681684821296603,7.062136701008278
2026-01-16,120.51566428312276,49.739408442567964,1.9687860380760391,2.8380525122968043,172.18436549665984,154.29936198843228,30.989733158976556,7.056219300019931
2026-01-20,114.94119214915314,47.43870381655481,1.957845807058479,2.8380525122968043,164.21994897806135,147.16221928743767,30.2157444972916,6.912577254892158
2026-01-21,125.93142902921713,51.97461111383243,1.9794147964651922,2.8380525122968043,179.9220319820283,161.2333074632599,31.108925712217363,6.992356064408795
2026-01-22,126.40754362525811,52.17111385477337,1.980349199498581,2.8380525122968043,180.6022712696816,161.84288945278385,31.17781183687978,7.02887894187257
2026-01-23,122.2018886575811,50.435349533594604,1.9720953530677847,2.8380525122968043,174.5935251335268,156.4582792270829,30.96651208191044,7.031428563603823
2026-01-26,120.41647594949312,49.698471282502595,1.9685913751092008,2.8380525122968043,172.04265213190942,154.17236856656643,30.868216372205794,7.06713516148558
2026-01-27,128.8674475966464,53.18636916693707,1.9851769064242297,2.8380525122968043,184.11681028845314,164.992368946556,31.52068824711999,7.0952924251962335
2026-01-28,139.04432046522683,57.38658363108535,2.0051496208881057,2.8380525122968043,198.65681559017133,178.02208587173794,32.24668998970463,7.094578180561969
2026-01-29,139.79817299004955,57.697714792836486,2.0066291010212063,2.8380525122968043,199.73386743597715,178.98726300705414,32.3155737523411,7.080499861697279
2026-01-30,122.57881491999247,50.590915114470185,1.9728350931343352,2.8380525122968043,175.13205105642973,156.94086779474102,31.227345882974124,7.059381757418971
2026-02-02,129.34355462510263,53.3828687845729,1.9861112946057855,2.8380525122968043,184.79703876406978,165.60194124710293,31.57641552524234,7.094476771595491
2026-02-03,121.40837442095915,50.107849129766535,1.9705380344812469,2.8380525122968043,173.45980740348688,155.44232216317906,30.779980531001257,7.034489612036385
2026-02-04,105.51815667022585,43.54961426754745,1.939352543024038,2.8380525122968043,150.75697389807561,135.09766011961787,29.567914003359494,7.00041557331866
2026-02-05,105.6371872111323,43.59874073360896,1.939586147495343,2.8380525122968043,150.92703642299813,135.25005803924313,29.49438649771499,6.912985394683166
2026-02-06,122.49946122605483,50.558164137095844,1.972679356820131,2.8380525122968043,175.01867603981475,156.83926918165753,31.087254124171217,7.045609543397537
2026-02-09,127.02251583431281,52.42492612116175,1.9815561188040762,2.8380525122968043,181.48090061835617,162.6302544817384,31.4742484550137,7.079582173148784
2026-02-10,125.6536986680202,51.85998581632735,1.9788697342173118,2.8380525122968043,179.5252302359125,160.8777220064447,31.327965826208732,7.060912281635251
2026-02-11,134.99738802059466,55.7163275112655,1.997207276789381,2.8380525122968043,192.87484111131994,172.84069225015807,32.10350161488772,7.059280348452493
2026-02-12,125.1775840719792,51.66348307538642,1.977935331183923,2.8380525122968043,178.84499094825918,160.26814001692077,31.432452405915445,6.950222516781205
2026-02-13,128.13343727910052,52.88342731118208,1.983736367795595,2.8380525122968043,183.06810760281945,164.05259630899923,31.557065808700212,6.955118942310755
2026-02-17,127.65733025064429,52.68692769354625,1.982801979614039,2.8380525122968043,182.3878791272028,163.4430240084523,31.540812708172094,6.96634090861966
2026-02-18,131.50590116318673,54.27531573984558,1.9903550274827515,2.8380525122968043,187.88644850062676,168.37045016425452,31.930901293002634,7.001435296814905
2026-02-19,129.403081246933,53.40743670256131,1.9862281191191857,2.8380525122968043,184.88208624458605,165.67815474038107,31.749015847127424,6.982969475196876
2026-02-20,133.13261405098424,54.94669515949403,1.9935475476647606,2.8380525122968043,190.21058228105085,170.45317328758105,32.12285133142984,7.033469888540137
2026-02-23,130.65286787231915,53.92325054133419,1.988680899234645,2.8380525122968043,186.66769410210722,167.2782892960495,31.956444241572765,6.961648552985613
2026-02-24,135.94960207750705,56.10932674653714,1.999076053152493,2.8380525122968043,194.23529806255317,174.05983685125187,32.44250902662988,7.0122491233328015
2026-02-25,142.5556495299115,58.83578470850139,2.012040811699201,2.8380525122968043,203.67355736103656,182.51773245540082,32.98430108980935,7.071420629291166
2026-02-26,129.62128498629951,53.49749408207797,1.9866563568536644,2.8380525122968043,185.19384051018557,165.9575267039181,31.889107605930324,7.032142808238085
2026-02-27,124.52293501595567,51.39329532031087,1.9766505437213249,2.8380525122968043,177.9096740912771,159.42997568142445,31.45257686696755,6.998374874363617
2026-03-02,124.50309280867887,51.38510601431473,1.9766116022168578,2.8380525122968043,177.881324931105,159.40457118366507,31.454126355987523,7.002354237325949
2026-03-03,105.97442905899003,43.73792770249224,1.9401440140128685,2.8380525122968043,151.40886402555682,135.6818376113824,30.26760041488995,6.940633109636332
2026-03-04,112.32258078988957,46.35794654964244,1.9400624129857065,2.8380525122968043,160.4786599260598,143.8095425674985,30.889887960251926,6.989601120819488
2026-03-05,108.71207095916,44.86781143546613,1.9348164275624005,2.8380525122968043,155.32021560248083,139.18691225094676,30.599642212120067,6.950630656572213
2026-03-06,95.00403438620285,39.210209711210766,1.9148989745113585,2.8380525122968043,135.73513018176197,121.63615393331955,29.454912320120744,6.859527845798918
2026-03-09,105.77605239173072,43.65605338236149,1.9305504619981473,2.8380525122968043,151.12543729605596,135.42785076765065,30.5237904729456,6.919617040305775
2026-03-10,108.29547541736461,44.695873489208495,1.9342111240894473,2.8380525122968043,154.72501298330707,138.65353406572393,30.752890455437086,6.908496482963347
2026-03-11,111.27117083176269,45.92400703100029,1.9385347391742946,2.8380525122968043,158.97647879803938,142.46339485556175,31.0392672050709,6.899825390348243
2026-03-12,99.7453078689969,41.167035321403546,1.9217879327872653,2.8380525122968043,142.50913064997627,127.70653057489149,30.04082230390249,6.795051774519994
2026-03-13,100.61818336714124,41.52728982591107,1.9230562002492877,2.8380525122968043,143.75623420866788,128.82409594085584,29.978901793752126,6.756590859030204
2026-03-16,106.51005514169181,43.95899211481136,1.9316169506403305,2.8380525122968043,152.17412916965296,136.36761371623035,30.488962400385343,6.825351772133439
2026-03-17,109.0096435276337,44.99062603896734,1.9352487934690943,2.8380525122968043,155.74536650876868,139.56790220552128,30.718062382876823,6.843306167050158
2026-03-18,107.16471176530011,44.22918299319202,1.932568151236847,2.8380525122968043,153.10945683867172,137.20578774070367,30.469612683843216,6.747817105486073
2026-03-19,108.81125929278964,44.90874859553149,1.9349605458661245,2.8380525122968043,155.4619289672312,139.31390567281255,30.566361266553834,6.731188538908856
2026-03-20,101.45137445073206,41.87116571842633,1.9242668071951943,2.8380525122968043,144.94663944701537,129.8908523113015,29.778439013818826,6.634691647492741
2026-03-23,105.2007494620601,43.41861348135519,1.929714560442818,2.8380525122968043,150.30348464365227,134.69127535626086,30.290819129930117,6.704355851575157
2026-03-24,109.02947816732573,44.99881222165837,1.9352776127316298,2.8380525122968043,155.77370485690412,139.59329701430366,30.5408183179837,6.681850572792439
2026-03-25,113.1557794410651,46.701825565462784,1.941273030927135,2.8380525122968043,161.6690759764439,144.8763086269211,30.88369472822391,6.719086442927929
2026-03-26,97.14653871701015,40.0944673604873,1.9180119826502988,2.8380525122968043,138.79619075814685,124.37925835271172,29.476583908166884,6.599092092408932
2026-03-27,92.46477672087691,38.162203421672714,1.9112094931575225,2.8380525122968043,132.10721614637544,118.38507582646388,28.966525663559608,6.486565072514073
2026-03-30,80.58182970297656,33.25785543719654,1.8938853103339603,2.8380525122968043,115.12969123558149,103.17102747589492,28.0594108575838,6.464877951257196
2026-03-31,95.04371123317162,39.22658519989792,1.8938296929443865,2.8380525122968043,135.73425284445167,121.68695323986127,29.674724816596157,6.652798155859176
2026-04-01,103.67322490789216,42.788171221772096,1.9039292780227066,2.8380525122968043,135.73425284445167,132.73554565480015,30.338033666546394,6.70292360641898
2026-04-02,104.64528873966617,43.189362886344995,1.9050669367298616,2.8380525122968043,135.66638571802946,133.9801044426304,30.365123742110562,6.708959317868216
2026-04-06,108.73191316643674,44.87600074146224,1.9098497336100861,2.8380525122968043,140.96445094814453,139.2123167487061,30.648403875730367,6.740671529237053
2026-04-07,112.18371560929106,46.30063390088987,1.9138895640987132,2.8380525122968043,145.43950727676452,143.63174983909084,30.951806108376342,6.743637428515884
2026-04-08,133.90629364791408,55.26600938063104,1.9393126682609092,2.8380525122968043,173.60153622686235,171.44373554270243,32.73352951927173,6.915395422590189
2026-04-09,142.79371061172432,58.93403764062439,1.9497140914622475,2.8380525122968043,185.12354311671677,182.82252829465122,33.30550591200342,6.955290461179978
2026-04-10,151.54224725976655,62.544747005254976,1.9599529755428804,2.8380525122968043,196.46549994684517,194.02350894023834,33.814017029616664,6.950687620868193
2026-04-13,159.81467687935256,65.95895675224973,1.969634645900756,2.8380525122968043,207.19021236450607,204.61491728527855,34.314013043697884,7.018612848969901
2026-04-14,169.23771235827985,69.8480463012571,1.9806629323260088,2.8380525122968043,219.40661676565566,216.67947645309835,34.984287508160165,7.10413378471801
2026-04-15,170.5271833982196,70.38023875202225,1.9821720698005862,2.8380525122968043,221.07833918702428,218.33042000428554,35.061686374328666,7.160192285798023
2026-04-16,175.30814129556725,72.35344297420731,1.9877674825735654,2.8380525122968043,227.27656641746208,224.45160564137626,35.20100338862159,7.177787367463149
2026-04-17,187.8258951622143,77.51978940776287,2.0024176847670008,2.8380525122968043,243.50508893241948,240.4784138296821,35.925458004212196,7.2645358524906545
2026-04-20,190.32548354815611,78.55142333191883,2.005343087810112,2.8380525122968043,246.7456564361044,243.67870231897294,35.90997728616812,7.250008705052111
2026-04-21,194.5906348673244,80.31174307786557,2.010334824337054,2.8380525122968043,252.27517115177946,249.13948728204394,35.96415743729645,7.2025436749091565
2026-04-22,209.56830784052926,86.49335107019505,2.027864002477332,2.8380525122968043,271.6928323118188,268.31579434207595,36.90610031583252,7.275481761057481
2026-04-23,223.7127745949738,92.33107692339905,2.044418034460902,2.8380525122968043,290.0302912227324,286.4253256537083,37.29464413569497,7.247247501650058
2026-04-24,254.56083824680468,105.06273671856168,2.08052118639932,2.8380525122968043,330.02296889076445,325.9209096374961,39.197881971335185,7.3034086636590985
2026-04-27,244.7807035775733,101.02626464806467,2.069074967540118,2.8380525122968043,317.3436066529566,313.3991470218235,39.183950742311076,7.315990887277607
2026-04-28,217.34478822438223,89.70287189355783,2.0369652367075624,2.8380525122968043,281.7745760767876,278.27222588880977,38.019096389259644,7.280391332193798
2026-04-29,234.02852777932222,96.58861028291008,2.0564911165440183,2.8380525122968043,303.4040509718354,299.6328546852518,38.666924521165804,7.279266443843427
2026-04-30,251.90254247298756,103.96560083965703,2.0774100395441213,2.8380525122968043,326.5766467089749,322.5174239220382,39.21955355938132,7.351692477309169
2026-05-01,258.68710925020497,106.76573756914567,2.0853503838055576,2.8380525122968043,335.37243354671347,331.2038824942054,39.45949051690884,7.372050014338896
2026-05-04,253.03330612505204,104.4322913356735,2.0787334332066116,2.8380525122968043,328.042614452239,323.9651702470584,39.22497204689933,7.345043304210871
2026-05-05,285.98417455796715,118.0318239215102,2.1172976109444175,2.8380525122968043,370.7614533068487,366.15303027676566,40.45561354657323,7.403966921584512
2026-05-06,329.0127350934178,135.7906369347349,2.1676562550472087,2.8380525122968043,426.5454198934045,421.24362349876594,42.550801420640646,7.506877617139693
2026-05-07,301.735527128102,124.53274613497673,2.1357322680267408,2.8380525122968043,391.18214399533997,386.3198995919192,41.80312572798392,7.4838609116556665
2026-05-08,351.01303592565296,144.87063458867604,2.1934043931670533,2.8380525122968043,455.0674999083392,449.4111849702157,43.849551938441024,7.545648393360386
2026-05-11,377.75461024068215,155.90745785280996,2.224701499250102,2.8380525122968043,489.7363586732625,483.6491230832374,44.60574037260384,7.562834083271954
2026-05-12,342.2446570703339,141.25173591804932,2.183142286681533,2.8380525122968043,443.69981883798624,438.18479982686915,43.440113637068364,7.551376748003817
2026-05-13,365.49475966312485,150.84755365737357,2.2103531351796857,2.8380525122968043,473.8421924156865,467.95251523194145,44.30775662747588,7.593625476185925
2026-05-14,369.36315764777447,152.4441247630588,2.2148805298899137,2.8380525122968043,478.8573400579462,472.90532650754886,44.76286233847079,7.653571946962184
2026-05-15,325.6997675608228,134.42330393083935,2.1637789105387726,2.8380525122968043,422.25035475897226,417.0019443808806,43.060087282763874,7.561504499044804
2026-05-18,301.0411860899401,124.24617664460378,2.1349196432772337,2.8380525122968043,390.2819721840942,385.430916571927,42.27216266800292,7.556184910173656
2026-05-19,301.318916451137,124.36080194210885,2.1352446860916348,2.8380525122968043,390.64203305985404,385.7865020287422,42.10188894167374,7.505854763737074
2026-05-20,343.59362446176493,141.8084837935824,2.1847210559437626,2.8380525122968043,445.4486747363364,439.91191811542626,43.70404169212009,7.5827822285481234
2026-05-21,353.8895354388366,146.05782784709731,2.1967709156219914,2.8380525122968043,458.7967102452148,453.09404264921045,43.95326849768963,7.597819550725427
2026-05-22,378.032340601879,156.02208315031496,2.225026542064503,2.8380525122968043,490.09641954902224,484.0047085400523,44.60651511711381,7.6276907511658045
2026-05-26,447.9214984256806,184.86684277043,2.3068215912526564,2.8380525122968043,580.7035510981568,573.4856281057226,46.6049544084706,7.678328254408192
2026-05-27,432.42804914463545,178.4723627950826,2.2886887722933515,2.8380525122968043,560.6172166670468,553.6489591275789,46.09102480333933,7.676998044199768
2026-05-28,445.6203169773372,183.91709565962523,2.304128394544911,2.8380525122968043,577.7202063748716,570.5393652160716,46.426163216583454,7.719348807329627
2026-05-29,445.0449989124971,183.67964951200872,2.3034550687977178,2.8380525122968043,576.9743407612813,569.8027704267278,46.35650234741105,7.738580830027709
2026-06-01,450.3814175322385,185.8821043292039,2.309700567199498,2.8380525122968043,583.8926897432387,576.6351269774487,47.04380465691145,7.75965386365425
2026-06-02,528.324816371429,218.05102256340723,2.400921928859292,2.8380525122968043,684.9416651767941,676.4281023025761,48.932338881043506,7.770191006448794
2026-06-03,556.5344113215501,229.69372953905113,2.4339371386338935,2.8380525122968043,721.5137252814152,712.5455856907114,49.37273861850433,7.715666159491435
2026-06-04,521.1434811245235,215.08713094704692,2.3925172250676376,2.8380525122968043,675.6314916437943,667.2336506649915,48.570112754261174,7.744821237353724
2026-06-05,362.1222806438691,149.45565898209978,2.206406141170092,2.8380525122968043,469.13215843660464,463.63464199873187,44.09336025649254,7.544932270782298
2026-06-08,419.45403045680905,173.11770604988737,2.2735045787820454,2.8380525122968043,469.13215843660464,537.0379831364855,46.29690370876471,7.56201529976484
2026-06-09,400.09215292077516,165.12664247563433,2.250844329685503,2.8380525122968043,469.13215843660464,512.2484641268262,45.7435046500911,7.539817377787928
2026-06-10,358.3729056325411,147.90821121917094,2.202018045462177,2.8380525122968043,469.13215843660464,458.83421895377256,44.187784605673194,7.420947915619302
2026-06-11,444.3506881446743,183.3930925148562,2.30264247947522,2.8380525122968043,469.13215843660464,568.9138261626437,47.17073993120024,7.5470806385165625
2026-06-12,465.5574520375331,192.1455803950539,2.3274618985346267,2.8380525122968043,469.13215843660464,596.0654015032584,47.98420277047943,7.587897121542492
2026-06-15,540.5846669489864,223.11092675884365,2.4152702929297085,2.8380525122968043,469.13215843660464,692.124710153872,50.08480440801298,7.72170187094067
2026-06-16,448.71503536505696,185.19435254417343,2.307750310313093,2.8380525122968043,469.13215843660464,574.5016142365574,47.67770155979351,7.675668459972617
2026-06-17,463.9307542849052,191.4742072220157,2.3255580864579963,2.8380525122968043,469.13215843660464,593.982697757886,48.294568255611516,7.579815703288018
2026-06-18,554.054665142885,228.6702849208913,2.4310349579956685,2.8380525122968043,469.13215843660464,709.3707016991798,51.073964185191265,7.65862298986655
2026-06-22,596.6665847310317,246.25714124802772,2.480905984736344,2.8380525122968043,469.13215843660464,763.9278586020952,51.772873490185795,7.634521458833724
2026-06-23,459.09028490089673,189.47644132845244,2.3198930241838607,2.8380525122968043,469.13215843660464,587.7853180054711,48.14596375530253,7.52365328931643
2026-06-24,455.4202787186759,187.96175078950816,2.3155978180954944,2.8380525122968043,469.13215843660464,583.0865129515494,47.90370492627099,7.520165947635897
2026-06-25,501.1269469648814,206.82587649441325,2.369090796031362,2.8380525122968043,468.8975923573864,641.6059576308589,49.293790263315856,7.531037364431054
2026-06-26,427.7066330042878,176.5237327374962,2.2831630444485382,2.8380525122968043,399.96476552595436,547.6040063617204,47.337919403541356,7.476577619526248
2026-06-29,469.20766141798583,193.6521003678327,2.3317339353586206,2.8380525122968043,399.96476552595436,600.738860193283,48.91453392946947,7.599753206882522
2026-06-30,529.0984656980199,218.37032429132384,2.4018273723743273,2.8380525122968043,399.96476552595436,677.4186258017896,50.76514346502727,7.658930972653631
2026-07-01,431.57503098893756,178.12030384318146,2.2876904391587662,2.8380525122968043,399.96476552595436,552.556817637328,48.02290220356369,7.648572234522334
2026-07-02,359.9996336555081,148.57959688542957,2.203921892965816,2.8380525122968043,399.96476552595436,460.91696145505307,45.8425727422798,7.638521479178116
2026-07-06,386.14606283358995,159.37079094256106,2.2345224686102894,2.8380525122968043,399.96476552595436,494.3929196589256,46.77213388081174,7.705185980992875
2026-07-07,327.8819563061838,135.32394019210813,2.1663328436712126,2.8380525122968043,399.96476552595436,419.79585779579145,45.00357167848236,7.6685717102630155
2026-07-08,346.8073960931455,143.1348765141074,2.1884823061412666,2.8380525122968043,399.7647831431914,444.0265941224685,45.89752763791811,7.644880196965022
2026-07-09,381.7817156132071,157.56953091324377,2.229414637772417,2.8380525122968043,440.0796709340013,488.8051315850116,47.03761142488345,7.709596019072098
2026-07-10,381.4047893507958,157.41396533236824,2.2289735006470854,2.8380525122968043,439.6451881425404,488.3225430173536,47.293031462481004,7.742825609050451
2026-07-13,328.0604907661662,135.3976252062427,2.166541792174683,2.8380525122968043,378.1552309044814,420.02444014176376,45.32632362767046,7.683545182350315
2026-07-14,350.457575203259,144.64138399366576,2.192754307538251,2.8380525122968043,403.97234352635127,448.70001405658496,46.463313160647736,7.7108266982578675
2026-07-15,328.4175899564703,135.54500772773235,2.1669597246086325,2.8380525122968043,378.5668590357747,420.48164358961645,45.72492967805896,7.741389608006626
2026-07-16,282.6513799532649,116.65630785822866,2.1132316606706243,2.8380525122968043,325.8121622694367,361.8859660390748,44.033761617846196,7.699441976817579
2026-07-17,268.74497428063324,110.91683493714767,2.113185326659581,2.8380525122968043,309.78225255399417,344.0812305666929,43.074793256297966,7.623239398322461
2026-07-20,271.4032549192808,112.0139645694421,2.1141019488572454,2.8380525122968043,312.8464518617773,347.48469690419677,43.252809703675126,7.610932606464756
2026-07-21,314.5111540134995,129.8055223134309,2.128966315181094,2.8380525122968043,362.53691442772123,402.6768693613265,45.207131074429654,7.674417749386062
2026-07-22,319.3714807399543,131.81148375960052,2.1306422418310498,2.8380525122968043,368.1394116111562,408.89967298945476,45.42616646436914,7.665494386317314
2026-07-23,312.4480185117993,128.9540218881389,2.1282549095566634,2.8380525122968043,360.15873874368634,400.03538293297186,44.90449886224178,7.570830994054364
2026-07-24,271.40325491928076,112.01396456944208,2.1141019488572454,2.8380525122968043,312.8464518617774,347.4846969041968,43.43546989406033,7.578523051956067
2026-07-27,254.22356612860776,104.92353725645786,2.108178088198758,2.8380525122968043,293.0434296620249,325.4890913094485,42.45714709191809,7.580164374857944
2026-07-28,217.30511894499813,89.68649952817567,2.0954479544048237,2.8380525122968043,250.4875464871021,278.2214362712449,40.99043763321471,7.598317205838695
2026-07-29,182.48947654247263,75.31733459056753,2.0834114421045613,2.8380525122968043,210.23032198961127,233.64605727896065,39.026056393960076,7.481398301321575
2026-07-30,227.58118771479297,93.92765427569444,2.083368685212809,2.8380525122968043,210.23032198961127,291.3781563072697,41.710250867823234,7.606829925191337
2026-07-31,227.58118771479297,93.92765427569444,2.083368685212809,2.8380525122968043,210.23032198961127,291.3781563072697,41.836411397602035,7.661597652883223
2026-08-03,231.5289393933803,95.55697635875403,2.084852055546557,2.8380525122968043,210.12520682861648,296.43256619596076,42.2179872409265,7.770721838569613
2026-08-04,277.5331802080595,114.54391666716029,2.102138179803371,2.8380525122968043,251.77151509704717,355.3330008298448,44.559302942523495,7.910820203702143
2026-08-05,262.00007678279985,108.13307057304108,2.0963016058017563,2.8380525122968043,251.77151509704717,335.4455616120905,44.094135001002535,7.895025444182631
2026-08-06,262.5158530906401,108.34594255605896,2.0964954090944126,2.8380525122968043,251.64562933949867,336.1059235302021,44.23190252627547,7.882410669537846
2026-08-07,278.22752124622133,114.83048615753322,2.1023990789128817,2.8380525122968043,266.70671069681947,356.2219838498369,45.10032026119298,7.930614357584773
2026-08-10,257.8936025811677,106.43824028862258,2.09475859537381,2.8380525122968043,247.21477640346902,330.1879351192784,44.07168630642045,7.928255660142258
2026-08-11,263.8449934099639,108.89450737220616,2.096994834458416,2.8380525122968043,252.91973278201058,337.807656698954,44.34413182703017,7.902922823942387
2026-08-12,282.0165806721029,116.39431253245434,2.1038228205265317,2.8380525122968043,270.33887322188235,361.073215890315,45.26518022405603,7.922716977825018
2026-08-13,288.36472483541775,119.01432825629944,2.1062081399419585,2.8380525122968043,276.42415422227833,369.20091115745413,45.5972196592602,7.977997384180762
2026-08-14,287.55136082393426,118.6786354231701,2.1059025178706117,2.8380525122968043,275.64446988648626,368.15953990681385,45.49660207805153,7.962203250642524
2026-08-17,300.6047483408679,124.06604939234991,2.1108073369610736,2.8380525122968043,288.1573443587832,384.87213388894475,45.98034499160463,7.924562996603673
2026-08-18,256.1081974406646,105.70136516083568,2.0940877281980677,2.8380525122968043,245.50330109667001,327.90203414773896,44.099553488520556,7.871026574078833
2026-08-19,239.5236386517694,98.85656080824367,2.0878560691402837,2.8380525122968043,229.60547365267007,306.6683890841857,43.41457068849823,7.887538708138982
2026-08-20,242.4398225795067,100.06013267865728,2.0889518272016687,2.8380525122968043,232.40090459950818,310.4020557586995,43.548473939325014,7.821284224059055
2026-08-21,239.24590829057254,98.7419355107386,2.087751711771299,2.8380525122968043,229.33924351568118,306.31280362737056,43.37587125541398,7.853283134851637
2026-08-24,220.5188754412092,91.0128860020905,2.0806735865947927,2.8380525122968043,211.3876573102859,282.33609290033326,42.32169907612322,7.830206961146528
2026-08-25,229.46578875651076,94.70546968685183,2.0805898620322667,2.8380525122968043,219.964097953273,293.79106038965216,43.019838360659655,7.85523181455932
2026-08-26,231.3107205188443,95.46691273262714,2.0819361725697023,2.8380525122968043,221.73263501095903,296.15317485446974,43.01596936216161,7.856975798390224
2026-08-27,244.1062198818578,100.747890710298,2.091273491150194,2.8380525122968043,233.99829992989604,312.5355878775448,44.349550314548196,7.908460880278356
2026-08-28,220.87594436117422,91.1602560303597,2.074321555387827,2.8380525122968043,211.72994076488223,282.79325759227794,42.81008573268436,7.890512745174383
2026-08-31,223.75245900952743,92.34745553539123,2.076420647647623,2.8380525122968043,214.4873450529166,286.47613464922694,43.08253125329407,7.866923892805415
